mu_true,sigma_true,replicate,arm,n_particles,rejuvenate,kl_threshold,overlap,ess,max_weight,n_resamples,n_invalid,q0.5_p_covered,q0.5_r_covered,q0.5_cov_diff,q0.5_rank_diff,q0.5_shift_in_ref_sd,q0.5_sd_ratio,q0.95_p_covered,q0.95_r_covered,q0.95_cov_diff,q0.95_rank_diff,q0.95_shift_in_ref_sd,q0.95_sd_ratio,q0.99_p_covered,q0.99_r_covered,q0.99_cov_diff,q0.99_rank_diff,q0.99_shift_in_ref_sd,q0.99_sd_ratio
30.0,0.3,0,N=10k rejuv,10000,True,0.1,True,380.94807407873384,0.04039872014993492,5,6960,True,True,0,0.039361637471926336,-0.03291825704525489,0.9822011357030151,True,True,0,0.012149256412528148,-0.025332054654515677,1.0038967852485046,True,True,0,0.015235565966952289,-0.021879033287024254,1.0020245827156609
30.0,0.3,0,N=40k rejuv,40000,True,0.1,True,316.985035114426,0.054263156705816475,5,31184,True,True,0,-0.03254566896429012,0.01783424635001905,0.9815783077197802,True,True,0,0.015320618249789142,-0.005578282008677449,0.9933729766711921,True,True,0,0.01347102902115671,-0.008129355537401432,0.9964103639219369
30.0,0.3,0,N=160k rejuv,160000,True,0.1,True,7560.642388588809,0.004826363338044998,5,124212,True,True,0,-0.007829904629091222,0.018112701161210474,1.0264847820933942,True,True,0,-0.04125657565395318,0.07532728213900147,0.9773810855902278,False,True,-1,-0.04671246750524544,0.07559096329749544,0.9775084383848577
30.0,0.3,0,N=10k no-rejuv,10000,False,inf,True,53.93708066760757,0.05150022409957449,0,0,True,True,0,0.0218099687470652,0.061230331553750336,1.0218632002538222,True,True,0,-0.011771829692275318,-0.023789513899355387,0.9440750755932946,True,True,0,0.000438916181501825,-0.03271156855975634,0.950891062939389
30.0,0.3,0,N=10k rejuv KL=0.02,10000,True,0.02,True,1632.1209214337955,0.013592673463936132,16,16881,True,True,0,-0.00991505674196791,0.015557540664105963,1.009563674757192,True,True,0,-0.03136368288181149,0.0546766163357873,0.9948330811684922,True,True,0,-0.04166110864835645,0.05454979572828267,0.9979483326284572
30.0,0.3,1,N=10k rejuv,10000,True,0.1,True,8830.661953480607,0.0012329900036998852,6,6331,True,True,0,-0.00762193645473197,0.0030339411605471247,0.9922432488413645,False,False,0,-0.0003721161189765799,0.007990585043859886,1.0183412964255054,False,False,0,-0.0008420525619734078,0.008029078537417392,1.019241692692248
30.0,0.3,1,N=40k rejuv,40000,True,0.1,True,33090.06388075321,0.0012603896421956278,6,26157,True,True,0,0.0007380988766483298,-0.0057919987102646115,1.001687100770969,False,False,0,0.0013239208714523809,0.002180984502610983,1.009933559018646,False,False,0,0.001083062814300362,0.002985566416750792,1.0099656274179236
30.0,0.3,1,N=160k rejuv,160000,True,0.1,True,128460.36296395768,0.0007128687616422705,6,105350,True,True,0,-0.001603229035355369,-0.002860575458814024,1.0005201952111922,False,False,0,-0.0002007501543938692,-0.0016127093624341844,0.9973319458232819,False,False,0,-0.00028871435129930434,-0.00135080291348959,0.9976636018058521
30.0,0.3,1,N=10k no-rejuv,10000,False,inf,True,103.91552713448372,0.022886575681944746,0,0,True,True,0,-0.005176731727363548,0.022338039897094597,0.99872005509446,False,False,0,-0.00010734407293923158,-0.023904363464920073,0.9800165501787843,False,False,0,1.6855001584272183e-05,-0.027787637283636313,0.9799453525863729
30.0,0.3,1,N=10k rejuv KL=0.02,10000,True,0.02,True,8519.438916911282,0.0023372134157415773,17,15545,True,True,0,0.001591580269090176,-0.0062007877196388166,0.9967118145242642,False,False,0,0.0023041311061534108,0.0017792813463222339,0.9964899685952011,False,False,0,0.0014951608537681696,0.002612667086482995,0.9969130338423888
30.0,0.3,2,N=10k rejuv,10000,True,0.1,True,2.589301511341377,0.617367068347535,4,5844,True,True,0,-0.40897514320100226,0.35823627315727624,0.7959989645442632,True,True,0,-0.26198103854719035,0.15718523984278443,0.6491261447863848,False,True,-1,-0.22044351763704423,0.11487212080086943,0.6496104932875402
30.0,0.3,2,N=40k rejuv,40000,True,0.1,True,3506.6696871922554,0.014730489372595067,5,25093,True,True,0,0.015737875926855938,-0.04384812205165754,1.0074753090678787,True,True,0,-0.030659512669555522,0.05651387152743736,1.0001648439781,True,True,0,-0.039568173286019054,0.0654618143226824,0.9937378508463653
30.0,0.3,2,N=160k rejuv,160000,True,0.1,True,30290.84793096064,0.00325611719467671,5,104047,True,True,0,0.017407360768218583,-0.020735725777933138,1.0001496209303513,True,True,0,-0.011413483642701339,0.021362983695682857,1.013164451572816,True,True,0,-0.014289791484784903,0.025327671770206846,1.0092330435349464
30.0,0.3,2,N=10k no-rejuv,10000,False,inf,True,42.84374136214316,0.05059051586147658,0,0,True,True,0,-0.055187493495282625,0.21744731830289205,0.878627125407284,True,True,0,0.046391964801732466,-0.11440285944280228,0.8778172201367085,True,True,0,0.049861971428739965,-0.15052513351056218,0.8932948853797984
30.0,0.3,2,N=10k rejuv KL=0.02,10000,True,0.02,True,3822.511278853704,0.007030580411249484,16,17468,True,True,0,0.010969875198957646,0.0005628088290925263,0.9966896178089629,True,True,0,-0.01718008431142931,0.036858590037298244,0.9916812827942189,True,True,0,-0.018627576854575945,0.03861358550333346,0.9901519673174624
30.0,0.3,3,N=10k rejuv,10000,True,0.1,False,3.7277355750731522,0.5122469574173193,4,7130,True,True,0,0.1409143761148678,-0.02504502921996294,0.8752764611821017,False,True,-1,-0.26883659310242713,0.41190354192709483,0.7876522004612755,False,True,-1,-0.2344553732570023,0.45416749999570116,0.7830981424765632
30.0,0.3,3,N=40k rejuv,40000,True,0.1,False,159.5641481062825,0.040363984500903984,4,30079,True,True,0,-0.104906872768597,0.13155778851509642,1.1483481599310228,False,True,-1,-0.28435761429664835,0.8317194031560082,0.9334166948445335,False,True,-1,-0.2343044443528046,0.8872703265521584,0.9124747748535671
30.0,0.3,3,N=160k rejuv,160000,True,0.1,False,56.37052779033141,0.11706707483285658,4,124778,True,True,0,0.004707136633643527,-0.054071589598482385,1.1253646229072838,True,True,0,-0.200062686217437,0.4388154436467551,0.9877592923555947,True,True,0,-0.17815443288913368,0.4883206583144172,0.9627907807567935
30.0,0.3,3,N=10k no-rejuv,10000,False,inf,False,65.63456345065825,0.03772229199807895,0,0,True,True,0,-0.0555303655860826,0.05610054824514317,1.0074203792843703,True,True,0,-0.09916219597993614,0.03100623757778931,1.0119767731556664,True,True,0,-0.07609911266252817,0.024703567400604053,1.0043062858503848
30.0,0.3,3,N=10k rejuv KL=0.02,10000,True,0.02,False,235.44836431304245,0.039423930860131996,13,15104,True,True,0,-0.0632911890642569,0.13061507964533053,0.9963737944953149,True,True,0,-0.17098784391756805,0.2967729702531365,0.9029556307224295,True,True,0,-0.16866789029070964,0.3029091235144498,0.9018455247442212
30.0,0.3,4,N=10k rejuv,10000,True,0.1,False,9.314952426937028,0.231388491021156,3,6427,True,True,0,-0.0255788964121971,0.1887121049483873,0.8890265521414482,False,True,-1,-0.11542401641794599,1.6998163079468387,0.9025299044738132,False,True,-1,-0.1424404306767937,1.86085608659705,0.9142166536333707
30.0,0.3,4,N=40k rejuv,40000,True,0.1,False,8.250101794580823,0.3166435070729942,3,26151,True,True,0,-0.05836418116287313,0.49480116042425165,1.1781394771746543,False,True,-1,-0.11542315100293864,1.429796222113057,0.8642315872817444,False,True,-1,-0.14244043067038656,1.4969111504629622,0.8506855315049541
30.0,0.3,4,N=160k rejuv,160000,True,0.1,False,13.890006823302251,0.1815738348086599,3,103172,True,True,0,-0.04402683348095907,0.4077100964570074,0.9644526919696392,False,True,-1,-0.1136287963502894,1.0887730636406419,0.7712766649816101,False,True,-1,-0.1424404191186268,1.133591350932016,0.7720558994544003
30.0,0.3,4,N=10k no-rejuv,10000,False,inf,False,12.586209718860145,0.16119894910036642,0,0,True,True,0,-0.045038308340022745,0.15958260160784601,0.98997052872487,True,True,0,-0.011900284987866674,0.03449332186773026,1.0350510684471999,True,True,0,-0.03901544008268154,0.006086862221529338,1.0825338208041237
30.0,0.3,4,N=10k rejuv KL=0.02,10000,True,0.02,False,675.7225683962969,0.019313012824663522,16,15989,True,True,0,-0.01604708691154813,-0.03643154786494952,0.957152659100713,True,True,0,-0.018425460898599602,0.046543658586879345,0.9750656766407573,True,True,0,-0.031459676687978264,0.05941281066249676,0.9717286032016816
30.0,0.3,5,N=10k rejuv,10000,True,0.1,True,5517.019961968694,0.003974840373573495,5,7182,True,True,0,-0.0035091648601748293,0.0011201372115381804,0.9854826107990303,True,False,1,0.004967950620199668,-0.019486495201355866,1.0012894995616861,False,False,0,0.005910008038561385,-0.02045335277952626,1.0037999339931551
30.0,0.3,5,N=40k rejuv,40000,True,0.1,True,14757.475071495937,0.0016450498389575488,5,26462,True,True,0,-0.0004445303008152601,-0.0018296300943847516,0.9939213953829682,False,False,0,-0.0016212470502329525,0.0021018764982939013,0.9889332097644034,False,False,0,-0.0027735102592616745,0.0024334315355588904,0.9884635723201697
30.0,0.3,5,N=160k rejuv,160000,True,0.1,True,34280.581617179385,0.002139285549312829,5,103159,True,True,0,-0.00016782436618395513,-0.000828798115502857,0.9988924971930692,False,False,0,-0.002837756241318278,0.0005245491374201069,1.0016808851121035,False,False,0,-0.0014029832975660378,0.0006567931715347427,1.0021184514607338
30.0,0.3,5,N=10k no-rejuv,10000,False,inf,True,43.66915933222873,0.0580598532553025,0,0,True,True,0,0.050624660051577175,-0.010996423471784512,1.100615602828252,True,False,1,0.0021792797874486125,0.025535626462658022,1.0763608682894015,False,False,0,-0.00796755021700754,0.028069894607108157,1.0740806911524454
30.0,0.3,5,N=10k rejuv KL=0.02,10000,True,0.02,True,6278.803161545832,0.001855734353186939,20,18481,True,True,0,0.0007288882717034761,-0.002372336818303796,1.0017731698503973,False,False,0,-0.00010118839552458389,0.02284760710897045,1.0026201140564963,False,False,0,-0.002643116604932532,0.024122075446565982,0.9996699663350294
30.0,0.3,6,N=10k rejuv,10000,True,0.1,True,1476.9294567817076,0.021700326233623755,5,6484,True,True,0,0.017416402631877936,-0.04846177084601418,1.0108872252747714,True,True,0,-0.033829051929072707,0.04458760430159457,0.9887190867259159,True,True,0,-0.036351594897586104,0.05319590070061515,0.9805474440776579
30.0,0.3,6,N=40k rejuv,40000,True,0.1,True,64.49304856758248,0.11210570578749578,4,24895,True,True,0,0.018860583700024303,-0.13343835044171604,0.992374165353709,True,True,0,-0.07146215460767247,0.14523167949663826,1.007443122482805,True,True,0,-0.07429816751426144,0.16957664903384573,0.9889853291001969
30.0,0.3,6,N=160k rejuv,160000,True,0.1,True,17.21460756425945,0.24005115003474975,4,107484,True,True,0,0.042541196342187004,-0.017420405840882874,0.8888188946737855,True,True,0,0.09711134734302185,-0.13934615751385965,0.9784563390753446,True,True,0,0.10996408833382193,-0.14069441256059015,0.9808997123911206
30.0,0.3,6,N=10k no-rejuv,10000,False,inf,True,49.69936572773458,0.05339745290181003,0,0,True,True,0,0.048182594710667104,-0.03784670506971007,0.9391326331241499,True,True,0,0.08327456800370814,-0.08739241551433988,0.9384941757671118,True,True,0,-0.05129277001713892,-0.08416416893478122,0.9486067497786943
30.0,0.3,6,N=10k rejuv KL=0.02,10000,True,0.02,True,1734.0502149654255,0.018342978327761373,15,16353,True,True,0,0.01617129581371035,-0.029035644790887855,1.0014825867673696,True,True,0,-0.02698877735320948,0.03741942589588226,0.9881211608831242,True,True,0,-0.026518985844167703,0.042883137090748674,0.9830464650779772
30.0,0.3,7,N=10k rejuv,10000,True,0.1,True,2.150543439444002,0.6744364262659374,4,7007,True,True,0,-0.2792053731805533,0.5023968168657592,0.5726295225927137,False,True,-1,-0.18498478601821663,0.10800340609076602,0.6059007957938056,False,True,-1,-0.180775000982838,0.03933310519171933,0.6395104029508173
30.0,0.3,7,N=40k rejuv,40000,True,0.1,True,163.47073298310008,0.06153948401944277,4,26601,True,True,0,-0.020163812278597426,0.13342938923395195,1.1158575518690583,False,True,-1,-0.16885813403982428,0.5728901326957754,0.9322301209535663,False,True,-1,-0.18063868790106263,0.5984475628132697,0.9174609195683535
30.0,0.3,7,N=160k rejuv,160000,True,0.1,True,10.838459995350133,0.29722648399240015,4,110731,True,True,0,-0.1504755104923471,0.0970425634201914,0.904699278247537,True,True,0,-0.1587344225604913,0.17237359265617758,0.8778379760565175,False,True,-1,-0.16141165637944666,0.1713022840745126,0.8820691008014544
30.0,0.3,7,N=10k no-rejuv,10000,False,inf,True,29.264700014036972,0.0822461274685245,0,0,True,True,0,-0.014189825889650676,-0.06412720331026585,0.9699752144051457,True,True,0,0.08279000178230334,-0.16549750823280657,0.9917039061162674,True,True,0,0.07245512240531538,-0.1689413383253055,0.9938610787118052
30.0,0.3,7,N=10k rejuv KL=0.02,10000,True,0.02,True,2118.303718928628,0.00935628721159427,17,19094,True,True,0,-0.01777194865643672,0.03432694722035698,0.9873928720700889,True,True,0,-0.014419532599663831,0.007088737686028707,0.9862042692209996,True,True,0,-0.011540921550288546,0.0023733481456909796,0.9896424435621062
30.0,0.3,8,N=10k rejuv,10000,True,0.1,False,9.559145336823745,0.26077144681825065,4,7708,True,True,0,-0.06842195451647426,0.040950475621582216,1.0020165775843377,False,True,-1,-0.16188299788989113,0.9877052710289457,0.8932673296140542,False,True,-1,-0.1556104326886851,1.0851498999080933,0.8697393699626238
30.0,0.3,8,N=40k rejuv,40000,True,0.1,False,5.0876743342085655,0.4115106999778973,4,34007,True,True,0,-0.015304452360265064,0.12200863788910203,1.0129055265018343,False,True,-1,-0.15588661392609476,0.4202351580283958,0.8077223198096435,False,True,-1,-0.15516935196787596,0.4364563413034659,0.7650761552336875
30.0,0.3,8,N=160k rejuv,160000,True,0.1,False,39.81296750029645,0.14814945748444136,4,142793,True,True,0,0.028831440775675787,-0.22996961734378887,0.8693396826633802,True,True,0,-0.11595838816069665,0.2654677004863061,0.9583207754759452,False,True,-1,-0.1496426202203159,0.34980953098516726,0.9428262072317164
30.0,0.3,8,N=10k no-rejuv,10000,False,inf,False,31.533167822374804,0.06750423679275062,0,0,True,True,0,-0.00897762475069419,-0.1113428920615261,0.8929298948393954,True,True,0,-0.03518799500620151,-0.18147767368625373,0.907506765051532,True,True,0,-0.03609943801874227,-0.17432866060623892,0.9100067441779374
30.0,0.3,8,N=10k rejuv KL=0.02,10000,True,0.02,False,273.0101332544737,0.05534291747900672,13,15878,True,True,0,0.026395653607238723,-0.04005151172340634,1.0177367715356274,True,True,0,-0.007843731450243724,0.045295028062026114,0.9897714640059185,True,True,0,-0.01399069859627039,0.0598819866590184,0.9771602931082048
30.0,0.3,9,N=10k rejuv,10000,True,0.1,False,2.800938136293187,0.5148589377114782,4,6982,True,True,0,0.19356654575101473,-0.1974300761956096,0.8140601291693729,False,True,-1,-0.5625324758555755,0.7447591242800538,0.8152879530257611,False,True,-1,-0.5228274015658245,0.8699570043149939,0.8010208098950553
30.0,0.3,9,N=40k rejuv,40000,True,0.1,False,43.428825469339365,0.10300014628889793,4,33730,True,True,0,-0.06931308792484336,0.15439217675595485,0.9752949779111115,True,True,0,-0.3100742234968137,0.6450116164429164,0.862379606066182,True,True,0,-0.35280532330931313,0.6925709632944947,0.8539900136843483
30.0,0.3,9,N=160k rejuv,160000,True,0.1,False,133.38374538320036,0.045224993405921794,4,135688,True,True,0,0.02129310368470516,-0.015438503554398582,0.994606938283961,True,True,0,-0.3287289250933193,0.8347216157495988,0.9496771039001612,True,True,0,-0.4525907975523925,0.9365351436515469,0.9345739646522809
30.0,0.3,9,N=10k no-rejuv,10000,False,inf,False,22.05854136717378,0.10525138734574765,0,0,True,True,0,0.00690338138536517,-0.06404362845204206,1.0107985797881849,True,True,0,-0.045771245784611225,-0.02943227452003922,0.9855120631447782,True,True,0,-0.006873873534391062,-0.020939418651839316,0.9781269199913102
30.0,0.3,9,N=10k rejuv KL=0.02,10000,True,0.02,False,911.0543214883418,0.02734070616618891,17,21133,True,True,0,0.006128596391169916,0.004742794176431966,0.9708579673959504,True,True,0,-0.01807161644411004,0.048719020685238645,0.971774409462706,True,True,0,-0.021701222171765622,0.053605600043176285,0.9705865226999987
30.0,0.3,10,N=10k rejuv,10000,True,0.1,True,36.06769012801761,0.14218461076971067,5,7637,True,True,0,0.04580662537208058,-0.20943734916546813,0.9464281629382496,True,True,0,-0.17462331372072099,0.24475097189284198,1.0120551824740847,True,True,0,-0.17706094492473406,0.2919265595282698,0.9953529620052848
30.0,0.3,10,N=40k rejuv,40000,True,0.1,True,178.93541104118415,0.06461746275010705,6,34695,True,True,0,0.024126089768897963,-0.08277249342798461,1.001036903523442,True,True,0,-0.017236171270070766,0.11808270950496565,1.0127956274063012,True,True,0,-0.04467514842832468,0.1379025423686667,1.00099174729599
30.0,0.3,10,N=160k rejuv,160000,True,0.1,True,56.45845748950175,0.130917270009804,5,135163,True,True,0,0.01037680660724316,-0.09216285655371334,0.9904037995013074,True,True,0,-0.12553389048877495,0.1476433112944757,1.0054799045968137,True,True,0,-0.15071264704196363,0.17060141348751034,0.9951239767334775
30.0,0.3,10,N=10k no-rejuv,10000,False,inf,True,24.692347728634008,0.07715235094537773,0,0,True,True,0,-0.0773447872652403,0.1547154802203243,0.8975599899105878,True,True,0,0.14853794237329726,-0.2593195389658042,0.840956367842128,True,True,0,0.1519961608423776,-0.29849097138147646,0.8561696454752208
30.0,0.3,10,N=10k rejuv KL=0.02,10000,True,0.02,True,458.5917267453513,0.03159740254393866,16,19852,True,True,0,0.032984888414813396,-0.0872740830217216,0.9777630031559419,True,True,0,-0.07882753283892385,0.10717316742393623,1.014546775273575,True,True,0,-0.09433227264941413,0.12711690974738926,1.0069320721627406
30.0,0.3,11,N=10k rejuv,10000,True,0.1,True,110.35320079763109,0.06693370645063346,5,9841,True,True,0,0.1525590158411092,-0.2630172315997012,1.0014534632393135,True,True,0,-0.05232637060932672,0.22765936321145583,1.0435112363130774,False,True,-1,-0.04414904355186935,0.29386246096708357,1.0123905837519083
30.0,0.3,11,N=40k rejuv,40000,True,0.1,True,59.64480682433923,0.08299716623105043,5,37090,True,True,0,0.1660239047850215,-0.27339962261336254,0.9937783510327021,False,True,-1,-0.06176807450308208,0.16159150399151098,1.0580366366198535,False,True,-1,-0.04963441159640149,0.22500140095279283,1.0265409023111685
30.0,0.3,11,N=160k rejuv,160000,True,0.1,True,416.20811835338696,0.027272622135485976,5,154401,True,True,0,0.09187890464392146,-0.16852007277558098,1.0201684079632303,True,True,0,-0.03976101503514821,0.2408323649303403,1.0215800223615763,False,True,-1,-0.04346521776655209,0.2900908114548375,0.9917619393897401
30.0,0.3,11,N=10k no-rejuv,10000,False,inf,True,76.73938165782575,0.03069216863095254,0,0,True,True,0,0.016669334276177783,0.11615180542801433,1.0084402418195455,True,True,0,0.03151660017465892,0.008502428791188146,1.0164961223152988,True,True,0,0.04117032494632132,-0.01287909230084663,1.0144135441024429
30.0,0.3,11,N=10k rejuv KL=0.02,10000,True,0.02,True,136.3718010849057,0.057304524004693665,13,17971,True,True,0,0.014382696538473017,-0.05127592149513092,0.9745905767999824,True,True,0,-0.021475086851925382,0.036419916244886115,0.9913360602715993,True,True,0,-0.025102812579426315,0.04875278652045293,0.9826414010305304
30.0,0.3,12,N=10k rejuv,10000,True,0.1,True,532.2458023995938,0.022230984216415853,5,7085,True,True,0,0.06912045412738543,-0.10956183300572604,0.9753734699834746,True,True,0,-0.027244895304035413,0.10233164024926014,1.0173285119739397,True,True,0,-0.02695179648108511,0.12538347296259525,1.0029562979734952
30.0,0.3,12,N=40k rejuv,40000,True,0.1,True,925.7881320537759,0.015739533162248284,5,28608,True,True,0,0.036624196722558455,-0.054060448619787045,0.9825711264376725,True,True,0,0.0008309808769952215,0.038507054401316625,1.006892275817325,True,True,0,-0.005776859156798986,0.049245634116424866,1.0004380970977946
30.0,0.3,12,N=160k rejuv,160000,True,0.1,True,468.42737960685247,0.03555975091957275,5,119119,True,True,0,-0.003652916256603911,0.033532996088963846,1.052567383314445,True,True,0,-0.026383872183456183,0.04315665563308753,0.9875055141850384,True,True,0,-0.03133657794300024,0.040051682922299214,0.9823382517978724
30.0,0.3,12,N=10k no-rejuv,10000,False,inf,True,53.040849548716665,0.04338166284684158,0,0,True,True,0,-0.02636485459429605,-0.01509567709078652,1.0263980468488139,True,True,0,0.010123871540567417,-0.007276507514473619,1.024156258920497,True,True,0,0.007626393060329792,-0.005234193857385887,1.019695659839011
30.0,0.3,12,N=10k rejuv KL=0.02,10000,True,0.02,True,721.1430664535396,0.018706518900294063,13,14298,True,True,0,0.04466207368015074,-0.05429505514029807,1.0244114391336712,True,True,0,0.005575609655677022,0.032151835257908816,1.0141955900204018,True,True,0,-0.0009607856391299074,0.042591061566815136,1.0029247346183667
30.0,0.3,13,N=10k rejuv,10000,True,0.1,False,8.795641073946758,0.3319955112787911,4,8389,True,True,0,-0.08935265339544343,0.12636828782676165,0.8443866042166384,False,True,-1,-0.14485108837574642,0.3057600841733695,0.8230441610691921,False,True,-1,-0.14711481683104408,0.3163890622710126,0.8324547243604695
30.0,0.3,13,N=40k rejuv,40000,True,0.1,False,15.210952502319355,0.2428508400462063,4,28333,True,True,0,-0.12284767067062567,0.45271123066565766,0.9005660194111716,False,True,-1,-0.14488079541377458,0.5899092174926863,0.763427068008124,False,True,-1,-0.1471195260430963,0.5751550225128359,0.7888830846519012
30.0,0.3,13,N=160k rejuv,160000,True,0.1,False,29.217384347419795,0.1424815173951836,4,120066,True,True,0,0.13206039909763398,-0.17578363071161895,1.0194494847216933,True,True,0,-0.0006767298275230094,0.014079587202249557,0.9799487402673707,True,True,0,-0.0045731239660613265,0.045221392852908104,0.9591835794578848
30.0,0.3,13,N=10k no-rejuv,10000,False,inf,False,42.497299800656556,0.062130766762412484,0,0,True,True,0,-0.03730649184112847,0.0033149869969184113,0.9640975463819604,True,True,0,-0.07212244607911439,-0.03267412462402502,0.9125576116136396,True,True,0,-0.03578461408359804,-0.03664879730073367,0.9067982361733511
30.0,0.3,13,N=10k rejuv KL=0.02,10000,True,0.02,False,106.28966861436722,0.08475475654738299,14,16352,True,True,0,-0.005247576083307559,0.08714563526279323,1.012169001165089,True,True,0,-0.07244040314110703,0.142969348100786,0.9124775086790214,True,True,0,-0.08526056525764364,0.14320354334152038,0.9078941117853295
30.0,0.3,14,N=10k rejuv,10000,True,0.1,False,181.84136777669045,0.03855661610347158,4,6226,True,False,1,-0.007807481968967078,-0.16159062017219492,1.1012716348175822,True,True,0,-0.2450784080885846,0.5253672898894893,1.029445313277604,True,True,0,-0.3087742144123231,0.5770060132491401,0.9915370935227296
30.0,0.3,14,N=40k rejuv,40000,True,0.1,False,161.7618608769572,0.05096242851975387,4,27897,False,False,0,0.0022038093303903272,-0.20243401663162588,0.9829712161801664,True,True,0,-0.1260600525957598,0.29583049659065713,1.028955910663235,True,True,0,-0.1662403235898695,0.34435143461623674,1.0045876599373336
30.0,0.3,14,N=160k rejuv,160000,True,0.1,False,224.26415096333074,0.043998852529021415,4,103664,False,False,0,0.0023545534149889136,-0.23060143955538256,0.9979740588666536,True,True,0,-0.11623288793651387,0.2433332072726912,1.0532267995642368,True,True,0,-0.15492373005177484,0.29442567441674194,1.0232293609018341
30.0,0.3,14,N=10k no-rejuv,10000,False,inf,False,26.43928619245987,0.10816774112060952,0,0,True,False,1,-0.010956863508681636,0.27179923788282934,1.140526639247746,True,True,0,-0.037821209797489375,0.07143289293380382,0.9847901461837912,True,True,0,-0.034632159743407276,0.027199978871862037,0.9981936723766301
30.0,0.3,14,N=10k rejuv KL=0.02,10000,True,0.02,False,6066.2453762747555,0.0032768330786699744,15,14123,False,False,0,0.0008821757785520967,-0.06099533466642359,0.9980169183315777,True,True,0,-0.020369358656436853,0.04307274228588514,0.9961946427296604,True,True,0,-0.02843123160442962,0.05563684129963684,0.984435600184779
30.0,0.3,15,N=10k rejuv,10000,True,0.1,False,35.22292107348303,0.09617684523754896,4,7819,True,True,0,-0.0562944575329376,-0.1296954274835094,1.1807501263392088,False,True,-1,-0.39640388415353484,1.3404408024876258,1.0588440688314076,False,True,-1,-0.3782381252875763,1.4641576658384585,1.0014334624905061
30.0,0.3,15,N=40k rejuv,40000,True,0.1,False,118.53591703136314,0.033501681768993555,4,31459,True,True,0,0.1045439655982432,-0.2862452891048415,1.0836678163718227,False,True,-1,-0.40450979463885806,1.3578895446962307,1.0804830398564627,False,True,-1,-0.37658971373268607,1.518072285586125,1.0360226054698243
30.0,0.3,15,N=160k rejuv,160000,True,0.1,False,25.85993026381289,0.17041957850634026,4,128760,True,True,0,0.1225063365683371,-0.23215868787780666,0.9163817918752726,False,True,-1,-0.39253913023249937,0.7125005988534502,0.9682238956064474,False,True,-1,-0.3782306453987284,0.8149980364668387,0.9407367594503545
30.0,0.3,15,N=10k no-rejuv,10000,False,inf,False,18.117234796328958,0.16103206386820149,0,0,True,True,0,-0.08927230810960918,-0.01473090860020329,1.0450403528230081,True,True,0,0.17913893329522235,-0.188813756617725,1.0658487153415295,True,True,0,0.17472861561705666,-0.19881303902214517,1.088578109516413
30.0,0.3,15,N=10k rejuv KL=0.02,10000,True,0.02,False,2066.0883920067063,0.01100712685789258,18,20321,True,True,0,0.015163269754566056,-0.05756137575957119,0.9969801669115593,True,True,0,-0.007833637733824506,0.0088809804279233,1.0239316720731346,True,True,0,-0.01379169090242982,0.02246286483973551,1.0104447235356215
30.0,0.3,16,N=10k rejuv,10000,True,0.1,True,96.89842357262904,0.059652876736244954,4,6071,True,True,0,-0.017084089128962754,0.05816489014598336,1.0677727944862028,True,True,0,-0.2124015415850668,0.3655805916741306,0.9317794647561937,False,True,-1,-0.25283237186157986,0.38348746841709863,0.9257314452615464
30.0,0.3,16,N=40k rejuv,40000,True,0.1,True,186.85266398463665,0.05416017000437165,4,26829,True,True,0,-0.038778219492641375,0.13008130526786846,0.9845549449188695,True,True,0,-0.12781785154776387,0.22563584432269326,0.9147085793317418,True,True,0,-0.1429201337816532,0.22295191405259826,0.9242794861536856
30.0,0.3,16,N=160k rejuv,160000,True,0.1,True,936.9065909482389,0.015863063714286148,4,102166,True,True,0,-0.05139795309449635,0.15250038867226123,1.0022209021533355,True,True,0,-0.166755947125159,0.3054614914513681,0.9081219648510142,True,True,0,-0.18134770316899185,0.3052701678920307,0.9157514210961716
30.0,0.3,16,N=10k no-rejuv,10000,False,inf,True,34.53751338861832,0.06085676333399042,0,0,True,True,0,-0.04464296380343791,-0.10376653751387944,1.0616398676451282,True,True,0,0.05498558579569501,-0.07811943677620536,1.1012972748135939,True,True,0,0.09742521716420227,-0.0686247117624021,1.0904080035086223
30.0,0.3,16,N=10k rejuv KL=0.02,10000,True,0.02,True,595.5814920439453,0.03498291635163637,14,17429,True,True,0,-0.023307375313068257,0.0478460918246155,0.9980460370369619,True,True,0,-0.0272087636046478,0.06803170986814572,0.9701109186442368,True,True,0,-0.027006042804382874,0.06596453726655185,0.9716980065451237
30.0,0.3,17,N=10k rejuv,10000,True,0.1,False,16.674462235643674,0.20908059068263024,5,8585,True,True,0,0.08856367899111772,0.05649182646566209,1.015331678791037,False,True,-1,-0.5973075454960077,1.4151118585296034,1.0277883908932104,False,True,-1,-0.6062605635998588,1.5516383469574027,1.021842780506035
30.0,0.3,17,N=40k rejuv,40000,True,0.1,False,67.07002846467425,0.06835248186355897,5,42793,True,True,0,-0.04907968043639177,0.1414821361044922,1.0651621898903056,True,True,0,-0.3969345712174757,0.8674319822919287,0.9636300496142581,True,True,0,-0.4357373108938139,0.9316624324805852,0.952442331000959
30.0,0.3,17,N=160k rejuv,160000,True,0.1,False,27.816475335229512,0.1729877373717849,5,148490,True,True,0,0.039170671174555416,-0.036503391852592,1.0117471214664813,True,True,0,-0.27436340564166783,0.6082889368258829,0.9907873147790527,True,True,0,-0.36490477736635646,0.6780438866316522,0.9765684640681019
30.0,0.3,17,N=10k no-rejuv,10000,False,inf,False,9.955241686631163,0.17111528780570867,0,0,True,True,0,-0.060313170511036907,0.2027758212663195,0.881361697489517,True,True,0,0.153930844351712,0.05835928561588188,0.7991189053178134,True,True,0,0.08166004395156079,0.027490018211285827,0.7952196730530281
30.0,0.3,17,N=10k rejuv KL=0.02,10000,True,0.02,False,2.249828228595505,0.6665040393455083,18,20320,True,True,0,0.23709359954386455,-0.8020111924477952,0.7953068731818042,True,True,0,0.25339644227568614,-1.155188546269639,1.0115936652129045,True,True,0,0.2569398079505658,-1.1289957477487342,0.9996288958028541
30.0,0.3,18,N=10k rejuv,10000,True,0.1,True,6420.180532332455,0.0031288037806405772,7,7747,True,True,0,-0.007200343806882892,0.00905126591813516,0.9860984184839784,True,True,0,0.0024256014105398516,-0.014254254436525225,0.9738117528518339,True,True,0,0.0014841078458174006,-0.015943384141071503,0.9736993929160905
30.0,0.3,18,N=40k rejuv,40000,True,0.1,True,30762.88237107799,0.0014812753198825666,7,37954,True,True,0,-0.0013464575129599754,0.007008708704332351,1.0092287533397895,True,True,0,-0.0041978432976807895,0.008961385041438898,1.0113553175780743,True,True,0,-0.004239714267866845,0.008607716007661926,1.0105171191780313
30.0,0.3,18,N=160k rejuv,160000,True,0.1,True,28161.63010410796,0.00455407384871352,7,129088,True,True,0,0.0035768284766699576,-0.0037095331854556327,0.9980538037006451,True,True,0,0.000523181909003842,-0.0024832111959989436,0.9990868369128428,True,True,0,0.0010144408698120333,-0.002188191844608401,0.9987303533722995
30.0,0.3,18,N=10k no-rejuv,10000,False,inf,True,45.8855192749805,0.06981226696988718,0,0,True,True,0,0.1310631704210744,-0.15353995533006798,1.0612966297548354,True,True,0,-0.03135256505933977,0.016997623991965218,1.0184827381901067,True,True,0,-0.02536532096419035,0.034924130980343984,1.0114549682673863
30.0,0.3,18,N=10k rejuv KL=0.02,10000,True,0.02,True,7085.550775269751,0.003411878152011253,21,19054,True,True,0,-0.0064837117298727764,0.014259828303041459,1.0185514137739504,True,True,0,-0.012547499745621013,0.028085222789107935,1.0237464445037252,True,True,0,-0.013076215622766875,0.02783578074241181,1.0227287720734466
30.0,0.3,19,N=10k rejuv,10000,True,0.1,True,1062.356766735453,0.015992284668185412,4,6249,True,True,0,0.0657429555970741,-0.10941716122397466,1.0175714957800104,True,True,0,-0.017875572885327456,0.17165463117268587,0.9520488516900589,False,True,-1,-0.03413106712130878,0.20402859293502296,0.920922772411043
30.0,0.3,19,N=40k rejuv,40000,True,0.1,True,1116.9484780205898,0.024783538064355133,4,27052,True,True,0,0.02875424035223134,-0.0579793918400345,1.0320792978663105,True,True,0,-0.018603930001839034,0.1341551530726681,1.006360941652913,False,True,-1,-0.02132300275783886,0.15460494962973556,0.9888380131168752
30.0,0.3,19,N=160k rejuv,160000,True,0.1,True,127.65690804464076,0.08595305922150999,4,104133,True,True,0,-0.028265576100123924,0.04860086768789274,0.9905726646115895,True,True,0,-0.022307524141853857,0.03978202174522597,0.9569655416553017,False,True,-1,-0.021761756617340797,0.034252817287219926,0.9574302728394054
30.0,0.3,19,N=10k no-rejuv,10000,False,inf,True,62.563135981251534,0.03442877173723502,0,0,True,True,0,-0.029171613486354664,-0.002760525163181823,1.0259362727370374,True,True,0,-0.012946331675276576,-0.07184065144877602,1.0127412361629515,True,True,0,-0.0054247221773326346,-0.076834276577036,1.0001662244668443
30.0,0.3,19,N=10k rejuv KL=0.02,10000,True,0.02,True,5724.050565865774,0.0035746196790780813,13,15629,True,True,0,0.007768793307617483,-0.00997061690564853,1.000071759887808,True,True,0,-0.007674279364912322,0.04882623634071191,1.0034597620062171,True,True,0,-0.008694905416382216,0.05430762119052713,0.999190448733485
30.0,0.3,20,N=10k rejuv,10000,True,0.1,True,10.067277044272426,0.31419519488139347,5,8557,True,True,0,-0.14822399344380177,0.0017066316726025855,0.8263614564315723,True,True,0,0.27653475807552985,-0.3389994827693036,0.9599113947822956,True,True,0,0.26289796549204036,-0.3576597849686031,0.9744161329361534
30.0,0.3,20,N=40k rejuv,40000,True,0.1,True,1127.886794735748,0.024628548320741055,5,37553,True,True,0,0.004811163791380246,-0.002616281045290155,1.0200107568741383,True,True,0,-0.016869281968894534,0.03783716147698989,0.9865670652384531,True,True,0,-0.018517228325668232,0.04025848271497818,0.9833950253241341
30.0,0.3,20,N=160k rejuv,160000,True,0.1,True,2710.97683902104,0.01663045068063632,5,122256,True,True,0,-0.005242535393148451,-0.0033374350775922986,1.026770999182102,True,True,0,-0.02712823646419965,0.0563621579677222,0.9863105142393234,True,True,0,-0.031123099942361565,0.05989082626734853,0.9827926005222283
30.0,0.3,20,N=10k no-rejuv,10000,False,inf,True,71.4657720451238,0.036284965626392086,0,0,True,True,0,-0.06000898370275565,0.04262243704181826,0.9963911828251669,True,True,0,-0.03738807770571502,0.0954643652392036,0.9657329422278454,True,True,0,-0.0407007989057406,0.09470337110291668,0.9717963054397941
30.0,0.3,20,N=10k rejuv KL=0.02,10000,True,0.02,True,4200.4346529301465,0.005510206154036176,16,17529,True,True,0,-0.009438718121051015,0.013002819425536761,0.9996368123578142,True,True,0,-0.02956107856397973,0.05726299577761912,0.9749122536216326,True,True,0,-0.03609421125669231,0.05856002346915294,0.9759748816936248
30.0,0.3,21,N=10k rejuv,10000,True,0.1,True,369.45119850624184,0.03690372239750167,5,6212,True,True,0,-0.020195301951591374,0.04575473071468135,1.0301549039426554,False,True,-1,-0.07563532273168314,0.12631010253179975,0.9259841941880943,False,True,-1,-0.08448031031421958,0.12776145293597133,0.9185777341574142
30.0,0.3,21,N=40k rejuv,40000,True,0.1,True,2133.7138148584063,0.017712167615214044,5,24738,True,True,0,0.0037919879870342565,0.017010331387568068,1.0177705723424593,True,True,0,-0.033987553271882756,0.05417263019528864,0.9771105516925328,True,True,0,-0.038748370425689946,0.05513450876715363,0.9768404752070177
30.0,0.3,21,N=160k rejuv,160000,True,0.1,True,1.292954566213173,0.8792586870889928,3,103070,True,True,0,-0.1030120406040977,0.6036147670476437,0.5026753504086685,False,True,-1,-0.07974800692127965,-0.03137757626987847,0.3886146597558624,False,True,-1,-0.09001228561467209,-0.11161382419693625,0.4032272802466859
30.0,0.3,21,N=10k no-rejuv,10000,False,inf,True,27.434787993418254,0.08484837938456971,0,0,True,True,0,0.029425480782294733,-0.1384795785221387,1.0189880723527152,True,True,0,0.14606580122986257,-0.20913791722850542,1.1094269305968791,True,True,0,0.13834357049321624,-0.20339456012226886,1.1052237001741707
30.0,0.3,21,N=10k rejuv KL=0.02,10000,True,0.02,True,2167.0274393129744,0.016290986687191943,17,20238,True,True,0,-0.01850899855733397,0.039978516829572645,0.9943021667632432,True,True,0,-0.04830687115880217,0.08618765807604203,0.9607271353758087,True,True,0,-0.04562267616314937,0.08604049657440656,0.9638431803072347
30.0,0.3,22,N=10k rejuv,10000,True,0.1,False,20.21140114577494,0.1942931137532169,4,7449,True,True,0,0.16970435724847588,-0.3503733047969657,0.8929136601793194,True,True,0,-0.30149338323872055,0.4013910148900242,0.9646868296224804,False,True,-1,-0.2728960230933111,0.5031041421605261,0.9389001357366213
30.0,0.3,22,N=40k rejuv,40000,True,0.1,False,8.751386106365421,0.3057800215175369,4,31950,True,True,0,0.22307129518411206,-0.2826244622345521,0.7943438875315605,True,True,0,-0.14845962285348774,0.2066743850238903,0.8712479842500543,True,True,0,-0.26251268485586887,0.2781557364429238,0.8594057370640672
30.0,0.3,22,N=160k rejuv,160000,True,0.1,False,43.479439428370284,0.11944537735261702,4,121374,True,True,0,0.05788404437072514,-0.1771169918910098,1.0877573030289898,True,True,0,-0.15779491784139843,0.42595679336391673,1.0399468264327978,True,True,0,-0.14783728685967035,0.49749597753949304,0.9989556370852593
30.0,0.3,22,N=10k no-rejuv,10000,False,inf,False,40.8497380828939,0.059176250463051874,0,0,True,True,0,0.11693494955885275,-0.23932597251033041,0.9862984262054539,True,True,0,0.029995992005816485,0.06268082636954174,1.0836214733781755,True,True,0,-0.02669024501761219,0.1130773113987425,1.0690526655766825
30.0,0.3,22,N=10k rejuv KL=0.02,10000,True,0.02,False,315.97147326638185,0.04764717159229842,13,18001,True,True,0,0.04160685090633931,-0.07401040967495083,0.9917254223039903,True,True,0,-0.02016510721848047,0.09114136123844659,1.0122513529705777,True,True,0,-0.03863505459191241,0.1131997817178115,1.0008392261610022
30.0,0.3,23,N=10k rejuv,10000,True,0.1,True,3524.12349322211,0.006873288032665704,6,7393,True,True,0,-0.00793055008228638,0.014679877894675116,1.024126484240344,True,True,0,-0.027230017395256947,0.07938266060166753,0.9863653111622745,False,True,-1,-0.02591547478360247,0.0824675306344463,0.9819739417071514
30.0,0.3,23,N=40k rejuv,40000,True,0.1,True,583.8395347971391,0.039888054254563515,6,32379,True,True,0,-0.026776743544522752,0.05108563289352944,1.0019529417839295,True,True,0,-0.012755925528178433,-0.023601739548359237,0.9849882792685634,True,True,0,-0.011041989755761789,-0.032495756891095545,0.9921215869096969
30.0,0.3,23,N=160k rejuv,160000,True,0.1,True,30854.173624949206,0.003929800741662377,6,156535,True,True,0,-0.002526229396096813,0.004832098113397119,0.9981942809367135,True,True,0,-0.003471166806809353,-0.0036754478314980385,0.9962018795053573,True,True,0,-0.0032879014427820985,-0.004611180690525846,0.9967776972481909
30.0,0.3,23,N=10k no-rejuv,10000,False,inf,True,85.0412423039652,0.031052484873680907,0,0,True,True,0,-0.08604157606702922,0.09674180232155924,1.1020991099053459,True,True,0,-0.0036501023412414124,0.12468478157516788,0.9786243192140144,True,True,0,0.008548317485796458,0.11893019203972195,0.9670630239722365
30.0,0.3,23,N=10k rejuv KL=0.02,10000,True,0.02,True,7301.411827311948,0.0005414702494768313,13,14875,True,True,0,0.004898669552434676,0.008309970408841736,1.009802298575338,True,True,0,-0.005130611809994745,0.005284737394545129,0.998159432040788,True,True,0,-0.008061355718006626,0.004435256138141239,0.9957337816200789
30.0,0.3,24,N=10k rejuv,10000,True,0.1,True,146.42371314348424,0.05375624436657095,5,6749,True,True,0,0.04613039886588366,-0.10718693932548358,0.9852011166385278,True,True,0,0.01784584828488764,0.004057328393009907,1.0312014598102317,True,True,0,0.024256459569861694,0.019933109810450815,1.0206616261753834
30.0,0.3,24,N=40k rejuv,40000,True,0.1,True,16.11680416068202,0.2474268810986288,6,36829,True,True,0,-0.13895967232035256,0.2719297029150813,1.0148034539151767,True,True,0,-0.05449519482832753,-0.05199139887504195,0.8778102768638026,True,True,0,-0.049548129529182645,-0.0945898082122996,0.8937806226643722
30.0,0.3,24,N=160k rejuv,160000,True,0.1,True,36904.6502681231,0.0017070045435320582,6,152611,True,True,0,0.010812076127162396,-0.016778802825367995,1.0018818023601592,True,True,0,-0.007183405689155695,0.01679763753277517,1.0032058625368379,True,True,0,-0.009823516391690296,0.020182853216280338,1.000263750253326
30.0,0.3,24,N=10k no-rejuv,10000,False,inf,True,55.56406372686217,0.043318909010746115,0,0,True,True,0,0.03511495898715289,0.026324232908308244,0.9266725463017093,True,True,0,0.051953071112509575,-0.021020819310168474,0.9786222549879507,True,True,0,0.08509260008303152,-0.026034896401875056,0.9766662783996419
30.0,0.3,24,N=10k rejuv KL=0.02,10000,True,0.02,True,3575.885985503881,0.0043765837990678725,17,18781,True,True,0,0.009517714264252297,-0.02561771822934131,0.9802799316168319,True,True,0,0.002856921209633656,0.0025334247943222107,1.0100082239388026,True,True,0,0.004410775533875699,0.006414822833533358,1.0107303644750598
30.0,0.3,25,N=10k rejuv,10000,True,0.1,False,62.56219400754487,0.09504119336534891,4,7715,True,True,0,-0.07475641122910909,0.3642012065625433,0.9776137503532817,False,True,-1,-0.12416141119531884,0.6711952631042539,0.7755220930692771,False,True,-1,-0.13350122178844698,0.6934230080998746,0.7656413047789045
30.0,0.3,25,N=40k rejuv,40000,True,0.1,False,154.22425659070754,0.04090227414855332,4,32612,True,True,0,-0.08613713599544823,0.32969289433131405,0.9649507691780966,False,True,-1,-0.11811850748930151,0.48672072388740517,0.7979917421469552,False,True,-1,-0.13318167550393695,0.49154395360774167,0.7932367346744049
30.0,0.3,25,N=160k rejuv,160000,True,0.1,False,49.16500469808039,0.11350782851321146,4,131299,True,True,0,-0.04347837108281924,0.19962645292257547,0.9621485385861208,False,True,-1,-0.12631745930727858,0.48196941093713697,0.8447638434123016,False,True,-1,-0.1335294888971158,0.5085900430536633,0.8372867774346349
30.0,0.3,25,N=10k no-rejuv,10000,False,inf,False,55.83204645490695,0.044440839922999256,0,0,True,True,0,-0.03510108248697702,0.16169494199916423,0.9112717063473038,True,True,0,-0.09802543489500559,0.18978766775849676,0.8807174134609806,True,True,0,-0.10660900647063815,0.18596181641619008,0.8882862125787533
30.0,0.3,25,N=10k rejuv KL=0.02,10000,True,0.02,False,586.5026763146,0.03630153448777649,15,16986,True,True,0,-0.00956293813135528,0.0814879598865952,0.9754216540851398,True,True,0,-0.05523904113208242,0.15653643080491975,0.9305931474111637,True,True,0,-0.06958679723840401,0.16231472411549344,0.9269764909333154
30.0,0.3,26,N=10k rejuv,10000,True,0.1,False,81.31163744401825,0.0698039116558464,4,6706,True,True,0,-0.06711107598290222,0.05633094290185337,1.0101860453232157,True,True,0,-0.23441717742121698,0.2896374014109943,0.9297494124056003,True,True,0,-0.25073892294897615,0.2926815360382448,0.9264944977788361
30.0,0.3,26,N=40k rejuv,40000,True,0.1,False,252.10713918943867,0.02607535645034319,4,26735,True,True,0,0.028338115025895005,-0.15097727530554297,1.0317675662735248,True,True,0,-0.248113296428488,0.4070515168745613,1.0170958679009843,True,True,0,-0.2744333316527242,0.4490077538482752,0.9929530170988272
30.0,0.3,26,N=160k rejuv,160000,True,0.1,False,13.44350381218525,0.2721814758612121,4,110500,True,True,0,0.15149085360618475,-0.329950056874179,0.9419276793791513,True,True,0,0.05114429658335662,-0.09734913584010245,1.103838674758693,True,True,0,0.023597395807648802,-0.0474540825019448,1.0732890708413363
30.0,0.3,26,N=10k no-rejuv,10000,False,inf,False,21.298657973297914,0.0987901601906932,0,0,True,True,0,0.16659623829620507,-0.09827041729122295,1.02563135630724,True,True,0,-0.0025464122499574415,0.0008371674078591964,1.0417384977335227,True,True,0,-0.007706688099909542,0.016960990831075853,1.0106316570563727
30.0,0.3,26,N=10k rejuv KL=0.02,10000,True,0.02,False,198.3655778970194,0.06616616743505219,16,15824,True,True,0,-0.03332964332464261,0.0713502196007845,1.0163779612008403,True,True,0,-0.06249545730071371,0.055134715133163904,0.9713579141091856,True,True,0,0.00043691871160767004,0.04578859240107372,0.9744170833849582
30.0,0.3,27,N=10k rejuv,10000,True,0.1,True,1147.7637199055282,0.011269635280348744,5,5627,True,True,0,-0.02431879140174245,0.03527172222621976,0.9968582166928875,False,False,0,-0.022425751274565153,0.06878836528001579,0.9758102768776464,False,False,0,-0.020996339219885304,0.0676540175859301,0.9773910401025341
30.0,0.3,27,N=40k rejuv,40000,True,0.1,True,609.1362423863308,0.035084427369678754,5,26509,True,True,0,-0.0228110551142974,0.01960402002791131,0.9803861395442978,False,False,0,-0.01938668806227687,0.010277721796118492,0.9861142866307654,False,False,0,-0.020946126595198906,0.008175451630830074,0.9898781363658306
30.0,0.3,27,N=160k rejuv,160000,True,0.1,True,4919.2322383500705,0.007081921762951922,5,110637,True,True,0,-0.0006616642059113775,-0.0032691087411752698,1.0092111063504408,False,False,0,-0.002135276708765295,0.013976359859749281,0.995781161366691,False,False,0,-0.0050425010322496,0.015153006728366718,0.9940276338017366
30.0,0.3,27,N=10k no-rejuv,10000,False,inf,True,56.27375635259642,0.04488887736433008,0,0,True,True,0,-0.043582863419258766,-0.021255191109755822,0.9913166850376571,False,False,0,-0.00022594519944842822,0.07983587871657698,1.003033026721599,False,False,0,-0.008075895904604877,0.08690519851598208,1.0093943033337958
30.0,0.3,27,N=10k rejuv KL=0.02,10000,True,0.02,True,335.6756732122628,0.04581884971734324,19,18745,True,True,0,0.03300523107777287,-0.048054972393432184,1.0128360984580695,True,False,1,0.025014994264697464,-0.051268843500232836,1.040145228874562,True,False,1,0.024880444548082633,-0.04748842830606799,1.0354671389944279
30.0,0.3,28,N=10k rejuv,10000,True,0.1,False,189.93794162783237,0.037844141521493666,4,5869,True,True,0,-0.004046713487700249,-0.21733621552765248,1.1768519509420385,True,True,0,-0.22591589187269068,0.49710310601354674,1.1501975739808759,True,True,0,-0.24643353170793703,0.5584793005825309,1.105181509427296
30.0,0.3,28,N=40k rejuv,40000,True,0.1,False,64.01843803922796,0.11407710692794189,4,26106,True,True,0,0.05383100896488058,-0.08788387590325779,0.9893051213024557,True,True,0,-0.01902860358111208,0.11996697416692613,1.0153689184158028,True,True,0,-0.027303529179576236,0.14023623148494643,1.0033181053544031
30.0,0.3,28,N=160k rejuv,160000,True,0.1,False,207.42109272624296,0.04137723437321177,4,99873,True,True,0,0.04071443943527975,-0.1417091829873611,0.9983641973600055,True,True,0,-0.07453159164981027,0.15647825095806012,1.0310211553674236,True,True,0,-0.12899108082833338,0.18708673186452374,1.0105842117300523
30.0,0.3,28,N=10k no-rejuv,10000,False,inf,False,30.87013214954839,0.07950811641354164,0,0,True,True,0,0.024618570395565476,-0.0013595436171787603,0.8802371815080279,True,True,0,0.04487693139695925,-0.11267776708800431,1.0126688529734607,True,True,0,-0.04804768328064685,-0.11879330589330815,1.0074454960758576
30.0,0.3,28,N=10k rejuv KL=0.02,10000,True,0.02,False,28.941194576474167,0.18542371236588048,16,16337,True,True,0,0.05020455529788015,-0.16537478699857705,0.9253764771869931,True,True,0,0.0593532511511361,-0.2105152086683775,1.1119448620323116,True,True,0,0.06701792429214648,-0.1968623323080548,1.1039029764793948
30.0,0.3,29,N=10k rejuv,10000,True,0.1,True,187.84550628017715,0.04010792709823391,5,8455,True,True,0,-0.001378068168892299,0.018335933006803883,1.0575185505593532,False,True,-1,-0.06888273736918282,0.2960686001884371,0.9803672143241567,False,True,-1,-0.04833856543989535,0.3085439750085089,0.9699430343464236
30.0,0.3,29,N=40k rejuv,40000,True,0.1,True,123.61369252940764,0.0847197478618278,5,30651,True,True,0,-0.036707328902771175,0.09290728692912287,1.0509413929649696,True,True,0,-0.02930264255896843,0.034276157470113595,0.9488599626235376,False,True,-1,-0.027989558291760797,0.02302431874880675,0.9497767680558858
30.0,0.3,29,N=160k rejuv,160000,True,0.1,True,726.422957848713,0.026998667571039255,5,125623,True,True,0,0.03557123088676717,-0.05197626012067863,1.0021239464351923,True,True,0,-0.03456791420495926,0.079914624052677,1.0012591622657887,False,True,-1,-0.03756289863233202,0.09124294082357057,0.9936235374651305
30.0,0.3,29,N=10k no-rejuv,10000,False,inf,True,74.72975867538098,0.03477756815497542,0,0,True,True,0,0.010694328689965782,0.027313430159398598,1.0272976818129433,True,True,0,-0.047231429790245326,0.05512681687653774,1.0212571472043595,True,True,0,-0.015584650813724753,0.05410738224677127,1.0231679116577193
30.0,0.3,29,N=10k rejuv KL=0.02,10000,True,0.02,True,3669.7701373342716,0.00463977087843918,18,17588,True,True,0,0.014535418997432048,-0.01461661934521999,1.0023205165368472,True,True,0,-0.01676102753478377,0.029945971389580668,1.0109524792927271,True,True,0,-0.018550097058453986,0.033511281013039185,1.007209187381275
30.0,0.3,30,N=10k rejuv,10000,True,0.1,False,1111.4068702064822,0.013959430740779684,4,6071,True,True,0,0.0013013149598676277,-0.06623916713408814,0.9901119483833398,True,True,0,-0.04121913205939032,0.10591999283928115,0.9699919747032217,True,True,0,-0.05685571162519748,0.12331997337672525,0.9590137531669917
30.0,0.3,30,N=40k rejuv,40000,True,0.1,False,389.07402248162447,0.029274092794728132,4,26270,True,True,0,0.009138029606689857,-0.1681962777831783,1.0311989824255114,True,True,0,-0.1356685529212503,0.2855329602553981,1.023805483561105,True,True,0,-0.17877056948989611,0.33071824983980846,0.9940428768983135
30.0,0.3,30,N=160k rejuv,160000,True,0.1,False,342.2762572408752,0.04800228832455014,4,103390,True,True,0,-0.0406191110740588,-0.02455229144812223,1.1563291417467276,True,True,0,-0.14803689068743892,0.2980358737409467,1.0159077478808132,True,True,0,-0.18251016616839066,0.3201384379473991,0.9824640609851717
30.0,0.3,30,N=10k no-rejuv,10000,False,inf,False,26.12116226040379,0.08638660366095093,0,0,True,True,0,-0.008141800431933022,0.028457801899918384,0.9652893085663362,True,True,0,-0.03756425460514645,0.12200314150794497,0.9517184750335353,True,True,0,-0.07324636644189036,0.12466016011836212,0.9301224778950699
30.0,0.3,30,N=10k rejuv KL=0.02,10000,True,0.02,False,1037.8665708526537,0.016780027681669227,17,18136,True,True,0,-0.010924023617925993,-0.009572339065860112,1.0377641386407868,True,True,0,-0.04894937575351044,0.11467521333843088,0.9765980805452417,True,True,0,-0.06584425918988068,0.12320041756267527,0.9629975179150223
30.0,0.3,31,N=10k rejuv,10000,True,0.1,False,727.7597539613001,0.021167078082095208,6,7700,True,True,0,-0.039357782025064014,0.07957267384311174,1.0869565058008994,True,True,0,-0.14117681586969488,0.26051780734240276,0.9544036270068624,True,True,0,-0.14420315676094847,0.2645138048584139,0.949355148770996
30.0,0.3,31,N=40k rejuv,40000,True,0.1,False,88.71811215714112,0.09342164612502048,6,31516,True,True,0,-0.012382567484347184,0.10838640940069763,0.9968028148016295,True,True,0,-0.0895621948207953,0.21313517611188815,0.9252912346122486,True,True,0,-0.09260560841769466,0.21074852607640757,0.9310416502108192
30.0,0.3,31,N=160k rejuv,160000,True,0.1,False,4265.948265146699,0.008361312720343326,6,137902,True,True,0,-0.02938733437806118,0.08386073704005265,1.0200094681380565,True,True,0,-0.07266462356672543,0.17903044663224033,0.9487995822447763,True,True,0,-0.0790678630471483,0.177964142631323,0.951846064903665
30.0,0.3,31,N=10k no-rejuv,10000,False,inf,False,11.287884436421981,0.14172740188106792,0,0,True,True,0,0.023410358286086508,0.11765963498446841,0.920819285934488,True,True,0,0.22339875164919476,-0.16236382845413658,0.9308033636316301,True,True,0,0.25077463154059576,-0.18670771338235687,0.9386259001964703
30.0,0.3,31,N=10k rejuv KL=0.02,10000,True,0.02,False,285.7489260126315,0.05533755236526792,17,19555,True,True,0,0.0008153943912534434,0.03041427529024307,0.9964527818543069,True,True,0,-0.012286011253892726,0.0382596604139337,0.9779214161506825,True,True,0,-0.015697989724157202,0.036399451477949686,0.9808772802741211
30.0,0.3,32,N=10k rejuv,10000,True,0.1,True,14.413295950045642,0.21240306393635616,4,7165,True,True,0,0.04585521200761461,-0.2292370562285577,1.29740604112266,False,True,-1,-0.026309381809008055,0.7466055217472067,1.1533803363961732,False,True,-1,-0.03551748153398433,0.8418950009969873,1.1017020614981958
30.0,0.3,32,N=40k rejuv,40000,True,0.1,True,30.24376758372229,0.12457309408418442,4,31764,True,True,0,0.008499960827652975,0.009149469230084879,1.0139497538064373,False,True,-1,-0.0456515532003967,0.5354933498638992,0.9010246269524964,False,True,-1,-0.035517386774077016,0.5754875539679718,0.8781509065133274
30.0,0.3,32,N=160k rejuv,160000,True,0.1,True,27.05152946606309,0.1575584900862246,4,128098,True,True,0,0.1589568731098674,-0.2533906850261382,1.1021101951673993,False,True,-1,-0.04528315907945151,0.19539011123738062,1.050424865090579,False,True,-1,-0.0354376672350841,0.25191810755881255,1.012761284481452
30.0,0.3,32,N=10k no-rejuv,10000,False,inf,True,76.84879073071728,0.030258311027909445,0,0,True,True,0,-0.04432702103877967,0.08571867447858299,1.0084376939293944,True,True,0,-0.009447065951801066,0.016691808249804527,0.9734518924516298,True,True,0,-0.00414596276018956,0.003983484003786044,0.9809244683715728
30.0,0.3,32,N=10k rejuv KL=0.02,10000,True,0.02,True,682.6043701340586,0.01361171293857378,13,15347,True,True,0,0.034010390594811035,-0.032977921237145644,1.0632365410085443,True,True,0,-0.018653964560086722,0.20282033401723168,0.9979218663463034,False,True,-1,-0.017537359202184133,0.2239210746518551,0.9801552446687877
30.0,0.3,33,N=10k rejuv,10000,True,0.1,False,47.87110564134438,0.08921477114838794,3,7148,True,True,0,0.007594842382510306,0.022948732921234203,1.0018396901697357,False,True,-1,-0.02708689296219757,1.1338234951905475,0.8528017826747125,False,True,-1,-0.0342783160909638,1.2853956723975348,0.834097630067203
30.0,0.3,33,N=40k rejuv,40000,True,0.1,False,23.995035923860378,0.16945468936778502,3,25703,False,True,-1,-0.02086037479481829,0.1440859919429393,0.9103091399055456,False,True,-1,-0.02708428174958747,0.7375104271131478,0.7731386263577673,False,True,-1,-0.03427831654658695,0.8034848161172891,0.7709814756822567
30.0,0.3,33,N=160k rejuv,160000,True,0.1,False,131.71617747665144,0.043260339781402375,3,103941,True,True,0,0.008563493267551972,-0.12505765473195507,0.9565593604515759,False,True,-1,-0.027056258394205182,0.7879970912733605,0.8908508479664505,False,True,-1,-0.03427831542563997,0.9289482424496244,0.866491933596548
30.0,0.3,33,N=10k no-rejuv,10000,False,inf,False,37.061302147394734,0.05875402152739245,0,0,True,True,0,0.01546109260945816,-0.04696356127490044,1.1943643315427674,True,True,0,0.0631627594106267,-0.10023177705474963,1.1704019514877482,True,True,0,0.055912635102720626,-0.10228314819432525,1.160344964310636
30.0,0.3,33,N=10k rejuv KL=0.02,10000,True,0.02,False,7.27447772934327,0.36517896595398636,13,17444,False,True,-1,-0.018686221653791562,-0.03663441938081593,0.8181924022944471,False,True,-1,-0.02391053164184455,-0.3912449299916471,0.9242454470799215,True,True,0,0.009203269251234221,-0.43629563796463483,0.9526036170338092
30.0,0.3,34,N=10k rejuv,10000,True,0.1,True,105.32926707135984,0.07204718117273377,4,6085,True,True,0,0.03131038788605822,-0.19624877505040647,1.1225304760026724,True,True,0,-0.168719656879639,0.5176991370885218,1.1030895339776456,True,True,0,-0.1624929237645527,0.5767444022168079,1.0646201358384415
30.0,0.3,34,N=40k rejuv,40000,True,0.1,True,944.0739938488172,0.018392998791308342,4,27580,True,True,0,0.004972908672320475,-0.059029943632689846,1.0129350161040076,True,True,0,-0.07920332972448746,0.11667420764277857,1.006745914493939,True,True,0,-0.08853700863856684,0.13232676164946264,0.9955824806046892
30.0,0.3,34,N=160k rejuv,160000,True,0.1,True,24.901353811843382,0.18170900205571727,4,102585,True,True,0,0.14473963887045305,-0.17279128284715253,0.921837709001469,True,True,0,0.1458142211606151,-0.05241033052517521,1.0288828342355747,True,True,0,-0.031913385027240365,-0.027858117232712178,1.0168979765356079
30.0,0.3,34,N=10k no-rejuv,10000,False,inf,True,35.537822248974464,0.08570482003862387,0,0,True,True,0,0.030626531021223924,0.07153499563520935,1.0403670135907215,True,True,0,-0.1992147104244938,0.3224231548739667,0.9943442246311203,True,True,0,-0.15620321459461112,0.3284924908058625,0.9848016429718645
30.0,0.3,34,N=10k rejuv KL=0.02,10000,True,0.02,True,552.1838511627369,0.026783861358124144,13,18149,True,True,0,0.0718501188525631,-0.09440135486851306,0.9761878827631997,True,True,0,0.004752823805086626,0.051540840056312764,1.0260441349135516,True,True,0,-0.010031639053273728,0.06928248782658081,1.0159421414864047
30.0,0.3,35,N=10k rejuv,10000,True,0.1,False,33.040960070995936,0.0903273232072205,4,7598,True,True,0,-0.019943467627805078,0.03379506196092729,0.9568457605337797,True,True,0,-0.5100290045205321,1.168892001079435,0.9127946841726566,True,True,0,-0.5380655993400723,1.3089088316865423,0.8926816508441618
30.0,0.3,35,N=40k rejuv,40000,True,0.1,False,12.714403030563405,0.2735018434524202,4,33203,True,True,0,0.0082437953930381,-0.201259671682373,0.9375937177253034,True,True,0,-0.13672109304260105,0.38311989685773684,0.9769225958245051,True,True,0,-0.1505205283422265,0.47191994731377673,0.962039741668853
30.0,0.3,35,N=160k rejuv,160000,True,0.1,False,66.78488027989725,0.08025882123118036,4,150749,True,True,0,0.028919445495842355,-0.050556355709951435,0.9967308591234084,True,True,0,-0.3012377967149773,0.5474847877222514,0.9440769513684015,True,True,0,-0.31936754769298875,0.626480503542515,0.9201214037857981
30.0,0.3,35,N=10k no-rejuv,10000,False,inf,False,19.95240241860008,0.08487775513711936,0,0,True,True,0,0.07309261040939374,0.15942251839716493,0.6321829955839546,True,True,0,0.07025969404061905,-0.050463172628440606,0.7988602251061246,True,True,0,0.05389368525297478,-0.08901791899079725,0.8474197539820986
30.0,0.3,35,N=10k rejuv KL=0.02,10000,True,0.02,False,1348.748827298845,0.009871062177263825,15,17586,True,True,0,0.007562274262860047,0.0025386667722164316,0.9711615987823775,True,True,0,-0.04309356380027629,0.15493397047426052,0.9407027896088818,True,True,0,-0.060082104957395854,0.17388506572687645,0.9342274021635251
30.0,0.3,36,N=10k rejuv,10000,True,0.1,True,184.69219440467066,0.06066202080276369,5,7062,True,True,0,-0.07288209250236144,0.18799943074915818,1.1533797419208585,True,True,0,-0.28253249224659605,0.5109310641601146,0.9304286238620956,True,True,0,-0.3234123967684366,0.5171237593936647,0.9278311017683227
30.0,0.3,36,N=40k rejuv,40000,True,0.1,True,100.86833042985155,0.09537396549950428,5,34818,True,True,0,-0.013591949925442437,0.060559731949574695,0.9711010306545202,True,True,0,-0.021249800809879815,0.0846602923612019,0.9524268522391142,True,True,0,-0.022755891714326903,0.08147211893516978,0.9568448216997559
30.0,0.3,36,N=160k rejuv,160000,True,0.1,True,1052.282279598413,0.023662973862536144,5,126903,True,True,0,-0.04332001744486713,0.09592188077687283,1.05180853357184,True,True,0,-0.13682493218783753,0.29737736899969736,0.942723827824752,True,True,0,-0.15678112197994687,0.3029162004242068,0.942780876753929
30.0,0.3,36,N=10k no-rejuv,10000,False,inf,True,18.52025616788658,0.1664445044015319,0,0,True,True,0,-0.043866659167837385,0.1653954020426026,1.0589650103816801,True,True,0,-0.12218048889200606,0.22283339509239106,0.8464372724992149,True,True,0,-0.13118959890758192,0.21358248765728147,0.847379476833785
30.0,0.3,36,N=10k rejuv KL=0.02,10000,True,0.02,True,3657.013244627851,0.007843940983119194,20,18913,True,True,0,-0.016439676381526325,0.04499166078308073,1.0159396322999477,True,True,0,-0.028627311249759257,0.07267271836401495,0.9785677379528593,True,True,0,-0.02700815121821909,0.07093809097684381,0.9781607665961929
30.0,0.3,37,N=10k rejuv,10000,True,0.1,True,576.4592450462088,0.0230423344828822,5,8560,True,True,0,-0.06711398020972881,0.11544754073159777,1.039921046245878,False,True,-1,-0.11972898524428581,0.31680151475050145,0.9922390329705875,False,True,-1,-0.09870737443391366,0.3240172992792491,0.9987293959822078
30.0,0.3,37,N=40k rejuv,40000,True,0.1,True,2105.2241258776917,0.008780053940651115,5,31544,True,True,0,-0.06813720621058439,0.14404449493445878,1.0153426910620422,False,True,-1,-0.1187674230008716,0.29630242740088386,0.9275542812270849,False,True,-1,-0.09942185771595191,0.29792285374856314,0.9312732582782264
30.0,0.3,37,N=160k rejuv,160000,True,0.1,True,4478.3187282408635,0.00878314216899119,5,135845,True,True,0,-0.03515423665841866,0.04815878391902017,1.0057670494831112,True,True,0,-0.06187230463059193,0.09583319027220645,0.9595619201966761,True,True,0,-0.06590034994972503,0.09613398366534917,0.9596053238771582
30.0,0.3,37,N=10k no-rejuv,10000,False,inf,True,70.4868583194488,0.03086259509198528,0,0,True,True,0,0.11178993521086034,-0.13121343737043367,1.0099778273451796,True,True,0,0.1566047120471637,-0.17760854943218912,1.0979292838062769,True,True,0,0.15553835620621168,-0.1721996029546385,1.09156505248352
30.0,0.3,37,N=10k rejuv KL=0.02,10000,True,0.02,True,360.3942485429737,0.04843964352650947,12,14072,True,True,0,-0.0036675042665976765,0.017014651248924925,1.012169104788352,True,True,0,-0.033522029099698814,0.06253601846844807,0.9774473926682802,True,True,0,-0.029276007178280702,0.06478148321489915,0.9749059228778516
30.0,0.3,38,N=10k rejuv,10000,True,0.1,False,8.340231056962555,0.30110509136026103,4,8635,True,True,0,-0.09694030140716237,0.2976129994283495,1.2561473715992635,False,True,-1,-0.28565310056898024,1.2548091626771278,0.9307484937275166,False,True,-1,-0.2667339095601088,1.3230407222517122,0.8808674121957909
30.0,0.3,38,N=40k rejuv,40000,True,0.1,False,36.49271988224792,0.08060846262618815,4,32235,True,True,0,0.026190482826304318,-0.14433105733097826,1.183367011821444,True,True,0,-0.2211812826734948,0.8916432928939784,1.0367567572692602,False,True,-1,-0.2665542672323223,1.0083431910002194,0.9872271390806543
30.0,0.3,38,N=160k rejuv,160000,True,0.1,False,19.220600108712823,0.1835215005044046,4,138669,True,True,0,0.17201591090874913,-0.4012659814004377,1.0728570999340625,True,True,0,-0.06315976339437837,0.28039895772638634,1.0319884573288296,False,True,-1,-0.24464269763901345,0.3853270646417926,0.9826884923872663
30.0,0.3,38,N=10k no-rejuv,10000,False,inf,False,43.88079089687278,0.054157848882142465,0,0,True,True,0,0.049269026388260695,-0.12321855641710983,1.084085678186286,True,True,0,-0.017280728331023565,-0.01182173235683929,1.0877536997123558,True,True,0,-0.0001726278364145295,0.010621400781994656,1.0646438345557454
30.0,0.3,38,N=10k rejuv KL=0.02,10000,True,0.02,False,745.4393107317047,0.02678314286595319,15,19938,True,True,0,0.01338674423589492,-0.0390604394297386,1.020919670776549,True,True,0,-0.05180500961606571,0.11216028232714642,0.9878227215791653,True,True,0,-0.05821204033051536,0.13084793101620448,0.9727660480226789
30.0,0.3,39,N=10k rejuv,10000,True,0.1,True,261.81843696985464,0.01611949574082595,5,7700,True,True,0,-0.06974454560029936,0.1698125362826151,1.1377052198766242,True,True,0,-0.26735685841915025,0.6828478144337202,0.9655111003867611,False,True,-1,-0.28541595272565323,0.7038645417922592,0.956947727793083
30.0,0.3,39,N=40k rejuv,40000,True,0.1,True,23.375374457104915,0.19849088635115478,5,34856,True,True,0,-0.05621780208254451,0.07486304700031404,1.002427318352138,True,True,0,-0.14054570455831936,0.11617146170124087,0.9283631165778149,True,True,0,-0.15401986372484605,0.11315011667869422,0.9279265151978308
30.0,0.3,39,N=160k rejuv,160000,True,0.1,True,22.916186355339356,0.20483467764044175,5,128256,True,True,0,0.12572572472192728,-0.05100085812143402,0.9663877181542014,True,True,0,0.03232211949345354,0.1306089121174851,0.9758887630744636,True,True,0,0.01860873076934816,0.1466078281657087,0.9708133412831104
30.0,0.3,39,N=10k no-rejuv,10000,False,inf,True,23.205364186462077,0.11489535372861709,0,0,True,True,0,-0.03887960841567445,0.1013026311838445,1.0511700579384642,True,True,0,-0.07758431001233196,0.18156998816606199,0.9543981186967535,True,True,0,-0.1443409472796335,0.17910127463434816,0.9594168226777197
30.0,0.3,39,N=10k rejuv KL=0.02,10000,True,0.02,True,314.95604626306755,0.0302311343978446,15,18268,True,True,0,-0.038009335531439536,0.09237960842535026,1.0218511887010664,True,True,0,-0.11898964150706129,0.1473413974378564,0.9348919377946107,True,True,0,-0.13853444747981847,0.14387816467715012,0.9354257217325367
30.0,0.3,40,N=10k rejuv,10000,True,0.1,True,7.385820440729825,0.3343638234581866,4,6787,True,True,0,0.06085678826899388,0.04176220017077221,0.8565044080794936,False,True,-1,-0.1472669597394484,0.2607150001764038,0.8418774777098016,False,True,-1,-0.12302999548230414,0.2753509443242122,0.8421978869413613
30.0,0.3,40,N=40k rejuv,40000,True,0.1,True,3344.060538346742,0.010803813990224455,5,30735,True,True,0,-0.03540980366132357,0.08279631928146328,1.0098341224716931,True,True,0,-0.09831232403000086,0.17999192443238066,0.9464107683887346,True,True,0,-0.09464688956915601,0.1819926324435261,0.9459471896688848
30.0,0.3,40,N=160k rejuv,160000,True,0.1,True,4422.699402726544,0.008702470900569338,5,131020,True,True,0,-0.014301142363811192,0.033664633123587515,0.9990606296153102,True,True,0,-0.03667514862976855,0.07023081082141458,0.9694604152668084,True,True,0,-0.04098166684297341,0.07080747247060092,0.9693118542324822
30.0,0.3,40,N=10k no-rejuv,10000,False,inf,True,43.17384772214565,0.05176633258004712,0,0,True,True,0,-0.03732615249400251,-0.05496952943711248,0.9407107456443972,True,True,0,-0.03911177010454789,-0.07624311411782919,0.9360332478700146,True,True,0,-0.017382214910206806,-0.07410265069232755,0.9405359417338246
30.0,0.3,40,N=10k rejuv KL=0.02,10000,True,0.02,True,1.0334977644659686,0.9836407938081491,9,12808,False,True,-1,-0.4393604279723173,-0.04722218843839978,0.1385346305485175,False,True,-1,0.8427379103200934,-1.0029004929749001,0.1369663331795818,False,True,-1,0.8668936990818816,-1.07623367999083,0.13991710104888863
30.0,0.3,41,N=10k rejuv,10000,True,0.1,True,12.232197797302472,0.27844932092979463,5,8121,False,False,0,-0.007186908830852892,0.11769521850011185,0.8967104735288736,False,True,-1,-0.03920122736397359,0.04877721678702765,0.8957649716283932,False,True,-1,-0.05246148894592842,0.03840474192113451,0.9037809136897874
30.0,0.3,41,N=40k rejuv,40000,True,0.1,True,41.522792190558754,0.13487894015422494,5,29854,False,False,0,-0.0006364132692728876,0.11191332861271826,1.0460368490864618,False,True,-1,-0.03797534810651186,0.3056583739180784,1.0203181884668338,False,True,-1,-0.05222614812082962,0.3196222905139104,1.018043465886819
30.0,0.3,41,N=160k rejuv,160000,True,0.1,True,187.64763925520586,0.039156586909923595,5,123569,False,False,0,-0.002550107307588416,0.17802724523556168,1.0472875280370917,False,True,-1,-0.039089749537302175,0.3747554889474055,1.0072348265386282,False,True,-1,-0.052695664323995625,0.38672462870953905,1.005747081817209
30.0,0.3,41,N=10k no-rejuv,10000,False,inf,True,40.412985350747576,0.0667757457951465,0,0,True,False,1,0.004875965133101817,0.1485884666981755,1.0145311619802522,True,True,0,0.0033269438764130313,0.14311382429138575,0.9095816804921167,True,True,0,-0.009846365987890293,0.13751140174762708,0.9039757764654309
30.0,0.3,41,N=10k rejuv KL=0.02,10000,True,0.02,True,803.3413620539478,0.02445990325385904,19,22169,False,False,0,0.0014051056127796294,0.03760637899193584,0.9800665940691087,False,True,-1,-0.026716306575827617,0.03177469105029549,0.9840910244478649,False,True,-1,-0.036969391452285325,0.0299481850982794,0.9859726981749602
30.0,0.3,43,N=10k rejuv,10000,True,0.1,True,170.49283959035435,0.0361172659421084,4,8782,True,True,0,-0.06322772580327746,0.20124208891965012,0.9600850245628209,False,True,-1,-0.030375824615031143,0.3371480567367963,0.8666515267410796,False,False,0,-0.02437256595887001,0.3399387664615463,0.869440601383051
30.0,0.3,43,N=40k rejuv,40000,True,0.1,True,310.488095536371,0.02231391109229068,4,32057,True,True,0,-0.04614570226467174,0.21024431789120077,1.0883165655570919,False,True,-1,-0.03041743102942841,0.4804510158258416,0.9175293856009893,False,False,0,-0.02440862706808829,0.4964433664414331,0.9060787296619762
30.0,0.3,43,N=160k rejuv,160000,True,0.1,True,50.69526412388372,0.1304359980848496,4,120579,True,True,0,-0.06796868916554963,0.27680341383138474,1.0291983885605418,False,True,-1,-0.0300245783347263,0.2636368019608856,0.864671236685269,False,False,0,-0.024409464761755824,0.24706771108052936,0.8686645942879303
30.0,0.3,43,N=10k no-rejuv,10000,False,inf,True,104.45592821924636,0.023671185593936002,0,0,True,True,0,0.08351644984041356,-0.030442734624019425,1.058789821217889,True,True,0,0.007049383929955667,0.04135406901353292,1.0699471163247463,True,False,1,0.0029632535880482758,0.050350937897883426,1.0642072802501588
30.0,0.3,43,N=10k rejuv KL=0.02,10000,True,0.02,True,2325.4059778111036,0.01103590959979278,14,14253,True,True,0,-0.0034482279340650457,0.019411033429557155,1.0149469583866422,True,True,0,-0.0005297710420829813,0.034509024502148815,0.9974948912671042,False,False,0,-7.922629371147002e-05,0.034981059039727466,0.9949293025571518
30.0,0.3,42,N=10k rejuv,10000,True,0.1,True,214.6100770564716,0.04006151306174226,5,7761,True,True,0,0.019953814681193727,-0.020216530100431226,1.0011610095059558,True,True,0,-0.09780325153609569,0.20872814680078317,0.9721098208793136,False,True,-1,-0.08843672101071015,0.2233535535439967,0.9677662587189823
30.0,0.3,42,N=40k rejuv,40000,True,0.1,True,23825.530654142545,0.001225928259290643,5,33188,True,True,0,0.0011855158010303235,0.0099171561087392,0.9975936023150334,True,True,0,-0.008309166669305063,0.016534978256485918,0.9983162783001481,True,True,0,-0.009007227990737221,0.015907139927803002,0.9980485463405399
30.0,0.3,42,N=160k rejuv,160000,True,0.1,True,2227.9759926586185,0.015841843771935406,5,136764,True,True,0,-0.022490599386228438,0.01854814689092926,1.0105861130404252,True,True,0,-0.0492934942159545,0.06779477740526631,0.9742199817873859,True,True,0,-0.051917879921905816,0.06865009695735118,0.9739171101705516
30.0,0.3,42,N=10k no-rejuv,10000,False,inf,True,84.95334239352613,0.026450118105731005,0,0,True,True,0,0.041582160567391724,0.01963707261498887,0.9355518235991334,True,True,0,-0.014290741866236537,-0.02004460543411661,0.9252363340221408,True,True,0,-0.045253818213665024,-0.02419353158919727,0.9313641685284533
30.0,0.3,42,N=10k rejuv KL=0.02,10000,True,0.02,True,726.166792057017,0.02612733875837676,18,16757,True,True,0,0.018768475396186757,-0.01754173343205228,0.9853988594131612,True,True,0,-0.007178524669491926,0.012043332613985679,0.9920812713338458,True,True,0,-0.009425270712770495,0.015426840070588269,0.9913880500375484
30.0,0.3,44,N=10k rejuv,10000,True,0.1,True,1281.2462083225248,0.011864776715839308,4,7172,True,True,0,-0.031646440564148115,0.08731597246777048,0.9999812545584881,True,True,0,-0.08903896158933228,0.19385423764576643,0.9420156496570091,True,True,0,-0.09826492996935976,0.19535873090706934,0.9461080913512369
30.0,0.3,44,N=40k rejuv,40000,True,0.1,True,4.408809240805397,0.4607119153630909,3,25703,True,True,0,-0.38235092690856276,0.5956144388311788,1.223188090935625,False,True,-1,-0.4183229904898494,1.2545311804622357,0.8948924767933586,False,True,-1,-0.3758130246713023,1.260207644857293,0.9018888772456046
30.0,0.3,44,N=160k rejuv,160000,True,0.1,True,12.37482812103928,0.211610008131898,3,99468,True,True,0,0.06508929305684141,-0.07660491941312307,1.1795728509518792,False,True,-1,-0.412336947688966,1.1162548900222842,1.1066627100341198,False,True,-1,-0.3758833231367283,1.2019212163460198,1.1036387568961288
30.0,0.3,44,N=10k no-rejuv,10000,False,inf,True,18.836455399333047,0.11581447818159539,0,0,True,True,0,0.10783112626981972,-0.12344908729288014,0.8210964347263368,True,True,0,0.2639195588969156,-0.32716738314764576,0.9445314439304413,True,True,0,0.18536595703100167,-0.33288476411496987,0.9502000743609289
30.0,0.3,44,N=10k rejuv KL=0.02,10000,True,0.02,True,462.4906666001916,0.039828000100822256,18,16600,True,True,0,0.01890213636555993,-0.01739841088441079,0.9823853926637074,True,True,0,-0.0007428976202046855,0.013818525753520971,0.9985219967114661,True,True,0,0.0065225660337816516,0.017065302466353644,0.9997646379929008
30.0,0.3,45,N=10k rejuv,10000,True,0.1,False,8.234906503943566,0.32451855788406725,3,6908,True,True,0,-0.22012178302634405,0.23042485703335192,0.9971603349191199,False,True,-1,-0.33974190067026105,1.1185660448598365,0.8619894873218943,False,True,-1,-0.33177235635331154,1.2094048467745562,0.8472698328693209
30.0,0.3,45,N=40k rejuv,40000,True,0.1,False,7.9229554751451134,0.328362252028764,3,30184,True,True,0,0.1569180130121991,-0.12940752271243536,0.9171124806499001,True,True,0,-0.27181570123282944,0.613416089066685,0.9154207719787852,True,True,0,-0.2606356997442488,0.7068504253460424,0.9072119829261626
30.0,0.3,45,N=160k rejuv,160000,True,0.1,False,52.01452676867832,0.08070763213725549,3,104108,True,True,0,-0.00765548704513519,-0.07208904613862428,1.0303659173376607,True,True,0,-0.32761962241464576,0.9432293259657281,0.9783251392759151,False,True,-1,-0.3197553427158724,1.0652594593409668,0.9637986384161966
30.0,0.3,45,N=10k no-rejuv,10000,False,inf,False,22.330750061284107,0.09886368081578231,0,0,True,True,0,0.08749795468300703,0.06599886672871982,0.9076244678936181,True,True,0,-0.028069911826779592,0.022129469279490267,0.9669367963384996,True,True,0,-0.029545876362907897,0.013448705791231488,0.9863362235996385
30.0,0.3,45,N=10k rejuv KL=0.02,10000,True,0.02,False,3127.1967918437585,0.007745302327766055,17,17653,True,True,0,-0.023446370686456386,0.05890274746281791,0.974815953250295,True,True,0,-0.03371331271307543,0.09104353492174516,0.9525201124705198,True,True,0,-0.035487620205353176,0.09159045877909479,0.9546738607273898
30.0,0.3,47,N=10k rejuv,10000,True,0.1,False,19.044197517676142,0.15688177634391504,3,6175,True,True,0,0.052518958501086344,-0.09764190912245847,0.9414622791168334,True,True,0,-0.5384103414746207,1.5005807195496381,1.0105282439993504,True,True,0,-0.49569730738400875,1.7141182862656148,1.0135958513044383
30.0,0.3,47,N=40k rejuv,40000,True,0.1,False,35.8085907135223,0.11240274290738093,3,25971,True,True,0,-0.046945456078716585,0.10407558038793756,0.9802496548700621,True,True,0,-0.4005611787696715,0.9455717674590788,0.8514802227094002,True,True,0,-0.49046464291099306,1.0455554437713745,0.8357167281452496
30.0,0.3,47,N=160k rejuv,160000,True,0.1,False,8.952945763805515,0.31228223098635144,3,103785,True,True,0,-0.012429959158269388,-0.10124213521022359,1.0045317301010623,True,True,0,-0.163397615778829,0.5946854423018544,0.9443851140932604,True,True,0,-0.19539241566441612,0.6923694075535589,0.9112929173072237
30.0,0.3,47,N=10k no-rejuv,10000,False,inf,False,30.64383982241448,0.06479923336633428,0,0,True,True,0,0.05681736234993562,-0.025354590140652302,0.9802946466580307,True,True,0,-0.0278742835663347,0.09269258110595797,0.9535938323727275,True,True,0,-0.04722087840599298,0.10991728026415769,0.9371660358256949
30.0,0.3,47,N=10k rejuv KL=0.02,10000,True,0.02,False,1406.961567974338,0.016907231175213366,16,17654,True,True,0,0.020375889731035768,-0.023241372542011494,0.9615467775755405,True,True,0,-0.02183170075039842,0.06561945673075796,0.9531081786784722,True,True,0,-0.03387344560220523,0.07891815818091891,0.9517330219612047
30.0,0.3,46,N=10k rejuv,10000,True,0.1,True,4.8621834605834655,0.4491436192664342,5,7627,True,True,0,0.2806704395442723,-0.2565636515377591,0.9473131151817128,True,True,0,0.27093152847843505,-0.1558838052521762,0.9133520205989154,False,True,-1,-0.18675063107172432,-0.1314493298901571,0.895644772475664
30.0,0.3,46,N=40k rejuv,40000,True,0.1,True,433.02215579520333,0.027669232923884256,5,30643,True,True,0,-0.03951911587222784,0.14193972334157043,1.114123220919549,False,True,-1,-0.16685240528430356,0.516131347220995,0.9609314606082813,False,True,-1,-0.18719936323116682,0.5326265865432598,0.9584245521505166
30.0,0.3,46,N=160k rejuv,160000,True,0.1,True,3386.644872986323,0.010262272968356672,5,140301,True,True,0,-0.033275825919314383,0.057610578584278205,1.0064064000517523,True,True,0,-0.06874380915512006,0.1054480022661188,0.9552123264839258,True,True,0,-0.07043270352361773,0.10487947869405474,0.9561870111888678
30.0,0.3,46,N=10k no-rejuv,10000,False,inf,True,19.9820953914468,0.12829500678574102,0,0,True,True,0,0.046853684182702526,0.0682625116651114,1.0504701335314492,True,True,0,0.024008312255614922,0.2212662884061915,0.9875595013351471,True,True,0,0.023332064393279894,0.2273174113610264,0.9850963205593836
30.0,0.3,46,N=10k rejuv KL=0.02,10000,True,0.02,True,2428.1684617316723,0.013616615981156668,20,21011,True,True,0,-0.004880802401591,0.019205596825091358,1.0074804306472653,True,True,0,-0.019276097655114788,0.03413185475974443,0.9879734760650903,True,True,0,-0.020932605918943914,0.03387102566877999,0.9866403441330619
30.0,0.3,48,N=10k rejuv,10000,True,0.1,False,20.45622237056007,0.15075175919009856,3,5984,True,True,0,0.059307019735736155,-0.20226819442961108,1.0950134617248266,True,True,0,-0.5276854059269411,1.5952906143083547,1.0868726254574619,False,True,-1,-0.5421480072472471,1.7930168493282523,1.0532633893212813
30.0,0.3,48,N=40k rejuv,40000,True,0.1,False,34.76347400591257,0.14878193199089207,3,27406,True,True,0,0.028602618435222604,-0.09962855810132343,0.9407666156686566,True,True,0,-0.09185921122707341,0.2573005358304376,0.9912866075537868,True,True,0,-0.12710888636940992,0.3022035215373112,0.9788318132835611
30.0,0.3,48,N=160k rejuv,160000,True,0.1,False,21.96556211622867,0.15229955747745694,3,101305,True,True,0,0.054049153954543794,-0.09553791785365381,0.9895704495686568,True,True,0,-0.44155146434025194,0.852693733154309,0.9180073441448987,True,True,0,-0.46433538919979245,0.9559375729570433,0.8909706894921993
30.0,0.3,48,N=10k no-rejuv,10000,False,inf,False,28.841663594897895,0.08338717198955324,0,0,True,True,0,-0.028177024098391845,0.07877280163229188,0.9311931016617133,True,True,0,-0.08502834898504574,0.1423850879156736,0.8805125501494514,True,True,0,-0.11643063731710801,0.14122953225574245,0.8882552088938227
30.0,0.3,48,N=10k rejuv KL=0.02,10000,True,0.02,False,5492.327778635305,0.003183190050253074,15,18166,True,True,0,0.008898484655078698,-0.019620917354577414,0.9882019287629479,True,True,0,-0.023984241457692845,0.06932412536060044,0.981489966928534,True,True,0,-0.029205199678491778,0.08001981043699069,0.9754356906873057
30.0,0.3,49,N=10k rejuv,10000,True,0.1,True,28.5569529095212,0.17281221489380194,5,7660,True,True,0,-0.1596170346855088,0.26764386938768486,1.0807591084359995,True,True,0,-0.16528011885481472,0.1592404023445253,0.8875852939926873,True,True,0,-0.15933764708858938,0.13207926193502592,0.8892070776680094
30.0,0.3,49,N=40k rejuv,40000,True,0.1,True,1.6386445183442093,0.7675899677078406,3,29140,True,True,0,0.10932556830452367,-0.5393886976302571,0.9267628804665747,False,True,-1,-0.3769843463157318,0.07450031544759311,0.6581098611045325,False,True,-1,-0.32754296970004676,0.15495219769219556,0.5925884185731146
30.0,0.3,49,N=160k rejuv,160000,True,0.1,True,8.014217373632258,0.3528562076041557,5,119042,True,True,0,0.12092828037948966,-0.13864223903583497,0.8245093560114378,True,True,0,0.16193381981026594,-0.25355582524565085,0.9842086367151492,True,True,0,0.16835270613280695,-0.25061026164439776,0.9907326694852211
30.0,0.3,49,N=10k no-rejuv,10000,False,inf,True,25.973319748262753,0.089893402795607,0,0,True,True,0,0.030174518051038657,0.05934156943498327,0.8747091009564638,True,True,0,-0.013844358757222897,-0.1252538138848166,0.9529222772889486,True,True,0,0.061101183921861923,-0.1417168500172694,0.9572886740500955
30.0,0.3,49,N=10k rejuv KL=0.02,10000,True,0.02,True,207.37009226698282,0.05335078778391141,16,17404,True,True,0,6.903821540182875e-05,-0.049823220721495774,1.0051333606168904,True,True,0,-0.043068116482330165,0.036765809673878956,1.006088948240817,True,True,0,-0.046909212889182594,0.04614044377684366,1.004392001778779
22.0,0.3,0,N=10k rejuv,10000,True,0.1,False,20.61199781355667,0.19779080187782053,5,8948,True,True,0,0.08187980220748059,-0.16234428666919393,0.9518567833918281,True,True,0,-0.4163102470355823,1.034127945362763,0.9399922425508737,False,True,-1,-0.4661433527261688,1.2037002213750667,0.9304976876857239
22.0,0.3,0,N=40k rejuv,40000,True,0.1,False,3.4042796457840567,0.5398223448758263,5,37824,True,True,0,0.1376852776852433,-0.28144568199267656,0.7517158556837543,True,True,0,0.0799017581955922,0.15201331254706818,0.8647661610561095,True,True,0,0.07534657710897902,0.2356969623969759,0.8575564242189948
22.0,0.3,0,N=160k rejuv,160000,True,0.1,False,118.98277508979217,0.06044810098658834,5,159095,True,True,0,0.00941935625535184,0.0256218339102472,1.006328983620977,True,True,0,-0.3035369183784233,0.6634482129930716,0.9011310822551132,True,True,0,-0.3253843460152859,0.7426349641233249,0.8844674657086288
22.0,0.3,0,N=10k no-rejuv,10000,False,inf,False,9.707210188054395,0.1847575185355618,0,0,True,True,0,-0.003101238839063436,0.16640599281176927,1.0662489466366432,True,True,0,-0.015192848259463432,-0.15943159908851878,1.000823809977152,True,True,0,0.0764008069662317,-0.21782424676867665,0.9998732111773906
22.0,0.3,0,N=10k rejuv KL=0.02,10000,True,0.02,False,1150.206677313574,0.01157209179761874,13,16641,True,True,0,0.013000215603627518,0.0010511958246931105,0.9536810360536226,True,True,0,-0.07795023641613297,0.2057127237636212,0.9278380958305259,True,True,0,-0.09402786992865991,0.2318382682139122,0.920609268466111
22.0,0.3,1,N=10k rejuv,10000,True,0.1,True,4051.8979505645602,0.006385413590351982,8,9743,True,True,0,0.004640611582919174,-0.004075127283223908,1.0091927421646139,True,True,0,-0.008702883200822464,0.031102610469109254,0.990811049819812,True,True,0,-0.009931078866150647,0.0332526810336867,0.9887720392721637
22.0,0.3,1,N=40k rejuv,40000,True,0.1,True,8436.109542423324,0.0074480901972517645,8,41843,True,True,0,0.0059932476758362,-0.013476276564932877,1.0056302243577087,True,True,0,-0.01713551752722922,0.029707065891757062,0.9937255444166864,True,True,0,-0.01994978329455241,0.033044569229387984,0.9905181950345686
22.0,0.3,1,N=160k rejuv,160000,True,0.1,True,7736.17737993962,0.009448928624448816,8,177523,True,True,0,-0.004306059457090061,0.003635328220879967,0.9964577904677414,True,True,0,0.00016588777102244379,-0.009106053960781317,0.9987719933082803,True,True,0,0.009763256384578048,-0.010062709935318005,0.9999703311507852
22.0,0.3,1,N=10k no-rejuv,10000,False,inf,True,33.37844526807477,0.0722054303836065,0,0,True,True,0,-0.020048020514400022,0.14050461307093645,0.951713698883881,False,True,-1,-0.0947875991910605,0.10613287184968691,0.9976565740960743,False,True,-1,-0.05230149085709698,0.09278432577930013,0.9974326323865734
22.0,0.3,1,N=10k rejuv KL=0.02,10000,True,0.02,True,4048.944312098331,0.004437346038056625,17,18401,True,True,0,0.00554896077441791,-0.015405535081654645,1.0040004106125715,True,True,0,-0.013579436250456434,0.01337116982088514,0.997237777160136,True,True,0,-0.011904918130900458,0.016124580545541615,0.9959488210520773
22.0,0.3,2,N=10k rejuv,10000,True,0.1,True,23.34147512340879,0.20375561334374384,5,6900,True,True,0,0.14574008679460448,-0.1371967602129011,0.945971319789683,True,True,0,-0.09952304049554055,0.09999862583835137,1.0235124734825825,True,True,0,-0.10011699988144204,0.12833975941985198,1.0127866661635712
22.0,0.3,2,N=40k rejuv,40000,True,0.1,True,1239.8306199088204,0.021450356473920875,5,30560,True,True,0,0.05862750540470307,-0.1200302502644392,0.9892134403170213,True,True,0,-0.04586559893972825,0.11341960645023855,1.0171420964401854,True,True,0,-0.06389692734847058,0.13928739689532688,1.0003716221932868
22.0,0.3,2,N=160k rejuv,160000,True,0.1,True,5259.846696241893,0.009205164557534768,5,132407,True,True,0,0.04876021839892675,-0.09474331973547817,0.9669936030284142,True,True,0,-0.006465370888604577,0.033474401065606625,1.0285144524408958,True,True,0,-0.02029530237090911,0.05157389462396164,1.016600871165874
22.0,0.3,2,N=10k no-rejuv,10000,False,inf,True,16.255820456312748,0.10555988088918436,0,0,True,True,0,-0.08894003793821703,0.06502793469627127,0.8939531256198775,True,True,0,0.04973093642575127,-0.21233680792964527,0.8384655889418913,True,True,0,-0.020980830225172345,-0.2325929914215226,0.8534851618858325
22.0,0.3,2,N=10k rejuv KL=0.02,10000,True,0.02,True,2415.335380357081,0.013185710151016893,17,18911,True,True,0,0.006664340340473474,-0.0005288309862282498,0.989558688571371,True,True,0,-0.015281765026435606,0.028502390708434685,0.9917428879272594,True,True,0,-0.00940067061616702,0.0297747644063712,0.9924097518534921
22.0,0.3,3,N=10k rejuv,10000,True,0.1,True,6718.2937725638485,0.005505353967470939,7,7550,True,True,0,-0.004112328996750958,0.006504157209066368,1.001132615500665,True,True,0,-0.004473121259706045,-0.00786490342261236,0.9962077216599996,True,True,0,-0.003544677883219348,-0.009040994793464974,0.9974769380473044
22.0,0.3,3,N=40k rejuv,40000,True,0.1,True,33335.23018086437,0.0005491442366595578,7,37424,True,True,0,-0.002395481748211137,0.006395758732317044,0.9992035936629736,True,True,0,-0.001835176613859478,0.002469300814876688,1.0033261988657698,True,True,0,-0.0015132634201071027,0.0017796217682311268,1.003261225751032
22.0,0.3,3,N=160k rejuv,160000,True,0.1,True,119108.49012591498,0.0006462880494072617,7,127860,True,True,0,-0.0016770403525425692,0.0038267633831717577,0.9991981845959181,True,True,0,-0.0022967194923888823,0.0029911851314662883,0.9955943005493899,True,True,0,-0.002043055244148842,0.0026477866531558086,0.9953983229169873
22.0,0.3,3,N=10k no-rejuv,10000,False,inf,True,21.179544833691477,0.11628909138983257,0,0,True,True,0,-0.057502814450968553,0.19376899290515603,1.0253781747315536,False,True,-1,-0.025804185672535514,0.0592733485241545,0.9504790032800947,False,True,-1,-0.031054797030194883,0.037667617730659145,0.9558256966003363
22.0,0.3,3,N=10k rejuv KL=0.02,10000,True,0.02,True,8623.220208012955,0.0009798165239501225,18,16344,True,True,0,0.00013140048698206952,-0.005938856420825651,0.9912120158249228,True,True,0,-0.002434047137103587,-0.0031636771060013142,0.9871215745735362,True,True,0,-0.003518635021955027,-0.0025631072932037697,0.9859823415839043
22.0,0.3,4,N=10k rejuv,10000,True,0.1,True,927.5608247928368,0.023810021111264276,7,8937,True,True,0,-0.010493328656188267,0.06796548507699553,0.9995446709330983,False,True,-1,-0.04202242654338001,0.11289339975337183,0.9594723098057791,False,True,-1,-0.046420157317710625,0.10818458122600373,0.9636558581673291
22.0,0.3,4,N=40k rejuv,40000,True,0.1,True,8716.534784848602,0.003942685138686713,7,40719,True,True,0,-0.01393983816707664,0.05069951038751965,1.0047048921204749,False,True,-1,-0.039768211837856206,0.09867238289358554,0.9722928728600607,False,True,-1,-0.046420157317710625,0.09568084399372692,0.9772364036359639
22.0,0.3,4,N=160k rejuv,160000,True,0.1,True,1002.3562480974331,0.021574022551872275,7,165165,True,True,0,0.018326715105034752,-0.03401591371000009,1.0237546960965473,True,True,0,-0.0012864046458990544,-0.016242147395547545,1.0118467455696514,True,True,0,0.015707868348131072,-0.012434574366770677,1.006177410762259
22.0,0.3,4,N=10k no-rejuv,10000,False,inf,True,26.08953756173914,0.11994425432127793,0,0,True,True,0,0.10023188572257247,-0.04037180420671734,1.1330095227950192,False,True,-1,-0.034179894647073855,0.2283427908831714,1.0705836998998213,True,True,0,-0.004865558840320763,0.24178546078017718,1.072705859239084
22.0,0.3,4,N=10k rejuv KL=0.02,10000,True,0.02,True,818.1759802334032,0.030238641228423627,17,17423,True,True,0,-0.009113873108432397,0.024334448818369513,0.9750548931169803,False,True,-1,-0.02380053731409524,-0.01640706554520467,0.9769210605014093,True,True,0,0.010123895745413655,-0.0201409520624028,0.9764628247865658
22.0,0.3,5,N=10k rejuv,10000,True,0.1,False,30.36214786453477,0.10479352903069791,5,9843,True,True,0,0.19878817088521739,-0.4880769782159158,1.0482121180555264,True,True,0,-0.09579545754535002,0.47175418352238707,1.0513657184439376,False,True,-1,-0.2512916723569066,0.6156940908491364,0.9932851613200022
22.0,0.3,5,N=40k rejuv,40000,True,0.1,False,40.41401698209342,0.09121626668198946,5,37280,True,True,0,0.060987229688058364,-0.0674423581369139,1.0354589597758503,False,True,-1,-0.27744760632330245,0.8084188330935028,0.9544089528700604,False,True,-1,-0.26380788381863235,0.9002771909159714,0.9219077385231467
22.0,0.3,5,N=160k rejuv,160000,True,0.1,False,15.025405687703863,0.1942044108518568,5,151963,True,True,0,-0.23139927655973608,0.23111221819721406,0.915233761459231,True,True,0,-0.25743076577981927,0.5353991196955084,0.7951706729694561,False,True,-1,-0.25551489209731143,0.5407158264776414,0.7957550238229908
22.0,0.3,5,N=10k no-rejuv,10000,False,inf,False,13.97168697475932,0.1546848659056405,0,0,True,True,0,-0.1105503732916916,0.3364403140270385,1.0744863725869414,True,True,0,-0.24827590315535833,0.05854325077904533,0.8385411043663605,True,True,0,-0.06672759867134068,-0.003519532240667216,0.8730905289149569
22.0,0.3,5,N=10k rejuv KL=0.02,10000,True,0.02,False,1963.5502290032687,0.008704867313049288,15,17551,True,True,0,0.0006692813843307555,-0.017845781039168247,0.9719138982879952,True,True,0,-0.0402538223783977,0.09251611303765117,0.9675731552237863,True,True,0,-0.03408248316175888,0.10506733628740476,0.966495625562832
22.0,0.3,6,N=10k rejuv,10000,True,0.1,True,4583.726106566823,0.005935504772811221,6,9189,True,True,0,-0.002586993968292206,-0.0006367193658157519,1.007168379583851,True,True,0,-0.018346996290410894,0.028245658219662354,0.9807201813627351,True,True,0,-0.02310921996764989,0.029938504226274566,0.9815114619310501
22.0,0.3,6,N=40k rejuv,40000,True,0.1,True,5824.573127040266,0.005910262835106573,6,30679,True,True,0,-0.016433790333658327,0.030602234916142824,1.0001805671195099,True,True,0,-0.025967080478464077,0.04158853155056184,0.9772862395556653,True,True,0,-0.03635248568275892,0.03957263880129649,0.9795776615464082
22.0,0.3,6,N=160k rejuv,160000,True,0.1,True,38072.72772599042,0.0017323121887441472,6,142238,True,True,0,-0.010026338340486052,0.015031808802681842,1.0031517246854602,True,True,0,-0.01659957724884982,0.0314458507487716,0.9889586464109338,True,True,0,-0.01816478230571056,0.03108045917512798,0.9890231000274692
22.0,0.3,6,N=10k no-rejuv,10000,False,inf,True,28.519067591978434,0.08126259881940802,0,0,True,True,0,0.06343084438714108,0.0018505951094282965,1.1072024374723022,True,True,0,-0.01867952704457078,0.05795006625693564,1.0396239534846863,True,True,0,-0.05334385635263937,0.06097192296259993,1.04420344876237
22.0,0.3,6,N=10k rejuv KL=0.02,10000,True,0.02,True,2313.185826591149,0.010318212632956694,14,16361,True,True,0,-0.01652534491229074,0.013340271882283353,1.020757994478163,True,True,0,-0.03970003820228596,0.07119808311710364,0.97690923845697,True,True,0,-0.039117275069605856,0.07332886319210392,0.9751277944933927
22.0,0.3,7,N=10k rejuv,10000,True,0.1,True,257.00204590596593,0.02998991122791864,6,10035,True,True,0,0.042222692996529476,-0.06327654571984988,1.0572605165388655,True,True,0,-0.11573767801972475,0.2664215858095493,1.0192752927023985,True,True,0,-0.1420212377275959,0.2906925086782518,1.0020234421865506
22.0,0.3,7,N=40k rejuv,40000,True,0.1,True,422.7240100880461,0.030742693363994038,6,36662,True,True,0,0.0619697511220374,-0.06832315849760646,1.0105303446443177,True,True,0,-0.018705106394753424,0.1268468997476684,1.0065470099073823,True,True,0,-0.0679758128226717,0.14437230173926544,0.9935815395152863
22.0,0.3,7,N=160k rejuv,160000,True,0.1,True,543.7621649304248,0.021576273032674696,6,152796,True,True,0,0.054836248568489676,-0.08628219752345329,0.9987883062032104,True,True,0,-0.0204575720964702,0.10186070885443081,1.0150541128462687,True,True,0,-0.06447602693602096,0.12084416411663292,1.002817137790248
22.0,0.3,7,N=10k no-rejuv,10000,False,inf,True,9.059541129187636,0.21340704134306868,0,0,True,True,0,0.02951300554749947,-0.02079816669802723,1.0490619023264516,True,True,0,-0.07934774816462237,0.03542263159387314,1.152189888660076,True,True,0,-0.052770245196086,0.04058528432499632,1.1399560445986916
22.0,0.3,7,N=10k rejuv KL=0.02,10000,True,0.02,True,6037.390210214956,0.0033345471796162986,17,20194,True,True,0,-0.01289080670571996,0.01690012671152996,0.9938742008209938,True,True,0,0.0016372388195494414,-0.0007699557053288091,0.9950926766063308,True,True,0,0.005541565167151263,-0.003452831085504737,0.9955717586339164
22.0,0.3,8,N=10k rejuv,10000,True,0.1,False,10.12253372136532,0.22260325272900489,5,8498,True,True,0,0.008312743682237556,-0.2509455951260128,0.9674428035039786,True,True,0,-0.5524832867050697,0.7249858974321638,0.9383737910236318,False,True,-1,-0.5925115966597531,0.8043730084873411,0.928315049927209
22.0,0.3,8,N=40k rejuv,40000,True,0.1,False,10.300430849261966,0.26186888455576773,5,37989,True,True,0,0.019643930836258483,-0.050787858604297964,0.9205509684896879,True,True,0,-0.15176170590415983,0.4772439088342054,0.9121995885082261,True,True,0,-0.2860699828817534,0.513512453219019,0.9083352898661693
22.0,0.3,8,N=160k rejuv,160000,True,0.1,False,83.08723839370461,0.057066451748673246,5,149014,True,True,0,-0.04508210406575075,-0.12076629146640974,1.2121002698047534,True,True,0,-0.2868315952094936,0.6494796648826322,1.059350984099801,True,True,0,-0.30063183303513774,0.7060564622843131,1.0325547298680238
22.0,0.3,8,N=10k no-rejuv,10000,False,inf,False,7.404772291899861,0.3061829674558155,0,0,True,True,0,-0.04923657451234953,0.043263378234022376,0.9157542775747161,True,True,0,0.09989589012327427,-0.07331614512998955,0.8220351991248672,True,True,0,0.11289726568107883,-0.08384429543343344,0.8300186478101386
22.0,0.3,8,N=10k rejuv KL=0.02,10000,True,0.02,False,6246.586216671355,0.005316427748509954,21,17585,True,True,0,-0.0014786347097491825,0.005577275229171974,0.9963831374721055,True,True,0,-0.0054163309967323325,0.03913487938450455,1.0023960388726008,True,True,0,-0.00520942933259827,0.04074732417354483,1.0029347555265185
22.0,0.3,9,N=10k rejuv,10000,True,0.1,False,2386.256125511703,0.00928679801855538,6,7533,True,True,0,0.06883773553724815,-0.11081248777124907,1.0134705660815895,True,True,0,-0.047983692252961646,0.09364668805827563,1.0369461013760328,True,True,0,-0.0630262082589742,0.11104959561046984,1.0264688516911833
22.0,0.3,9,N=40k rejuv,40000,True,0.1,False,3317.583126777113,0.00922565036698258,6,32100,True,True,0,0.03669352968021311,-0.05392652096751543,0.9949891761695577,True,True,0,-0.00923309586710519,0.027636024961699434,1.0077077675026789,True,True,0,-0.020041760079699905,0.03534590170458308,1.0020544090668067
22.0,0.3,9,N=160k rejuv,160000,True,0.1,False,467.8351467077378,0.04001159746645469,6,121688,True,True,0,0.03078103157405665,-0.03686106129003568,0.9924739076899631,True,True,0,-0.005561974657162072,-0.008831882543486526,1.0041866921793932,True,True,0,-0.007612790947753856,-0.004735221142277806,0.9999482832403579
22.0,0.3,9,N=10k no-rejuv,10000,False,inf,False,13.71832854919239,0.16633778035619076,0,0,True,True,0,-0.0957339448187493,0.0220091425768606,0.7953130881238158,True,True,0,-0.1925639896830615,0.11904977641361901,0.9104311579742235,True,True,0,-0.16003640084779797,0.12141939697196573,0.9100116907389754
22.0,0.3,9,N=10k rejuv KL=0.02,10000,True,0.02,False,5922.263333422666,0.004076847191604928,19,19927,True,True,0,0.04721166321652992,-0.06296354232440476,1.0138456292295341,True,True,0,-0.02470553938608902,0.0449455490584887,1.0111115331741516,True,True,0,-0.03181773293518994,0.05448406633639109,1.003466558014148
22.0,0.3,10,N=10k rejuv,10000,True,0.1,True,5552.339227029584,0.0021229540370795164,7,8331,True,True,0,0.004523933580141859,-0.001951311187069677,1.0023021585290206,True,True,0,-0.007452729169321062,0.03240994954674134,1.0018598665955627,True,True,0,-0.0070289206021728265,0.03458027730658201,0.9999679321938014
22.0,0.3,10,N=40k rejuv,40000,True,0.1,True,22754.22220581827,0.0015069071719179283,7,38055,True,True,0,-0.0014152402143132181,0.0026210519708278757,1.0055675974540843,True,True,0,-0.002863655354787012,0.006611173599537494,0.9982989606642099,True,True,0,-0.005052158774926388,0.006656669702431513,0.9970702318442469
22.0,0.3,10,N=160k rejuv,160000,True,0.1,True,67026.71962614375,0.0011697432219698082,7,148350,True,True,0,-0.003937276110942356,0.006816917600266143,0.9994335135089817,True,True,0,-0.003114361395190224,0.0013897501387246044,0.9952040678059941,True,True,0,-0.003420423966842931,0.000574907792322484,0.9951662330361547
22.0,0.3,10,N=10k no-rejuv,10000,False,inf,True,20.316856725457708,0.10753187890043721,0,0,True,True,0,-0.04084252377184855,-0.12051971952373476,0.9729840771738225,True,True,0,0.030140421102874945,-0.08429867455555452,0.992054696432754,True,True,0,-0.005167696356023953,-0.07341924716802242,1.001448891812276
22.0,0.3,10,N=10k rejuv KL=0.02,10000,True,0.02,True,5347.464024790226,0.00508427919981482,19,21643,True,True,0,-0.004637842142610316,-0.003946735957985661,0.9994892964307498,True,True,0,-0.0031147749115578854,-0.012233400465338289,0.986116430156047,True,True,0,-0.005114282987190709,-0.01243643268477429,0.9857282702998259
22.0,0.3,11,N=10k rejuv,10000,True,0.1,False,1340.4488463512203,0.023201882270391515,6,10016,True,True,0,-0.04646685892530375,0.06654906216278925,0.9678978924061366,True,True,0,-0.04735659839657179,0.055072546388634555,0.9445429453176858,True,True,0,-0.025244045536860993,0.05097137018990113,0.9476081585603441
22.0,0.3,11,N=40k rejuv,40000,True,0.1,False,942.1594410001152,0.02287513674207593,6,37378,True,True,0,-0.014835201271649279,0.03316898555359247,0.9738834880965057,True,True,0,-0.029000256532092858,0.043718310705819066,0.9585240111257046,True,True,0,-0.015947901303522166,0.04339248921230741,0.9593099857161249
22.0,0.3,11,N=160k rejuv,160000,True,0.1,False,132.91195703150655,0.08301227899248073,6,147999,True,True,0,0.028651349752378763,-0.0028930738208935046,0.9710036758105157,True,True,0,0.027811018617885513,-0.01389451224325925,0.9866592324934894,True,True,0,0.027662897145938004,-0.01493081245101639,0.9891951842330453
22.0,0.3,11,N=10k no-rejuv,10000,False,inf,False,20.032080138901772,0.11233860751829434,0,0,True,True,0,0.16438574162332104,-0.23152179246209376,1.0101219887694743,True,True,0,0.22754565043079786,-0.2045245817112697,1.1021098444592494,True,True,0,0.2356765941438333,-0.19162222942290047,1.100907281939018
22.0,0.3,11,N=10k rejuv KL=0.02,10000,True,0.02,False,6540.703411030166,0.003068487703884009,15,21132,True,True,0,-0.0017112841027536185,0.0015664221055005888,0.9925062777545821,True,True,0,-0.006120553414130647,0.011456845841832475,0.98926370356163,True,True,0,-0.006738132717952511,0.012433402303880422,0.9906082245330994
22.0,0.3,12,N=10k rejuv,10000,True,0.1,False,62.110441009832535,0.055809706931275856,5,10486,True,True,0,0.12017560917007541,-0.3150222822791058,0.9648477730438595,True,True,0,-0.19816333824123175,0.6726352689132068,1.039959408487429,True,True,0,-0.24486236621168522,0.8289125782173442,1.0150887354752542
22.0,0.3,12,N=40k rejuv,40000,True,0.1,False,17.186341796716615,0.17825815323806848,5,34526,True,True,0,0.13485704921286645,-0.18171947152345636,0.803321527979308,True,True,0,-0.12870436125287138,0.39934698511210776,0.8690664866524141,True,True,0,-0.14081298161449787,0.49096372688095363,0.8619906882125109
22.0,0.3,12,N=160k rejuv,160000,True,0.1,False,13.930168272877877,0.26148682267296197,5,151184,True,True,0,-0.14045282246855173,0.18169783249952948,0.9080290682575437,True,True,0,-0.27658372668907605,0.5917779526679329,0.780877476718956,True,True,0,-0.31560165817666097,0.6285376341686045,0.7748493731942234
22.0,0.3,12,N=10k no-rejuv,10000,False,inf,False,8.499638049749256,0.2209105086793365,0,0,True,True,0,0.0010160725022265726,-0.09503156234192787,1.1031793814893043,True,True,0,0.033598735686158454,-0.13929604252510575,1.2631705047443378,True,True,0,0.03621022595361362,-0.1364755658168576,1.2632364651439008
22.0,0.3,12,N=10k rejuv KL=0.02,10000,True,0.02,False,2216.6058512143645,0.006412231439827528,16,15994,True,True,0,0.013213033299276145,-0.017353768697246977,0.9404292235796846,True,True,0,-0.024884483450790584,0.09514399796182486,0.9458090171005838,True,True,0,-0.030144530419025428,0.11127683123374979,0.9430669696120191
22.0,0.3,14,N=10k rejuv,10000,True,0.1,False,44.748431148538174,0.09941542662304373,5,8663,True,True,0,-0.10225087629753793,0.12991685481812576,1.45982969535465,True,True,0,-0.4372326382406808,1.6584646547191908,1.2397189757076967,True,True,0,-0.4044640920406323,1.7948398356882609,1.2061654306494785
22.0,0.3,14,N=40k rejuv,40000,True,0.1,False,66.88004910296372,0.0704184143572055,5,35526,True,True,0,-0.15047811673455214,0.1997335124478636,1.4333549738552809,True,True,0,-0.44339180180157056,1.4432211949871385,1.13129644809621,True,True,0,-0.41771143567769164,1.5484638877369,1.0957900086984338
22.0,0.3,14,N=160k rejuv,160000,True,0.1,False,6.424585845463611,0.31241893231658496,5,147898,True,True,0,0.06726435429370281,-0.14453769220414184,1.0928299590592012,True,True,0,-0.22554488251918675,0.6711220087941967,0.959295039828395,False,True,-1,-0.44706316660554224,0.7568557801665423,0.9296823432818864
22.0,0.3,14,N=10k no-rejuv,10000,False,inf,False,10.697893361322182,0.21574604595862062,0,0,True,True,0,0.06510488822428484,-0.1776892818824207,0.9567776539707774,True,True,0,0.01511837150985429,0.07792767573635315,0.8870484440506423,True,True,0,-0.1352704301570894,0.11281943522397318,0.8772907322653608
22.0,0.3,14,N=10k rejuv KL=0.02,10000,True,0.02,False,1179.9769147041625,0.01899745115977962,18,17409,True,True,0,-0.012214189555292743,0.05116920852921487,1.0051166342663334,True,True,0,-0.06755609907871929,0.16545314903176517,0.9696077864758756,True,True,0,-0.07673415880771028,0.17313691746373697,0.9658819867092823
22.0,0.3,13,N=10k rejuv,10000,True,0.1,True,871.2751720440964,0.027241210998309538,7,10580,True,True,0,-0.007149282953137104,-0.012817490438040424,1.0046097356848984,True,True,0,0.007840808705908309,0.008520107518564881,1.0208316394917314,True,True,0,0.004287338540902963,0.010533429884460993,1.0185612212073523
22.0,0.3,13,N=40k rejuv,40000,True,0.1,True,5309.972730786076,0.008361893204119107,7,36095,True,True,0,0.0038606710644060183,-0.013442610925851974,1.0107231693403202,True,True,0,-0.014360472785603817,0.019446208455349407,0.9932031872798748,True,True,0,-0.01946573523549122,0.022058125973063395,0.9900098180659281
22.0,0.3,13,N=160k rejuv,160000,True,0.1,True,710.6139831672741,0.03602111194925261,7,159571,True,True,0,0.011050336827945983,0.008860690821148676,0.9834934826241066,True,True,0,0.01878777213871463,-0.03381421796864817,0.9967927154128486,True,True,0,0.02085087076714487,-0.036535485064686846,0.999582999978088
22.0,0.3,13,N=10k no-rejuv,10000,False,inf,True,15.563082923822742,0.12163701647602143,0,0,True,True,0,0.002782238484637767,-0.06602255153513213,0.827173552600718,True,True,0,0.17785226023292056,-0.20807921414341982,0.9000367572080237,True,True,0,0.1357276237473648,-0.20970464036345277,0.9002590749428977
22.0,0.3,13,N=10k rejuv KL=0.02,10000,True,0.02,True,7243.624257475421,0.0012549398727440286,16,15929,True,True,0,-0.004375675068823748,0.013673729730218583,1.021125905442218,True,True,0,-0.005860470614165281,0.019775188033317088,1.0197844694168303,True,True,0,-0.0015416620179136142,0.019001595397866583,1.0171018627568826
22.0,0.3,15,N=10k rejuv,10000,True,0.1,True,685.5414849434588,0.02307368028900385,7,9851,True,True,0,0.009241329463660408,-0.12461976235178505,1.055715431720941,True,True,0,-0.12205135547679852,0.2340284343829534,1.0424497540687707,True,True,0,-0.1399097159537068,0.26172406346575805,1.0217426572367194
22.0,0.3,15,N=40k rejuv,40000,True,0.1,True,250.97200260749133,0.056277946844548316,7,37973,True,True,0,-0.026947058910604227,0.010632675398641957,1.0756590424410668,True,True,0,-0.09973800216710316,0.14417272907800574,0.9836035424581036,True,True,0,-0.11621482893681373,0.14871336298858123,0.9718020107886443
22.0,0.3,15,N=160k rejuv,160000,True,0.1,True,3742.467109847485,0.01148783689658711,7,169293,True,True,0,0.013219320288035297,-0.04808520207385121,1.0143108517696409,True,True,0,-0.04330640664955154,0.06635401298667633,1.003618637215872,True,True,0,-0.052253575182511613,0.07603331703339239,0.9949620415392351
22.0,0.3,15,N=10k no-rejuv,10000,False,inf,True,22.410067205505356,0.10612246068240538,0,0,True,True,0,-0.0006421503276469176,-0.1649549782125618,1.1293292167826778,True,True,0,-0.24784806218928762,0.4462795235387425,1.0807137790559498,True,True,0,-0.1602574353486762,0.4886805779840543,1.04758511909039
22.0,0.3,15,N=10k rejuv KL=0.02,10000,True,0.02,True,735.8235752599876,0.017939084604223124,17,18855,True,True,0,-0.007255619389624712,0.012612174461222054,1.030425969925545,True,True,0,-0.03662694430944813,0.0550371931703583,0.9884605525006537,True,True,0,-0.033869648438544675,0.05554525931887145,0.9806306200200442
22.0,0.3,16,N=10k rejuv,10000,True,0.1,True,1663.4792223168756,0.01278363051689188,6,8362,True,True,0,-0.012411758919997518,0.03790379391491373,0.9946575111701245,False,False,0,-0.007772726573273437,0.06746110186735427,0.960837293233336,False,False,0,-0.003937195574659893,0.06682111951866489,0.9621552363144911
22.0,0.3,16,N=40k rejuv,40000,True,0.1,True,6532.8104040788085,0.0038615514170923775,6,36817,True,True,0,-0.007838902047157342,0.025533216946297534,1.002884581482113,False,False,0,-0.0067786666641685075,0.06992156691594645,0.9744497961993108,False,False,0,-0.0038757904627960238,0.07123438883626068,0.9744770827118967
22.0,0.3,16,N=160k rejuv,160000,True,0.1,True,3409.5229952390414,0.014807366678930215,6,150608,True,True,0,0.00602184470054537,-0.009832799933739289,0.9990645179827256,False,False,0,-0.00239878632392314,-0.011055537447495035,1.0055281797568045,False,False,0,-0.0038452640116354384,-0.010430345000792145,1.0051164772683931
22.0,0.3,16,N=10k no-rejuv,10000,False,inf,True,76.2058751520158,0.030599113927425856,0,0,True,True,0,-0.002290152401448059,0.050069465671018866,1.0091489893597212,False,False,0,0.0030603952780178714,0.10563594690451414,0.9711870060461074,False,False,0,-0.0007986638895922694,0.10596771256053118,0.9704298176852589
22.0,0.3,16,N=10k rejuv KL=0.02,10000,True,0.02,True,2261.648775778964,0.012892222055016778,14,18041,True,True,0,-0.0016695275014207978,0.023371467866108463,1.0021022010769218,False,False,0,-0.007082971618895358,0.02692678772924115,0.9964590633258777,False,False,0,-0.003937195574659893,0.02548701448914877,0.9956772522654807
22.0,0.3,17,N=10k rejuv,10000,True,0.1,False,38.903603369737716,0.06966481427920547,5,8060,True,True,0,-0.02112264564913635,0.06661485503315281,1.3377368685948987,True,True,0,-0.5471184321841164,1.6095072827610029,1.2391917776861066,True,True,0,-0.5790897420868361,1.7568462271361753,1.205545541306287
22.0,0.3,17,N=40k rejuv,40000,True,0.1,False,20.06681580312978,0.174510864844968,5,35546,True,True,0,0.010780537389871725,0.17117122061669648,1.0774769608434545,True,True,0,-0.4061068961242362,0.7463388160686268,0.965021437895221,True,True,0,-0.41989003504069206,0.7908129537224059,0.9516133631154299
22.0,0.3,17,N=160k rejuv,160000,True,0.1,False,5.529831409284352,0.4195303242334911,5,148165,True,True,0,-0.27051995353978453,0.392286780087363,1.0463051677207613,True,True,0,-0.46541623173359736,0.7762137813043228,0.8606159329352077,True,True,0,-0.47456916792005255,0.7860432838765369,0.8556220423522332
22.0,0.3,17,N=10k no-rejuv,10000,False,inf,False,4.5499884701206215,0.3500048570310146,0,0,True,True,0,-0.2160279430351716,0.17240937596471073,0.8629343650269317,True,True,0,0.10546276023251822,0.12238161506608028,0.8216659064883586,True,True,0,0.1263231727093196,0.1051362431723133,0.834256434920154
22.0,0.3,17,N=10k rejuv KL=0.02,10000,True,0.02,False,3.5346770408128005,0.5315376598827138,18,20813,True,True,0,0.16072286405410507,-0.9003173679729636,1.0476235124971782,True,True,0,0.1911817924095549,-1.0415435549760803,1.202967648263528,True,True,0,0.20190454426311433,-0.9911637058506134,1.1711760064576981
22.0,0.3,18,N=10k rejuv,10000,True,0.1,True,155.28719716913852,0.06940322007354562,6,8551,True,True,0,0.041190968968290165,-0.11534906794891543,0.9925110533589973,False,True,-1,-0.010947752970237368,0.12532901357195458,1.0142716721161094,False,True,-1,-0.020553694787043178,0.15159962435159224,0.9995049222377013
22.0,0.3,18,N=40k rejuv,40000,True,0.1,True,6.0289347650695095,0.40670812659281236,6,37250,True,True,0,-0.10666186715820083,0.045491988060158355,0.7744104424447351,False,True,-1,-0.015685557818429542,-0.3165304823555758,0.9137911552011407,False,True,-1,-0.015642423462330694,-0.34163943951854425,0.9343683927731902
22.0,0.3,18,N=160k rejuv,160000,True,0.1,True,2717.289275072542,0.007604504987038729,6,151183,True,True,0,0.012633685309596243,-0.05447028509176836,1.0024735171421475,True,True,0,-0.0064142137999599405,0.06766374717971775,1.0053179965171792,False,True,-1,-0.010231532416310484,0.08053755627004981,0.9953651963975382
22.0,0.3,18,N=10k no-rejuv,10000,False,inf,True,12.520990703639564,0.19491102824499756,0,0,True,True,0,-0.12440397102391487,0.14625741807600884,1.1076740442889197,True,True,0,0.0005407669567831716,0.27874813601515885,1.125054402973758,False,True,-1,-0.025156256144743587,0.2696038017749916,1.1197166621869095
22.0,0.3,18,N=10k rejuv KL=0.02,10000,True,0.02,True,113.85415484817146,0.08798845118501639,14,18006,True,True,0,-0.012066136986567777,0.011776339615832949,0.9687133638762245,True,True,0,-0.006906883567459353,-0.015070942264541302,1.010248239067773,False,True,-1,-0.007655201778020364,-0.01787864445626724,1.017416166322856
22.0,0.3,20,N=10k rejuv,10000,True,0.1,False,44.21186050636755,0.1433812750231959,6,10217,True,True,0,0.0740298409863075,-0.1880910382382653,1.0242604699002202,True,True,0,-0.024615868963623923,0.24816300069417205,1.0801261316071484,True,True,0,-0.050568742775221664,0.29203373310797676,1.062388010283055
22.0,0.3,20,N=40k rejuv,40000,True,0.1,False,1.1346932868507156,0.9387302692846037,6,49662,False,True,-1,-0.15777296008836048,-0.6457722923900481,0.29116902903563524,False,True,-1,-0.07860847857215145,-0.8707387530207124,0.39105786100865425,False,True,-1,-0.0978785184719162,-0.8311406178606786,0.3867338329267295
22.0,0.3,20,N=160k rejuv,160000,True,0.1,False,575.5175324173896,0.01634153612268454,6,156007,True,True,0,0.06454461460399624,-0.052306386954745855,1.1578971430250864,False,True,-1,-0.07275153178855068,0.46283344683221184,1.0476207104492505,False,True,-1,-0.09596221213226183,0.5004133474853796,1.0169384264526924
22.0,0.3,20,N=10k no-rejuv,10000,False,inf,False,7.75294842799622,0.24050101992797696,0,0,True,True,0,-0.09487162928482738,0.31739317793017485,0.9411763906935074,False,True,-1,-0.05567791149480708,-0.13898697328172666,1.0495229326007598,False,True,-1,-0.07428618861791571,-0.19498632736140192,1.0698262273260284
22.0,0.3,20,N=10k rejuv KL=0.02,10000,True,0.02,False,134.33458338153008,0.06710861889562791,14,20915,True,True,0,0.012807300619181589,-0.10301751358845702,1.0245097767619629,True,True,0,-0.02804763415628908,0.10035499801702552,1.0273063783106924,True,True,0,-0.03981957623505989,0.12209108991084329,1.0123398694265193
22.0,0.3,19,N=10k rejuv,10000,True,0.1,True,4540.734722218914,0.005235661566735412,7,9552,True,True,0,-0.0037822062275663093,0.003555790109308334,1.0082965530735633,True,True,0,-0.014511438579130731,0.02196255123772613,0.9865232708418307,True,True,0,-0.013788046982166402,0.02268272581782698,0.9860360121646344
22.0,0.3,19,N=40k rejuv,40000,True,0.1,True,9914.573838577622,0.006341080621599697,7,32900,True,True,0,0.00047598022555339625,0.0048284003155793995,1.0024666540571203,True,True,0,0.00038717614064004424,0.002132212264664367,1.0003235238293042,True,True,0,3.1513652578085694e-05,0.0015856968656637477,1.0002556406958565
22.0,0.3,19,N=160k rejuv,160000,True,0.1,True,70332.04933397111,0.0019964376713406035,7,161727,True,True,0,0.002795643755698185,0.0031344158108282854,0.9974837052559654,True,True,0,-0.0022648017537674203,0.004508281442886495,0.9969976784107207,True,True,0,-0.00256333484432103,0.004325495029292557,0.9975555697300441
22.0,0.3,19,N=10k no-rejuv,10000,False,inf,True,25.59179347251363,0.07782073974274065,0,0,True,True,0,0.013316880838364686,-0.03859205923436584,0.9941149688877969,True,True,0,-0.038274106920358486,-0.005754507999860859,1.0581065298857344,True,True,0,0.06473610419347664,-0.000764949238883323,1.0530534157558253
22.0,0.3,19,N=10k rejuv KL=0.02,10000,True,0.02,True,7710.247845714558,0.002244274951627998,16,18812,True,True,0,0.002503882898288845,0.004577686225609685,1.0024701038091546,True,True,0,-0.00869656146572273,0.020814238587269187,0.989079419092909,True,True,0,-0.011546379611282853,0.021330686407619464,0.9877697541347654
22.0,0.3,21,N=10k rejuv,10000,True,0.1,False,13.009531969057125,0.2073551933739511,5,8668,True,True,0,0.02062406989140625,-0.3738464133595232,1.0191501613335927,False,True,-1,-0.1940529457973028,0.8998362973501288,0.9805128237084815,False,True,-1,-0.20317939314551542,1.0845721165542894,0.9415699233436258
22.0,0.3,21,N=40k rejuv,40000,True,0.1,False,31.284484014321112,0.1512601267455368,5,36857,True,True,0,-0.04621537085458155,0.005931113357665714,1.048793914769992,False,True,-1,-0.17737673977977217,1.058166135939889,0.9458891858126468,False,True,-1,-0.18660478270215572,1.179216302594362,0.9228412045771441
22.0,0.3,21,N=160k rejuv,160000,True,0.1,False,38.73983276091994,0.09546563433383182,5,171662,True,True,0,-0.06161773045278163,0.04945733013097212,1.0948777929003115,True,True,0,-0.11433592429620423,0.6792531093064579,0.9492879904854096,False,True,-1,-0.20296496570603897,0.7471017531142826,0.9162425383800427
22.0,0.3,21,N=10k no-rejuv,10000,False,inf,False,11.066034332687579,0.17853475533852145,0,0,True,True,0,-0.12843452795002297,0.21948281044683252,0.8077072754565896,True,True,0,-0.001584602568002802,0.07313692961082952,0.8849831376046893,True,True,0,-0.015948231692801185,0.034208217774992423,0.8915092511692035
22.0,0.3,21,N=10k rejuv KL=0.02,10000,True,0.02,False,380.94874115111935,0.04614447346638096,16,21482,True,True,0,-0.015623336121293907,0.08873934919122374,1.0048108517199743,True,True,0,-0.056480162533339734,0.12839043084246657,0.9305834751057288,True,True,0,-0.06261151977512608,0.12407536946928294,0.9285641817857484
22.0,0.3,22,N=10k rejuv,10000,True,0.1,True,4596.941901101047,0.0036778299395175884,7,8523,True,True,0,0.01649100474659121,-0.03686749248751959,0.9959276398936485,True,True,0,-0.002800822077568113,0.03277893627016177,1.0059466449153398,False,True,-1,-0.00988097734807145,0.039370934759275084,0.9990155418834118
22.0,0.3,22,N=40k rejuv,40000,True,0.1,True,1338.455602817543,0.01620574796276305,6,36063,True,True,0,0.04088271633669832,-0.09351095292711156,1.0089277537473607,False,True,-1,-0.011963611344390938,0.11625968645545319,1.0091330932742966,False,True,-1,-0.021664852949570053,0.1342497375338803,0.9964083648111766
22.0,0.3,22,N=160k rejuv,160000,True,0.1,True,3850.3413754357844,0.012446378855732713,6,156230,True,True,0,0.0259471439330487,-0.05600301657000048,1.0122342276624599,True,True,0,-0.009635470929612509,0.07542853795679666,1.0071068857061185,False,True,-1,-0.017302787816230018,0.08642512388369764,0.9970781224727755
22.0,0.3,22,N=10k no-rejuv,10000,False,inf,True,28.47007871566492,0.07538233288677508,0,0,True,True,0,-0.07571816640754947,-0.016629264019034987,0.8915822008063149,False,True,-1,-0.025262848871401084,0.067680572665632,0.938424112193037,False,True,-1,-0.013543826823063702,0.07268238694538001,0.9264472793233648
22.0,0.3,22,N=10k rejuv KL=0.02,10000,True,0.02,True,5439.31354013724,0.0041978087126611895,15,17070,True,True,0,-0.003917552356784426,-0.007734327808700848,0.999367307229276,True,True,0,-0.006390085966273419,0.032142681849172086,1.023747206831921,False,True,-1,-0.011532083484589933,0.03449451448652768,1.0182374424521101
22.0,0.3,23,N=10k rejuv,10000,True,0.1,False,7.855277372221279,0.3479381957135281,7,9740,True,True,0,0.2695326027373145,-0.44791730276146935,0.8997598825051512,True,True,0,0.026606791478449965,0.17205045268788857,1.0464158475043694,True,True,0,-0.016307555714847433,0.23811016074609237,1.0247552979436272
22.0,0.3,23,N=40k rejuv,40000,True,0.1,False,10806.72538118537,0.0029987605403472384,8,41026,True,True,0,0.014646259454275112,-0.019843633820521553,1.015937509593689,True,True,0,-0.02001554561670249,0.03460662364367784,1.0047755409908852,True,True,0,-0.022890493281235047,0.03868873327854961,1.0004970308761911
22.0,0.3,23,N=160k rejuv,160000,True,0.1,False,7.971334887032842,0.35181442027558174,7,202357,True,True,0,0.1934315683392649,0.01919286265203294,0.8657856524544837,True,True,0,0.14449548530500445,-0.11629907748528327,0.9163458482834875,True,True,0,0.13580588568354773,-0.12379416184731544,0.9213560745070869
22.0,0.3,23,N=10k no-rejuv,10000,False,inf,False,4.5070057788214015,0.38699024992371944,0,0,True,True,0,-0.37649660929151973,0.5736697429990034,0.9518707712339468,True,True,0,0.2543441000138289,-0.004433092583412494,0.9530261046814221,True,True,0,0.2783814567142184,-0.07979283509489828,0.9940656316869029
22.0,0.3,23,N=10k rejuv KL=0.02,10000,True,0.02,False,3668.7918465663765,0.004009593913178913,18,22896,True,True,0,0.024151681087766552,-0.03702868221406774,1.0133646702280021,True,True,0,-0.05122099953382819,0.0918071897148802,0.9983036174638744,True,True,0,-0.06071200176151009,0.10059056691035617,0.992009744179533
22.0,0.3,24,N=10k rejuv,10000,True,0.1,True,1113.8453676036493,0.0245639403753473,6,7656,True,True,0,0.008880627295242416,-0.016125630019220794,1.0294960496632442,True,True,0,-0.03924780078813947,0.06594087365800494,1.0267777781623675,True,True,0,-0.05209435629599482,0.07132272278370262,1.0200677772618705
22.0,0.3,24,N=40k rejuv,40000,True,0.1,True,48.75711494813368,0.1411624006178404,6,39315,True,True,0,-0.07039024476679123,0.17576208126603257,1.0506261639043646,True,True,0,-0.06696008326926542,0.006424864770611583,0.9268235830341633,True,True,0,-0.07020629117078238,-0.015756928048818147,0.93403047646338
22.0,0.3,24,N=160k rejuv,160000,True,0.1,True,7614.880442922554,0.008630677835934443,7,154572,True,True,0,-0.0036760958586952164,0.0046464805723321415,1.0032879893976896,True,True,0,-0.010658852675817676,0.005690053983110234,0.9990021543259221,True,True,0,-0.0029374515385731936,0.005381339847146256,0.9985616373432472
22.0,0.3,24,N=10k no-rejuv,10000,False,inf,True,11.27429838246979,0.18799211791167086,0,0,True,True,0,-0.19909711753181442,0.18170261757328002,0.9875661694061804,True,True,0,-0.15163504443693532,-0.020376343254009912,0.9561006784896591,True,True,0,-0.131932567919905,-0.044666982589812276,0.9676651935554159
22.0,0.3,24,N=10k rejuv KL=0.02,10000,True,0.02,True,2685.7804459667273,0.01170579222939759,19,19017,True,True,0,-0.009661439380138193,0.004372944841681659,1.0029930423744422,True,True,0,-0.018104929479007964,0.011978701445031725,0.9900066898246868,True,True,0,-0.017486615642599235,0.012021355201337274,0.9911165825846912
22.0,0.3,25,N=10k rejuv,10000,True,0.1,True,196.3000819326783,0.046143974004851804,5,10634,True,True,0,0.046199713598461645,-0.14972666301654183,1.0228837460245344,True,True,0,-0.009286315095131045,0.1317857530630107,1.0341281876858957,True,True,0,-0.012802766398438803,0.16812405125265986,1.0099941723617152
22.0,0.3,25,N=40k rejuv,40000,True,0.1,True,16.8431437580829,0.22806206695305048,5,37594,True,True,0,-0.07192124211732018,0.012792582431575746,0.975653219399728,False,True,-1,-0.04330447322537894,0.49310402125006175,0.8899233202888693,False,True,-1,-0.039288452486174595,0.5265216257203591,0.8790442301384254
22.0,0.3,25,N=160k rejuv,160000,True,0.1,True,11.808472232943414,0.28619320838633944,5,151104,True,True,0,-0.047624943715769474,0.011103909662753984,0.986265593196852,False,True,-1,-0.04406585426785527,0.6057129897080681,0.9287284576784055,False,True,-1,-0.03923659241508572,0.6475871198171613,0.9236509707268578
22.0,0.3,25,N=10k no-rejuv,10000,False,inf,True,29.159101149552665,0.08664762399362125,0,0,True,True,0,0.02419820560593311,0.020804750768951195,1.0717279968725333,True,True,0,-0.004863781938416016,0.14794268778205155,0.9928350056023539,False,True,-1,-0.03732919377379993,0.15493236168503752,0.9885012102336824
22.0,0.3,25,N=10k rejuv KL=0.02,10000,True,0.02,True,195.62050648542342,0.06629363412836776,15,15070,True,True,0,-0.01268905928951436,-0.031027648425928183,0.9987780311338237,False,True,-1,-0.029578073472966426,0.1567671745887271,0.9861059492962018,False,True,-1,-0.03816896755704305,0.17367186744359442,0.9749661840330481
22.0,0.3,26,N=10k rejuv,10000,True,0.1,True,223.81591946754637,0.035149834887935744,6,8289,True,True,0,-0.0550950032505666,0.18636153512942186,1.0732507459212093,False,True,-1,-0.18046731319169906,0.5903143507922459,0.9162896395613278,False,True,-1,-0.1614632146586809,0.6145707703527846,0.9121206715040338
22.0,0.3,26,N=40k rejuv,40000,True,0.1,True,1042.6540057874502,0.020886307603616424,6,37647,True,True,0,-0.04395191614910959,0.07682059304418867,1.035898634214116,True,True,0,-0.10143386243332853,0.188109260515203,0.9455000768427178,True,True,0,-0.10560156416680272,0.19316635608303878,0.9417515887056555
22.0,0.3,26,N=160k rejuv,160000,True,0.1,True,61.70943595459531,0.0938300340931571,6,156765,True,True,0,0.06597649035009079,-0.006098022081326333,0.9548939655112071,True,True,0,0.0376893249967426,0.03254746300995041,0.9651814165480715,True,True,0,0.0455329081708018,0.03639459210209087,0.9663760328338741
22.0,0.3,26,N=10k no-rejuv,10000,False,inf,True,17.585987328532077,0.13742078408114616,0,0,True,True,0,0.0573073490009226,-0.05803483633883723,0.9546897281960125,True,True,0,0.16135326140776418,-0.12392667715395987,1.086502243527415,True,True,0,0.1601941098910451,-0.12612012801992226,1.0925618461610351
22.0,0.3,26,N=10k rejuv KL=0.02,10000,True,0.02,True,529.7677375065288,0.019630886349446406,15,16635,True,True,0,-0.030778396885137338,0.07018105776059573,1.035866656283817,True,True,0,-0.10713124808492366,0.2589459330899367,0.9433176583919026,True,True,0,-0.10517371331520411,0.27135935209499584,0.9373260165091717
22.0,0.3,27,N=10k rejuv,10000,True,0.1,False,9.402748611355046,0.3225282333825008,6,8654,True,True,0,0.015840406463653145,-0.0035835746667355877,0.9114988325048567,True,True,0,-0.026771977337803954,0.1998742050391637,0.9295551405099346,True,True,0,-0.017130084943303314,0.21727275914232244,0.9318674424814741
22.0,0.3,27,N=40k rejuv,40000,True,0.1,False,674.3764964251621,0.01268315816904441,6,35214,True,True,0,-0.0626088561698599,0.14575675639577407,1.0376928114072268,True,True,0,-0.19839679603693486,0.37705573339609144,0.921021122816142,True,True,0,-0.22900266225796187,0.3877364806232936,0.9196581127323881
22.0,0.3,27,N=160k rejuv,160000,True,0.1,False,690.3400853171435,0.02532681273384457,8,217066,True,True,0,0.0012222198631924863,0.04213966700031702,0.9785746090681445,True,True,0,-0.027129885505908224,0.07707558693489668,0.9562453318688923,True,True,0,-0.030374183765021212,0.07746676555801907,0.957986074584982
22.0,0.3,27,N=10k no-rejuv,10000,False,inf,False,8.182924759466543,0.28508447979786633,0,0,True,True,0,0.18506795624324812,-0.4835585271578002,0.8825358579157379,True,True,0,0.2812309122955822,-0.6052306867142853,1.1458838893620227,True,True,0,0.30023331010427434,-0.5861406573889941,1.1541769594569802
22.0,0.3,27,N=10k rejuv KL=0.02,10000,True,0.02,False,275.57605066172084,0.03838793263265962,14,17111,True,True,0,-0.015022333159299905,0.09481546703140685,0.9863413537225263,True,True,0,-0.07349293432349319,0.17134959459459753,0.9253776460649231,True,True,0,-0.06910183644126106,0.17205472913586026,0.9270508468010601
22.0,0.3,28,N=10k rejuv,10000,True,0.1,True,507.5177011406019,0.029594183515618457,7,11227,True,True,0,0.051515339971878016,-0.09236185133653498,1.0075903908493067,True,True,0,-0.006165687605035719,0.06524900860413194,1.0124895509271652,True,True,0,-0.01789978117995332,0.08109867702318928,1.0022108682795072
22.0,0.3,28,N=40k rejuv,40000,True,0.1,True,2253.0893945503176,0.01603156702723119,7,45654,True,True,0,0.009780029250477829,-0.04275586854375376,0.9905964580846813,True,True,0,0.003168471038213133,0.03144647652483146,1.0099505925663435,True,True,0,-0.005315731418621544,0.03883801143198942,1.0053304778591539
22.0,0.3,28,N=160k rejuv,160000,True,0.1,True,3119.08714224127,0.011525064013340322,7,172867,True,True,0,0.02099930175993847,-0.04292529172823657,1.0085187616165492,True,True,0,-0.019575272676879002,0.059895050938478245,1.0027763300307646,True,True,0,-0.032292025786710185,0.06855811169239528,0.9957614797760046
22.0,0.3,28,N=10k no-rejuv,10000,False,inf,True,14.564909113598365,0.12771528577470376,0,0,True,True,0,-0.09608491737065927,0.11146939590860239,0.9189047087874473,True,True,0,-0.036038515250315234,-0.2726389132777577,0.8972605741019667,True,True,0,0.08020966585124692,-0.30027122877452,0.9077605258539925
22.0,0.3,28,N=10k rejuv KL=0.02,10000,True,0.02,True,6122.923710251192,0.004471315926505949,20,21881,True,True,0,0.008056232047206568,-0.021731579051209468,1.008818496484839,True,True,0,-0.004325749654610661,0.021695483065615778,1.003017220058708,True,True,0,-0.008743836327806821,0.02570291175126314,1.0001930648212398
22.0,0.3,29,N=10k rejuv,10000,True,0.1,True,1221.6876780778362,0.015575666240278868,7,12237,True,True,0,-0.03063572315256302,0.06066158933636423,1.0080796130883773,True,True,0,-0.07282454700400645,0.13067991385165176,0.9350830876673154,False,True,-1,-0.09081902096311761,0.1308209122204794,0.9396488442484755
22.0,0.3,29,N=40k rejuv,40000,True,0.1,True,2320.4508183392054,0.018146119215236504,7,45324,True,True,0,-0.004257877805723842,-0.005000449391880047,1.0120974617389684,True,True,0,-0.009921586314004638,0.022486922952659798,0.9929174995449657,True,True,0,-0.01365403018337176,0.02486566126640552,0.9911073158379998
22.0,0.3,29,N=160k rejuv,160000,True,0.1,True,2875.280814667741,0.012095181712786934,7,172615,True,True,0,-0.01391320669068824,0.01302716052598942,1.008943410851812,True,True,0,-0.021791669534717437,0.040502380754076424,0.981541822248054,True,True,0,-0.025261773301093554,0.04142663949310698,0.9804991233269313
22.0,0.3,29,N=10k no-rejuv,10000,False,inf,True,23.19164800465012,0.11251591784441108,0,0,True,True,0,0.08064358536286631,0.05055686838329272,1.1192542097589018,True,True,0,-0.06127735050175829,0.2763545229533258,0.9307256400766617,False,True,-1,-0.09087864914622548,0.2885062812131089,0.9204105754561038
22.0,0.3,29,N=10k rejuv KL=0.02,10000,True,0.02,True,4494.031510273554,0.003935210125001819,16,19201,True,True,0,0.0014953748729252814,0.0015296970110069686,0.9967216131097568,True,True,0,-0.007202287661471976,0.017999444870454198,0.9862161903084593,True,True,0,-0.007125236304899529,0.019059796884870063,0.9877211681248118
22.0,0.3,30,N=10k rejuv,10000,True,0.1,False,1.7649256503093058,0.7513730357845005,5,9146,True,True,0,-0.2647339459896728,-0.03199749816514738,0.620573297090858,False,True,-1,-0.21514691579846623,0.4464693853257462,0.687553542510085,False,True,-1,-0.2095146282068485,0.4840354449634533,0.6947595991729365
22.0,0.3,30,N=40k rejuv,40000,True,0.1,False,1507.156234592088,0.01843623931045639,6,42654,True,True,0,-0.02806110159351166,0.07889408167260391,0.9872009255780718,True,True,0,-0.113157146324945,0.2007765694557809,0.934710125194161,True,True,0,-0.1348223042805695,0.20280693424396237,0.933067307612287
22.0,0.3,30,N=160k rejuv,160000,True,0.1,False,775.1133696757572,0.030598220557547684,6,158192,True,True,0,-0.01140701151272211,0.01906572457696201,1.0439402964889193,True,True,0,-0.09898442261373773,0.15388535964543296,0.9669095365207584,True,True,0,-0.11223122718400426,0.1620383177181267,0.9593385991715377
22.0,0.3,30,N=10k no-rejuv,10000,False,inf,False,12.936344031908211,0.15109922378290697,0,0,True,True,0,-0.010610980502138323,0.08917651644089669,0.8315402777132658,False,True,-1,-0.21088118320406887,0.02544941767733715,0.8101999737321167,False,True,-1,-0.20515911930885683,0.013091443514085652,0.8131240423448262
22.0,0.3,30,N=10k rejuv KL=0.02,10000,True,0.02,False,144.21045650801813,0.0804991930542396,18,19728,True,True,0,0.04374616092872846,-0.045809103687918025,0.9841760339902588,True,True,0,0.04255379692809383,-0.05107925306557087,1.0246670061737952,True,True,0,0.0342379499942895,-0.04749493785743809,1.0226916510830204
22.0,0.3,31,N=10k rejuv,10000,True,0.1,False,1418.5672149963195,0.01410157595620105,8,9689,True,True,0,0.08617231554534466,-0.1363421737545433,1.0389125983694538,True,True,0,-0.08801708177252454,0.1893023067479247,1.0790724697930751,True,True,0,-0.11641827875318113,0.2122063223863554,1.0635074729987137
22.0,0.3,31,N=40k rejuv,40000,True,0.1,False,1073.8670708948875,0.023777869330509033,8,43039,True,True,0,0.02937890224934181,-0.03179272596339563,1.0088707159427122,True,True,0,-0.04261303120792986,0.043469324818153916,1.0053319267300547,True,True,0,-0.059115103603753966,0.048784333202831584,1.0000497385262441
22.0,0.3,31,N=160k rejuv,160000,True,0.1,False,324.48332971868587,0.05419762464726728,8,178295,True,True,0,0.05520135356784861,-0.04718780094861647,0.9806367538623979,True,True,0,0.002101878102053034,0.004527505363504274,1.0078204268148603,True,True,0,-0.003421351116509208,0.010113403065770339,1.0039653812947023
22.0,0.3,31,N=10k no-rejuv,10000,False,inf,False,7.411701017382109,0.2550204429166041,0,0,True,True,0,-0.23584257979444134,0.3667493677415466,0.9297405362431133,True,True,0,0.057730670585940114,-0.09186760562143162,0.9443448395476927,True,True,0,0.3032589923988421,-0.13745757116750784,0.9763971256569581
22.0,0.3,31,N=10k rejuv KL=0.02,10000,True,0.02,False,1618.2063308700986,0.015268347283956958,20,20577,True,True,0,0.016098179016349468,-0.030533329245690535,1.0132045513239707,True,True,0,-0.039889160222789766,0.052384947905586454,1.028185924826708,True,True,0,-0.05271228132345665,0.05789774655703871,1.021584511205924
22.0,0.3,32,N=10k rejuv,10000,True,0.1,True,46.286505305066036,0.10833637122880782,5,8865,True,True,0,-0.0016107553442773898,0.2202307555539876,1.0807596478603383,False,False,0,-0.011359553074080186,0.7794799735253637,0.8727059093502113,False,False,0,-0.013132643252627278,0.8322121453121214,0.8508869964682356
22.0,0.3,32,N=40k rejuv,40000,True,0.1,True,18.272518202573554,0.18315009250919664,5,35536,False,True,-1,-0.018713194442850984,-0.26725328453479114,1.080043261407588,False,False,0,-0.01136025167289824,0.22033788464814577,0.9918002030545857,False,False,0,-0.013132643252589248,0.29270830635972805,0.9600990654550977
22.0,0.3,32,N=160k rejuv,160000,True,0.1,True,27.12882958516682,0.1815220553810926,5,156634,True,True,0,0.0045992536884351745,0.4322598453102168,1.2001909054327813,False,False,0,-0.011327784119299241,0.5256032542106402,0.8366731705347003,False,False,0,-0.013122687626114975,0.5116743823281865,0.8073716681168557
22.0,0.3,32,N=10k no-rejuv,10000,False,inf,True,53.625708456998936,0.04066377064084525,0,0,True,True,0,-0.013081033563990936,0.1198291809178804,0.9549264062185763,False,False,0,-0.00691211011087263,0.03283504655234345,0.9230787739053501,False,False,0,-0.009466415801257396,0.015776559634323072,0.9260378183869642
22.0,0.3,32,N=10k rejuv KL=0.02,10000,True,0.02,True,785.1624259774594,0.02514170412936268,13,14808,True,True,0,0.02293602764343513,0.04048680653886513,1.0341779169637126,False,False,0,-0.01128928405172012,0.142099336319673,0.9603405623629537,False,False,0,-0.013132606455161835,0.1516533525710933,0.9494611908112041
22.0,0.3,33,N=10k rejuv,10000,True,0.1,False,62.9651181637858,0.11645703540709762,6,10013,True,True,0,-0.13117696057819161,0.15637684824760975,0.9706940633191562,False,True,-1,-0.17932455683848192,0.2964819647037033,0.8910866270289087,False,True,-1,-0.18267930093458085,0.2962468647457843,0.9006272494471081
22.0,0.3,33,N=40k rejuv,40000,True,0.1,False,1327.8820203849505,0.025625462746146313,6,36032,True,True,0,0.00785175799796095,-0.005497303054411422,0.9886123383251985,True,True,0,0.002863077651455437,-0.011348551615289318,1.0111159993044896,True,True,0,0.0018524470274610683,-0.011408477933520664,1.0090884216855645
22.0,0.3,33,N=160k rejuv,160000,True,0.1,False,1888.372440392784,0.012086214662672469,6,146142,True,True,0,-0.07073572441675102,0.12998668644705016,1.0243023954898802,True,True,0,-0.1474761828246104,0.24744479057688984,0.9226853739524489,True,True,0,-0.1563883316379366,0.24732279807927232,0.9260358026625828
22.0,0.3,33,N=10k no-rejuv,10000,False,inf,False,15.59888844946584,0.15016276425439218,0,0,True,True,0,-0.20093294264258638,0.11473322331792088,0.7902361198822583,True,True,0,-0.036468063222791,-0.013045843986408307,0.7932205629137044,True,True,0,-0.030239684540760148,-0.030198533070646027,0.8000604910723217
22.0,0.3,33,N=10k rejuv KL=0.02,10000,True,0.02,False,656.9273492802603,0.01845734531543262,15,17551,True,True,0,-0.038512367480456944,0.0514981223258969,0.9896381925571289,True,True,0,-0.04190717353136025,0.08756375157157885,0.9507866616798811,True,True,0,-0.05096970166060483,0.08674445554001736,0.9545803697800022
22.0,0.3,34,N=10k rejuv,10000,True,0.1,False,37.788018968178996,0.09329362191309176,4,6799,True,True,0,0.0898723434833569,-0.08541134477667754,1.1733206281849413,False,True,-1,-0.10272409140445504,1.5888853801845173,1.1080131977910148,False,True,-1,-0.12087254822915248,1.805416742708552,1.0727088398467468
22.0,0.3,34,N=40k rejuv,40000,True,0.1,False,37.66908553821626,0.11682508689153358,4,31808,True,True,0,-0.007208072314876121,0.41183514543229344,1.1491394243885114,False,True,-1,-0.10325937793599198,1.2942058256737823,0.9032011838973849,False,True,-1,-0.12084989820368351,1.3734875216177866,0.8775214413020926
22.0,0.3,34,N=160k rejuv,160000,True,0.1,False,4.17715784961739,0.36303349382490513,4,138893,True,True,0,-0.05019774750666088,-0.026722404434746223,1.004743959556559,False,True,-1,-0.09322735390068396,0.2209548046406013,0.8638412057495163,False,True,-1,-0.12086231569886023,0.2540602046007855,0.8170099663711773
22.0,0.3,34,N=10k no-rejuv,10000,False,inf,False,11.242625085716414,0.18308016628767745,0,0,False,True,-1,-0.08432575474859264,-0.252523607120839,0.9292579433795695,True,True,0,0.06916345220816011,-0.02740649506287093,1.0040640372445848,True,True,0,0.05131370497911081,0.020085282717536707,0.9936021660832275
22.0,0.3,34,N=10k rejuv KL=0.02,10000,True,0.02,False,103.45443005934928,0.09593484011003539,13,16644,True,True,0,-0.037599909356204345,0.04301066878786761,0.9227773542128941,True,True,0,-0.07420679211254008,0.055545509778772775,0.9579044605686644,True,True,0,0.011857604871957805,0.053838489297948586,0.9662520065854868
22.0,0.3,35,N=10k rejuv,10000,True,0.1,True,2194.5217647205977,0.013400362722504224,8,9981,True,True,0,-0.002705894225133565,0.0017619942357121503,1.0360322025692772,True,True,0,-0.048395004560916555,0.056003726048104135,0.9889283377806452,True,True,0,-0.04564517884799876,0.05717383596470007,0.9864031253837814
22.0,0.3,35,N=40k rejuv,40000,True,0.1,True,25884.92126811212,0.00083979915593383,8,45528,True,True,0,-0.00438093102738879,0.01220327022770234,1.0075800590178778,True,True,0,-0.015802871350096337,0.03161388231351158,1.0035377366678513,True,True,0,-0.0168274423095508,0.03092194402975993,1.0050718710383544
22.0,0.3,35,N=160k rejuv,160000,True,0.1,True,10832.095791395126,0.0050909732778533605,8,163589,True,True,0,-0.01076482194342876,0.01766661469682442,1.0044382903366853,True,True,0,-0.019363799281969685,0.03009840658777115,0.9910593466633073,True,True,0,-0.01811450470824552,0.02870983120661671,0.9927637802156214
22.0,0.3,35,N=10k no-rejuv,10000,False,inf,True,16.915738291765898,0.1386675088320998,0,0,True,True,0,0.1677195473434907,-0.28439848946991736,1.0103399313004895,True,True,0,-0.055101370874381356,-0.14987176512273906,1.024482186985818,True,True,0,-0.03139149184487228,-0.11925584431739658,1.011936282960384
22.0,0.3,35,N=10k rejuv KL=0.02,10000,True,0.02,True,6181.517819439261,0.005131261492316038,18,18386,True,True,0,0.0016534195423044684,0.002364251449633367,1.0176342433555754,True,True,0,-0.011225526711722389,0.024333193373171285,1.0050108928142827,True,True,0,-0.010885668196563142,0.024648696824940915,1.0054633718951729
22.0,0.3,36,N=10k rejuv,10000,True,0.1,True,15.77982393805837,0.2488829842195494,7,9948,True,True,0,-0.01851313989371861,0.17868683431865554,0.93965407601494,False,True,-1,-0.20491724945182407,0.19043023954014623,0.9110871130251036,False,True,-1,-0.138234026380206,0.1728459763192812,0.9343419973688354
22.0,0.3,36,N=40k rejuv,40000,True,0.1,True,391.53301933501047,0.025614766602854496,7,43007,True,True,0,-0.0017184011907223073,0.05136684641841883,0.9679763073337428,True,True,0,-0.0531867165587116,0.13097669641374826,0.9479022058269756,False,True,-1,-0.12002726449300223,0.13031187850044262,0.9538179860632601
22.0,0.3,36,N=160k rejuv,160000,True,0.1,True,153.5559031585495,0.05201284063659926,6,118576,True,True,0,0.01315073016441981,0.02369289485918309,0.9669259058936917,True,True,0,-0.03133051741770099,0.07571160305060039,0.9598166982956851,True,True,0,-0.08566315848941501,0.07628597007125944,0.9639556411062334
22.0,0.3,36,N=10k no-rejuv,10000,False,inf,True,32.88151117971647,0.058881113065659435,0,0,True,True,0,0.05445855723046655,-0.20891424134421974,1.0223312042666968,True,True,0,0.005104941288887943,-0.16027872414192246,0.9927321135546636,True,True,0,0.007613030877854504,-0.13612837792344595,0.9849636882322205
22.0,0.3,36,N=10k rejuv KL=0.02,10000,True,0.02,True,311.9714692009532,0.02443814779591586,13,15725,True,True,0,-0.01100739386303351,0.026627487754622824,1.0455344593249278,True,True,0,-0.13824572853963635,0.23696335091332948,0.9573881417209164,False,True,-1,-0.11705605338626873,0.24635487076821275,0.953662982693505
22.0,0.3,37,N=10k rejuv,10000,True,0.1,False,5.319300187826046,0.3986921796898168,6,10263,True,True,0,-0.26983075260595035,0.12573755680967283,1.1621580488879013,True,True,0,-0.29491031604780765,0.32533452163577564,0.9660405119850076,True,True,0,-0.29736213131984746,0.3387292519821701,0.9118882343838087
22.0,0.3,37,N=40k rejuv,40000,True,0.1,False,16.791483728145202,0.1757539096190036,6,36982,True,True,0,0.06598657792001084,-0.017734115951529926,0.8370221699814916,True,True,0,-0.057064226308997656,0.4057381431714664,0.875077122299925,True,True,0,-0.07324824086259285,0.45874514238964814,0.8782884031667446
22.0,0.3,37,N=160k rejuv,160000,True,0.1,False,303.1135107549992,0.033810745467892485,6,163984,True,True,0,0.008193608538428765,-0.033838006899103816,0.9338343828478569,True,True,0,-0.1554356762123731,0.3479527382401383,0.9271144235968769,True,True,0,-0.190362884155779,0.397285004482299,0.9187479814565589
22.0,0.3,37,N=10k no-rejuv,10000,False,inf,False,7.261363245996363,0.2592674830259384,0,0,True,True,0,0.14274807183038574,-0.01967847145434075,0.7135171722244036,True,True,0,-0.18580314278571375,0.2776043745363676,0.8226015793724439,True,True,0,-0.28415914033890266,0.31544071225630504,0.8422892978635512
22.0,0.3,37,N=10k rejuv KL=0.02,10000,True,0.02,False,999.3385555840487,0.014691199328229376,15,16644,True,True,0,0.026205941808232658,-0.023990562607566174,0.9431427135813006,True,True,0,-0.02085916474359606,0.09968410934859943,0.9501831689682745,True,True,0,-0.0398423827763007,0.11679052438495648,0.9476654709969196
22.0,0.3,38,N=10k rejuv,10000,True,0.1,False,419.6423693446144,0.0341098752740744,7,11063,True,True,0,-0.05497952411969598,0.20011476523957156,1.0199614170468099,True,True,0,-0.12474333685521671,0.3399695013917657,0.9019302719455939,True,True,0,-0.14511535832159517,0.33929265001677167,0.9079849488284528
22.0,0.3,38,N=40k rejuv,40000,True,0.1,False,1457.0469478622892,0.015104288888946178,7,42633,True,True,0,-0.018704138385673197,0.13243178389604288,0.9807354911291306,True,True,0,-0.0535465204884682,0.1801308050464127,0.919856854764753,True,True,0,-0.06258336645131557,0.1760963362570596,0.9261612244896783
22.0,0.3,38,N=160k rejuv,160000,True,0.1,False,1092.1612055456428,0.024131663892015213,7,175519,True,True,0,-0.02373992025592353,0.11010699518908615,1.0043186662511414,True,True,0,-0.0738325951050186,0.20155597301485909,0.9356209355778056,True,True,0,-0.08348783836605045,0.2023428404925658,0.937513961638962
22.0,0.3,38,N=10k no-rejuv,10000,False,inf,False,5.85886550373702,0.3017907436475493,0,0,True,True,0,0.09373638052354694,0.05891690954738973,0.6754358822690497,True,True,0,0.15009136538619194,-0.1244868321985241,0.8072566273576739,True,True,0,0.17798605734589945,-0.14264356927566435,0.8234721233372936
22.0,0.3,38,N=10k rejuv KL=0.02,10000,True,0.02,False,1336.8735054624449,0.017211832040052423,17,21298,True,True,0,-0.0047951350810181426,0.05875062799685804,0.9987345923038321,True,True,0,-0.03661684890592953,0.10933054493688239,0.9519919348932231,True,True,0,-0.04023687049214092,0.10989311245735696,0.9514148743313748
22.0,0.3,39,N=10k rejuv,10000,True,0.1,False,19.85871419450619,0.1566703523775216,6,9180,True,True,0,0.042799897374978885,0.06903672499608472,1.0163198898926895,False,True,-1,-0.07177475928613447,0.2793235023281147,0.8689669537044168,False,True,-1,-0.08281724995491171,0.29176316458516244,0.8632431053628672
22.0,0.3,39,N=40k rejuv,40000,True,0.1,False,84.12185150299679,0.09925766694582065,6,41121,True,True,0,-0.029120148997324707,-0.009404790724064593,0.9854339355396522,False,True,-1,-0.07017123981502182,0.1023173880843762,0.960111267049156,False,True,-1,-0.08278855750773087,0.11225709271673441,0.9557588715198414
22.0,0.3,39,N=160k rejuv,160000,True,0.1,False,749.1807526497935,0.019827146784079104,6,165224,True,True,0,-0.0240693674662828,0.1661821074161297,0.9926177809603614,False,True,-1,-0.07088733573803344,0.2760838734467274,0.8928362245287516,False,True,-1,-0.08281657784221308,0.2731819432598865,0.8994695200373108
22.0,0.3,39,N=10k no-rejuv,10000,False,inf,False,12.257317344208698,0.2090410488013229,0,0,True,True,0,0.05016602801826325,-0.024918397499544467,1.0866598565504604,True,True,0,0.04058081438586503,-0.0321724113232019,1.0451323250958444,True,True,0,0.023299523857881504,-0.03097264494380304,1.0365333179935445
22.0,0.3,39,N=10k rejuv KL=0.02,10000,True,0.02,False,734.9985633337922,0.012285150051760509,15,18306,True,True,0,-0.00800085964114447,0.08997458694058928,1.0319639999433106,False,True,-1,-0.05491314782808945,0.1521661811553213,0.9230507635112134,False,True,-1,-0.0736589268625041,0.1508178383888071,0.9220174866013503
22.0,0.3,40,N=10k rejuv,10000,True,0.1,True,12.799824570555154,0.24163227990286146,6,9930,True,True,0,-0.10136659772769546,0.2433587594281474,0.9331127879764377,False,True,-1,-0.08154925913715302,0.3931781341339804,0.809938190098706,False,True,-1,-0.06913583924228144,0.39195867253734773,0.8176370833476557
22.0,0.3,40,N=40k rejuv,40000,True,0.1,True,114.96144752543863,0.06828671046488415,6,39343,True,True,0,-0.00607457479472967,0.17054409815302515,1.1475588438437727,False,True,-1,-0.07451808575254665,0.5765721343249312,0.9306178336467962,False,True,-1,-0.06913583925306745,0.6055586183848795,0.9113115634855607
22.0,0.3,40,N=160k rejuv,160000,True,0.1,True,159.4352068386866,0.06917474006519612,6,172608,True,True,0,0.01326863268191858,0.08976247843671824,1.037254020740543,False,True,-1,-0.0803634314247058,0.3447373768193677,0.9255728616821338,False,True,-1,-0.06902386466334294,0.3640848626886704,0.9149668539904305
22.0,0.3,40,N=10k no-rejuv,10000,False,inf,True,25.595689188227816,0.08183632228329968,0,0,True,True,0,-0.03216224349310848,0.1400645698338623,0.9810483766247585,True,True,0,0.0037770304759510293,0.09128997785915449,0.9799832900038918,True,True,0,0.014053884591484433,0.07720555916356407,0.9881553071338219
22.0,0.3,40,N=10k rejuv KL=0.02,10000,True,0.02,True,1.015133441821797,0.9925160702556338,9,13527,False,True,-1,0.7088885554923222,-0.8943449500328589,0.10290971534201632,False,True,-1,0.9116628201576445,-1.2710641811044638,0.12375211981772194,False,True,-1,-0.06841825841452455,-1.2493474695024498,0.12260861275503926
22.0,0.3,41,N=10k rejuv,10000,True,0.1,False,4.657958635205113,0.46056263145291915,5,7263,True,True,0,-0.18425149255783319,0.018400296821892183,0.9683262414589552,True,True,0,-0.363978871473749,0.38449130931088504,0.8661096000466344,True,True,0,-0.3804602938265895,0.396750210405914,0.8608252120172132
22.0,0.3,41,N=40k rejuv,40000,True,0.1,False,128.57246070944493,0.0701448396878169,5,30618,True,True,0,0.04598915393567771,-0.15463771346933003,1.0900618632716916,True,True,0,-0.22054654930023368,0.36278643864418,1.0825701834272086,True,True,0,-0.2565185636196393,0.3960334516470022,1.0632942602030053
22.0,0.3,41,N=160k rejuv,160000,True,0.1,False,472.1769699040856,0.030015031830208348,5,123037,True,True,0,0.08088173174795121,-0.17640164211080217,1.1599170859300447,True,True,0,-0.31071774513811495,0.5212016217516974,1.1440746520491742,True,True,0,-0.34499497480293373,0.5631983373008598,1.120033001107164
22.0,0.3,41,N=10k no-rejuv,10000,False,inf,False,7.926715656662905,0.2997732879431403,0,0,True,True,0,-0.2577003233587194,0.15753258378694343,1.0271169972779677,True,True,0,-0.40115412886290197,0.3093177612646612,0.8700254519710907,True,True,0,-0.3885219566811104,0.30118908985251025,0.8604550526583452
22.0,0.3,41,N=10k rejuv KL=0.02,10000,True,0.02,False,1856.852396822471,0.01208576106360865,21,21913,True,True,0,-0.0020505609059160435,0.016031155287389996,0.9893677071032893,True,True,0,0.009995211983030106,0.005498657807519617,0.9987191544994497,True,True,0,0.0037661753750077853,0.003686450435425404,0.9987581503912263
22.0,0.3,42,N=10k rejuv,10000,True,0.1,True,462.3607309573204,0.04199801883718823,7,8761,True,True,0,0.0026269774405416335,0.015837269486954783,0.994723653576489,True,True,0,-0.031091655531734652,0.039005065967375435,0.9674505360033702,True,True,0,-0.039994269337606636,0.039278868055946804,0.9642731595563027
22.0,0.3,42,N=40k rejuv,40000,True,0.1,True,1735.779898574888,0.02324944313473805,7,41660,True,True,0,-0.01666952859752402,0.023116858358038016,0.9967361320166227,True,True,0,0.012207826786608644,-0.014901523632807417,0.986738422832581,True,True,0,0.012601291164501038,-0.01878468112309599,0.9892434679538012
22.0,0.3,42,N=160k rejuv,160000,True,0.1,True,48181.17850361667,0.0018357211518323917,7,154376,True,True,0,0.0033754281059775737,0.004081250010935998,1.0012851745824352,True,True,0,-0.006933718657151811,0.008918164834847466,0.9977178165288062,True,True,0,-0.006415359966379541,0.008921149827545372,0.9972656850795613
22.0,0.3,42,N=10k no-rejuv,10000,False,inf,True,15.661333270749653,0.14677863550712147,0,0,True,True,0,0.0403416167553976,0.008788254160153474,0.8220643502681919,True,True,0,-0.07164262525597437,-0.03764446554032227,0.8245727027150739,True,True,0,-0.02262228474421768,-0.04102732199246407,0.8269434675743672
22.0,0.3,42,N=10k rejuv KL=0.02,10000,True,0.02,True,5372.212295714289,0.005924523316376434,18,18115,True,True,0,0.003958529266224753,-0.0049487436414684645,1.006295607636789,True,True,0,-0.002829796314740285,0.002007548782159866,1.004180165072288,True,True,0,-0.005111803432829576,0.002768335732878137,1.0040108247355524
22.0,0.3,43,N=10k rejuv,10000,True,0.1,False,42.566659492711125,0.11646536270601318,5,10614,True,True,0,-0.0890727699538166,0.3175650836782287,1.0552819431625289,False,True,-1,-0.11231903468598006,0.9846803607724739,0.8563676463716487,False,True,-1,-0.10979871596035928,1.0488181761272224,0.8501070453617791
22.0,0.3,43,N=40k rejuv,40000,True,0.1,False,168.53260914669352,0.029012519193229554,5,38184,True,True,0,-0.07364808914596795,0.32731336552640206,1.0794262717846181,False,True,-1,-0.11234700140039226,0.8699287363068786,0.8551415583430775,False,True,-1,-0.1097867080263289,0.9190307159316456,0.8404078315175533
22.0,0.3,43,N=160k rejuv,160000,True,0.1,False,287.46753652523176,0.03444390774244787,5,159867,True,True,0,-0.008935643900165796,0.13010976431790727,1.0673386362693595,True,True,0,-0.07624186978225539,0.42483779498643004,0.9178204594084447,True,True,0,-0.07467669640278027,0.4536262181272969,0.8993239419020419
22.0,0.3,43,N=10k no-rejuv,10000,False,inf,False,25.828644523414923,0.099967250770637,0,0,True,True,0,-0.0022260787244745006,0.0587944576433184,1.0530180313039872,True,True,0,-0.07136560435425927,0.0948949593324746,1.009442673216007,True,True,0,-0.07235250228830109,0.09651708720887783,1.013849572120316
22.0,0.3,43,N=10k rejuv KL=0.02,10000,True,0.02,False,1972.6761869482355,0.00974587875939495,16,17210,True,True,0,-0.034757229434494,0.08983596206223811,0.9632704526285477,True,True,0,-0.06192565404355371,0.1176712801237138,0.9181309863927175,True,True,0,-0.06494252464263411,0.11694485224088402,0.9189644146068504
22.0,0.3,44,N=10k rejuv,10000,True,0.1,False,13.821138848668175,0.21876387252678967,5,7569,True,True,0,0.11829925503770278,-0.23570674297940203,0.8839072219186597,True,True,0,0.09811863780247443,0.17911055796310582,1.0087334882347545,True,True,0,-0.28946716090254165,0.22496125358515162,0.9950701050282459
22.0,0.3,44,N=40k rejuv,40000,True,0.1,False,22.18927340909843,0.188094692599821,5,30941,True,True,0,0.16408671221583204,-0.22315439431759931,0.9249429115551304,True,True,0,0.05608368461486124,0.04865693593221822,1.0008257895247372,True,True,0,-0.13025899806015456,0.08615067030204547,0.9819756045780321
22.0,0.3,44,N=160k rejuv,160000,True,0.1,False,1858.4359123039108,0.016642415413149456,5,122849,True,True,0,0.04334036886371295,-0.10245229937923085,1.000493465187408,True,True,0,-0.038145490866772935,0.048471728310597276,1.0296578205462146,True,True,0,-0.04611044970530248,0.06696388811439298,1.0149779442089382
22.0,0.3,44,N=10k no-rejuv,10000,False,inf,False,9.757002810626657,0.2202469475828219,0,0,True,True,0,-0.01827138152575747,-0.17732099104466037,0.9362930204347499,True,True,0,0.3473829470939548,-0.43210117509586066,0.9415521128222787,True,True,0,0.3229659682968663,-0.4253382271315476,0.9592279281375662
22.0,0.3,44,N=10k rejuv KL=0.02,10000,True,0.02,False,390.37685027227604,0.026226547426727163,15,17717,True,True,0,0.053908494971434906,-0.170255311281959,1.0301635170070567,True,True,0,-0.11053962935451722,0.17950787681686636,1.044710165437798,True,True,0,-0.12339909701139634,0.21507920524785729,1.0210158569092485
22.0,0.3,45,N=10k rejuv,10000,True,0.1,False,314.6390462299262,0.042300703295801004,6,8568,True,True,0,0.026324469489170943,-0.14418594794767065,0.9832716701389493,True,True,0,-0.0945109651440731,0.23381677544480514,1.0212359417024994,True,True,0,-0.13083252385653732,0.2696224964336309,1.0015003832714513
22.0,0.3,45,N=40k rejuv,40000,True,0.1,False,702.5543377288836,0.016346302655111045,5,29537,True,True,0,0.08955593207490908,-0.15116593418086247,0.9995379713658985,True,True,0,-0.04946099451562483,0.24471521235805205,1.0323260287121372,True,True,0,-0.09924242944277956,0.2822357409479972,1.0073382222226281
22.0,0.3,45,N=160k rejuv,160000,True,0.1,False,993.3681107194227,0.020792039932434846,5,128180,True,True,0,0.07538798810433572,-0.1723195800973661,0.9966849515783752,True,True,0,-0.0689279472557438,0.20513885823555644,1.0264787849848152,True,True,0,-0.10408188069629974,0.24465655134674094,1.0007605335551668
22.0,0.3,45,N=10k no-rejuv,10000,False,inf,False,6.423435474158936,0.27923846028970967,0,0,True,True,0,-0.3078839180073688,0.44981802200039583,0.9165934413384201,False,True,-1,-0.16148114755351892,-0.1094833969256029,0.9735309603739873,True,True,0,0.12043486068184439,-0.19386495550627308,1.0145863245124769
22.0,0.3,45,N=10k rejuv KL=0.02,10000,True,0.02,False,2204.5464482375955,0.00816939371013968,18,18852,True,True,0,0.02186686409671068,-0.0711912634591342,0.9663317660222599,True,True,0,-0.040436325980471255,0.10013178935451034,1.0172229581810925,True,True,0,-0.05578360009476439,0.11713581594508479,1.0060955282320725
22.0,0.3,46,N=10k rejuv,10000,True,0.1,False,105.55880583419993,0.09290277455414672,6,8499,True,True,0,0.03902587853995043,-0.047464204078353174,1.0403879502570632,True,True,0,-0.1462855428069736,0.3684170989926622,1.0229085399136357,True,True,0,-0.17472305645276665,0.4008172798706737,1.015707554341464
22.0,0.3,46,N=40k rejuv,40000,True,0.1,False,27.578543659946224,0.156737412212741,6,35234,True,True,0,0.031158804877930657,0.02613436246089133,0.9878325508963576,True,True,0,-0.16390744982354877,0.5568573891062988,0.9402221353586017,True,True,0,-0.19881143755495434,0.5915381329074516,0.9361908845560116
22.0,0.3,46,N=160k rejuv,160000,True,0.1,False,381.43128450879186,0.02419938741743708,6,164101,True,True,0,-0.05773912117897484,0.16800298179084594,1.0656692888565562,True,True,0,-0.1979306371789189,0.5446408905164788,0.941261176856755,True,True,0,-0.21564214651284885,0.5577616373824361,0.9414322386038806
22.0,0.3,46,N=10k no-rejuv,10000,False,inf,False,4.273404383386014,0.3784920827364473,0,0,True,True,0,0.15872736298461432,-0.46322938951159864,0.8287583119031485,True,True,0,0.1437590347656852,-0.43847444344493913,0.9008114660147222,True,True,0,0.1645209733797176,-0.40114714215440844,0.8724653437647756
22.0,0.3,46,N=10k rejuv KL=0.02,10000,True,0.02,False,6428.640401728377,0.0021707736828085605,23,21294,True,True,0,0.007158701871691431,0.021008339992239927,0.9879836749487649,True,True,0,-0.013256986950787475,0.04372082656153826,0.9939285948074222,True,True,0,-0.017737092431515,0.04367574264731592,0.9962646249897329
22.0,0.3,47,N=10k rejuv,10000,True,0.1,False,100.74165001420756,0.09231518765899223,6,7533,True,True,0,0.08654196198586617,-0.22391568747685248,0.9677754465600031,True,True,0,-0.06098252875814858,0.18595097688573095,1.061316566301765,True,True,0,-0.08353035621322014,0.22901958772765135,1.040972761648216
22.0,0.3,47,N=40k rejuv,40000,True,0.1,False,2.394573191686683,0.6426788855666807,4,29642,True,True,0,0.12644027389812074,-0.23877131619493794,0.6812791762280054,False,True,-1,-0.467331062885796,0.3325180971107894,0.8148749385330248,False,True,-1,-0.4003484038479515,0.3839498544014692,0.8057240322122197
22.0,0.3,47,N=160k rejuv,160000,True,0.1,False,3443.2631735700606,0.013530499448347444,6,141845,True,True,0,0.044590671501325674,-0.10618182869255387,0.9889477013484802,True,True,0,-0.0498031972558205,0.08531101395976519,1.022144587497265,True,True,0,-0.06475792927786894,0.10561671475386854,1.0087172310039463
22.0,0.3,47,N=10k no-rejuv,10000,False,inf,False,12.285561738197082,0.1611046998553844,0,0,True,True,0,0.052685280417056335,-0.29730455348687884,1.1048938034628482,True,True,0,-0.03216333782798714,-0.08935855067991713,1.0824552874625406,True,True,0,0.013277544543245257,-0.045966414411110205,1.0461679470474927
22.0,0.3,47,N=10k rejuv KL=0.02,10000,True,0.02,False,1753.3072291395877,0.011361394340123999,19,19071,True,True,0,0.026325253232575063,-0.05239171093312468,0.9895948329092691,True,True,0,-0.01590031523105251,0.03202027570697736,1.001545777440305,True,True,0,-0.02763851672536327,0.041626227020661453,0.9962529445523555
22.0,0.3,48,N=10k rejuv,10000,True,0.1,True,526.9149460913577,0.03626827879629665,6,8183,True,True,0,0.0013444212017394985,0.023447263717958623,0.9941928582341634,True,True,0,-0.045217470008468735,0.10318077603370221,0.9812289958395509,True,True,0,-0.04516135726332328,0.10528639330593369,0.9797834164438454
22.0,0.3,48,N=40k rejuv,40000,True,0.1,True,2074.9623054972953,0.01069608039482055,6,31817,True,True,0,0.0016067604770996224,0.0008854702243905712,0.9963013873089757,True,True,0,-0.012913201461464102,0.021531130754239913,0.9889658444457224,True,True,0,-0.019208564367991246,0.022606244525596893,0.9892920115248567
22.0,0.3,48,N=160k rejuv,160000,True,0.1,True,11353.394105139063,0.0035116137380190172,6,130363,True,True,0,-0.00023593995238357923,0.009390526479214885,0.9996527678414578,True,True,0,-0.01270618422406658,0.03052270486889763,0.9864488421054243,True,True,0,-0.01471391711126796,0.0307562170241844,0.9862897894118786
22.0,0.3,48,N=10k no-rejuv,10000,False,inf,True,28.306482010481083,0.08803820746450029,0,0,True,True,0,0.033806192533440416,-0.11994409437878231,0.9409419149204731,True,True,0,-0.03883875057946837,0.030036836774576192,1.0414404123990428,True,True,0,0.03499427712215181,0.05076052289915993,1.0471049574132056
22.0,0.3,48,N=10k rejuv KL=0.02,10000,True,0.02,True,1397.2523105146392,0.00888064015424517,15,16897,True,True,0,0.005090770447616522,0.026066031188370593,1.003152253106109,True,True,0,-0.0471780679118913,0.07953904651296892,0.9674208868423757,True,True,0,-0.05600183154571661,0.0798944806022973,0.9689741680861927
22.0,0.3,49,N=10k rejuv,10000,True,0.1,True,3928.142651376686,0.004059429219853198,7,9644,True,True,0,-0.0158585747268698,0.01777829808971832,1.0036057643774077,False,False,0,-0.012604069345130189,0.04005904650243056,0.9776466723830408,False,False,0,-0.014012350683536005,0.039707993631807534,0.9777632193891731
22.0,0.3,49,N=40k rejuv,40000,True,0.1,True,13923.500840458433,0.001872011823567171,7,37422,True,True,0,-0.0009009558134605578,-0.002638353968236594,0.9983647478519193,False,False,0,-0.009562689391557716,0.020071387816418342,0.994285308054034,False,False,0,-0.008312397869486001,0.02151274739617272,0.9943554848024702
22.0,0.3,49,N=160k rejuv,160000,True,0.1,True,43049.63985999326,0.0013821546268123685,7,180065,True,True,0,-0.005368204886125383,0.002499707962848359,1.0011366835565803,False,False,0,-0.0030308638707394996,0.0028798378038780437,0.9969159825475097,False,False,0,-0.003303258941225736,0.002683487797047924,0.9972937842205033
22.0,0.3,49,N=10k no-rejuv,10000,False,inf,True,30.77001912695861,0.07176648839324695,0,0,True,True,0,0.01331552306337136,0.0445528958115341,0.9695194706900219,False,False,0,-0.01130976989895908,-0.03264990219587663,0.9002553250368281,False,False,0,-0.005291273816461791,-0.04063389601620262,0.9071286941703006
22.0,0.3,49,N=10k rejuv KL=0.02,10000,True,0.02,True,4223.215667614345,0.0055980578231251115,21,19170,True,True,0,-0.01774248842255563,0.018538702477114352,0.9881238931552414,False,False,0,-0.007403462392743662,0.015082650889889537,0.9825904703342838,False,False,0,-0.005299397900703315,0.013291355567896838,0.9805196708369814
38.0,0.3,0,N=10k rejuv,10000,True,0.1,False,27.816045405999446,0.12561319847690114,5,9102,True,True,0,-0.1399952513885272,0.33379945664634936,1.02177464160463,False,True,-1,-0.3339548186377551,1.0338158574397083,0.8912661520054014,False,True,-1,-0.30700831980139154,1.1201376402031606,0.8738370977385459
38.0,0.3,0,N=40k rejuv,40000,True,0.1,False,59.39021634569787,0.06811542459584756,5,38984,True,True,0,0.011778624291076345,0.13902483756277403,0.9851621175677027,True,True,0,-0.314060284550349,0.6046769393028152,0.8787661974267768,False,True,-1,-0.3025860610808511,0.6658136362148491,0.8589783113525685
38.0,0.3,0,N=160k rejuv,160000,True,0.1,False,5.354520107115689,0.42575649572054336,5,160648,True,True,0,-0.3160727896126275,0.45424593608790753,0.7599169780618357,True,True,0,-0.2600128055279485,0.3146059926774205,0.6771991403600828,False,True,-1,-0.29150824144199855,0.27407796594600303,0.6951343980453468
38.0,0.3,0,N=10k no-rejuv,10000,False,inf,False,13.930139405234279,0.16734733725353504,0,0,True,True,0,-0.013023366092717037,-0.22860305365055422,1.0986893754863343,True,True,0,0.14682792959643176,-0.21051457626046902,1.1995327632872221,True,True,0,0.018342738845241513,-0.19766748697785616,1.2007461641085964
38.0,0.3,0,N=10k rejuv KL=0.02,10000,True,0.02,False,2360.9314937249474,0.004462206708184365,13,16917,True,True,0,-0.0330904077339903,0.10212472739723708,0.9653710432363508,True,True,0,-0.07956414508218246,0.1695171513651824,0.9133078559289747,True,True,0,-0.08761238621121628,0.17469540678372744,0.9099953599020406
38.0,0.3,1,N=10k rejuv,10000,True,0.1,True,946.8070120467512,0.012888752737376956,7,9666,True,True,0,0.015934218218298435,-0.017284211421972465,1.0265184602084751,False,False,0,0.0015941426117195134,0.0242247637614274,0.9906815731278698,False,False,0,-0.0047103890048865935,0.0279355282006672,0.9838803101807254
38.0,0.3,1,N=40k rejuv,40000,True,0.1,True,5517.99459266487,0.0064148095612354804,7,43678,True,True,0,0.01569363053770395,-0.033974920294191406,1.0061729618973618,False,False,0,-0.0008366975133907335,0.03094081089187049,1.000111555709768,False,False,0,-0.0012933403377661857,0.03733071792468272,0.9943892473254169
38.0,0.3,1,N=160k rejuv,160000,True,0.1,True,128.76701756531693,0.08596837081095411,7,159047,True,True,0,-0.03300854463339731,-0.0016954990315861227,0.951400376865673,False,False,0,-0.0030809000241865565,-0.1124830647858609,1.0164045644818858,False,False,0,-0.002559765654294264,-0.11834660351847247,1.0231173980077801
38.0,0.3,1,N=10k no-rejuv,10000,False,inf,True,37.134560851510145,0.054333524934029355,0,0,True,True,0,-0.036921050684338874,-0.07793364162986818,0.9335145094269595,False,False,0,0.004045480650151381,-0.12122186078025166,0.9587953961475665,False,False,0,-0.0008983926801434386,-0.11698495500725468,0.9546083286483347
38.0,0.3,1,N=10k rejuv KL=0.02,10000,True,0.02,True,1757.5541426967204,0.010554830315657649,17,16614,True,True,0,0.005415697054200086,-0.023439036821769996,1.0117059403101551,False,False,0,0.010238736359317773,0.023021138992351534,1.0097279004821502,False,False,0,0.008380339828476403,0.02752032029610461,1.0061854236593246
38.0,0.3,2,N=10k rejuv,10000,True,0.1,False,1.898484584876267,0.7245215264262542,5,7738,True,True,0,-0.1898903578017918,0.615061051179628,0.7361606489946653,False,True,-1,-0.2611199347482714,1.1731013181841712,0.6115365426769198,False,True,-1,-0.2777053804787249,1.18214627168376,0.6528770683009465
38.0,0.3,2,N=40k rejuv,40000,True,0.1,False,58.35733241093293,0.09787242536949967,5,35536,True,True,0,0.029631692473758242,0.005301219944040329,1.110770103256266,True,True,0,-0.23630636081901857,1.2418248423629883,1.028762557617342,False,True,-1,-0.27837635638382435,1.3851433644831668,1.004443512537441
38.0,0.3,2,N=160k rejuv,160000,True,0.1,False,4.015042679102881,0.48510604896499004,5,147823,True,True,0,0.32132836845644935,-0.6353569689206999,1.1077638977307274,True,True,0,0.23332991088302785,0.0620247082674058,1.0760102839398162,True,True,0,0.20813300611726115,0.20082042218042537,1.0170243464163045
38.0,0.3,2,N=10k no-rejuv,10000,False,inf,False,9.46519845418119,0.20693790176916127,0,0,True,True,0,0.148458500715196,-0.363282857707692,0.885154207270717,True,True,0,0.3375423383876718,-0.37524877623495023,0.8578146167510217,True,True,0,0.3164659477344597,-0.3436518492989101,0.8385814226346952
38.0,0.3,2,N=10k rejuv KL=0.02,10000,True,0.02,False,1025.6910181013527,0.013355185426422556,17,21606,True,True,0,-0.027968052631799523,0.061590290509592555,0.9664448448167429,True,True,0,-0.057852706281742716,0.14043880850854093,0.9309385484226357,True,True,0,-0.06664273430843781,0.14401558844008447,0.9344862114777293
38.0,0.3,4,N=10k rejuv,10000,True,0.1,True,81.58155797123685,0.06856124841670068,5,7966,True,True,0,-0.013321699168154219,0.4836463438784553,1.2668044323191203,False,True,-1,-0.03298565010870145,0.9394867297536428,0.9515860230822721,False,True,-1,-0.032086653621903986,0.9735352415090025,0.929632323070282
38.0,0.3,4,N=40k rejuv,40000,True,0.1,True,95.60068621218151,0.06638316987725232,5,37755,True,True,0,-0.0494062349649843,0.29064580537658624,0.9881889146868768,False,True,-1,-0.03298513109291965,0.5264003015141777,0.8785073747725428,False,True,-1,-0.03208665362186658,0.5422655787553085,0.8763895424051198
38.0,0.3,4,N=160k rejuv,160000,True,0.1,True,132.54980933032067,0.06594401752518181,5,149707,True,True,0,-0.03107942487087481,0.2738806108103879,0.9646115378244445,False,True,-1,-0.03298541328671915,0.42993523798747746,0.8619352243786216,False,True,-1,-0.032086653621875905,0.4369284876389482,0.8635693633120006
38.0,0.3,4,N=10k no-rejuv,10000,False,inf,True,29.355491447934188,0.06502713253481134,0,0,True,True,0,0.011632246655601225,-0.008749965810231646,0.986562361366048,True,True,0,0.007292304079999243,-0.09179898152437288,0.9928882987764667,True,True,0,0.009039270645243687,-0.10141925247242427,0.9930276233828855
38.0,0.3,4,N=10k rejuv KL=0.02,10000,True,0.02,True,845.4259180575909,0.021746339117037564,15,17995,True,True,0,-0.017557735767036342,0.05067276643928023,0.9748860467106274,False,True,-1,-0.03257137635231211,0.08150577065743189,0.9638051681274956,False,True,-1,-0.03176469275156731,0.0830355960502642,0.9640176093089871
38.0,0.3,3,N=10k rejuv,10000,True,0.1,True,3841.5253601325667,0.009185376619442128,6,8043,True,True,0,-0.01250203309937703,0.019759685087867195,1.0084480400449,True,True,0,-0.027941321645005193,0.055206961169932366,1.0111361036704032,True,True,0,-0.02849675959675784,0.05446596732938262,1.0146263360429049
38.0,0.3,3,N=40k rejuv,40000,True,0.1,True,10807.37316822304,0.004998689356431951,6,30295,True,True,0,-0.004934548233752611,0.006900726336565525,1.0022767681784217,True,True,0,-0.012453422177472459,0.012070432055730098,0.9939338805431701,True,True,0,-0.008989553199609882,0.011547048616321965,0.9951168233422658
38.0,0.3,3,N=160k rejuv,160000,True,0.1,True,103737.94727747931,0.000534339775586914,6,129279,True,True,0,-6.11764309488283e-05,-0.00036474681634935324,1.002077953873867,True,True,0,-0.004230658931807255,0.0060996525594987595,0.9987612038907289,True,True,0,-0.005153666312862418,0.006374598248973403,0.9988607234007794
38.0,0.3,3,N=10k no-rejuv,10000,False,inf,True,19.82004293711334,0.11832616495737268,0,0,True,True,0,-0.01109509638304429,-0.15053198950679827,1.136026419259054,True,True,0,0.03141383734262665,0.09125008952668251,1.0434727618297994,True,True,0,0.05114119624249523,0.11567977753027273,1.0310806576469274
38.0,0.3,3,N=10k rejuv KL=0.02,10000,True,0.02,True,8193.272165785762,0.0012439515768389792,18,16702,True,True,0,0.005180559746604807,-0.0077140308986353694,0.9914663713325017,True,True,0,-0.005695574873103015,-0.002522848204835205,0.9907526505323395,True,True,0,-0.003068172999735483,-0.0015351584306101062,0.9892847969273176
38.0,0.3,5,N=10k rejuv,10000,True,0.1,True,2869.2975429737844,0.009028353583335287,7,10954,True,True,0,0.012202576644809837,-0.023662624928641986,1.0118049885087823,True,True,0,-0.0216863445867318,0.055672920413505085,0.9927641672496551,True,True,0,-0.025260350761128494,0.062205713784379515,0.9855679628481631
38.0,0.3,5,N=40k rejuv,40000,True,0.1,True,6335.645424229355,0.005064355142761358,7,43138,True,True,0,0.010293216701446672,-0.029518845598622154,1.0088499546424634,True,True,0,-0.02284387241935598,0.04735666608731582,1.0007728983440047,True,True,0,-0.026934358957411794,0.05418829988520148,0.9969456452719806
38.0,0.3,5,N=160k rejuv,160000,True,0.1,True,1834.6205817220123,0.019582735407582062,7,182996,True,True,0,0.01710004547181665,-0.012628866130797412,0.9934302826353418,True,True,0,0.007526258694957377,-0.015376425007601658,1.0039739603736122,True,True,0,0.008403853452598808,-0.014579425761038326,1.004325576882821
38.0,0.3,5,N=10k no-rejuv,10000,False,inf,True,26.404118935210303,0.10494774552071942,0,0,True,True,0,-0.09709484634249232,0.20737579580353552,1.0385105398275822,True,True,0,-0.11754333882768973,0.27238398934166363,1.0384643227657657,True,True,0,-0.08707217686059761,0.2604831519229609,1.0428136302782642
38.0,0.3,5,N=10k rejuv KL=0.02,10000,True,0.02,True,29.231464762770592,0.16937855455425954,13,16340,True,True,0,-0.09463242261560145,0.009148513478925967,0.9629143885385559,True,True,0,0.02147547804019606,-0.18458758698774197,0.983383009805777,True,True,0,0.02842062469154344,-0.19684005644974242,0.986561854807849
38.0,0.3,6,N=10k rejuv,10000,True,0.1,True,1.1745250044610678,0.922308183606832,4,8863,False,True,-1,-0.38826638880790243,0.09098479677178437,0.23930626361425714,False,True,-1,-0.10754068303082656,-0.43409238632847763,0.30437100378997756,False,True,-1,-0.09215348479768254,-0.46282595104810775,0.31203992353086196
38.0,0.3,6,N=40k rejuv,40000,True,0.1,True,3981.597556559014,0.007443644247937467,6,30263,True,True,0,-0.02289071935669662,0.04170031156080285,1.0047976708555078,True,True,0,-0.048865316543622486,0.07084442042115136,0.9704880535751707,True,True,0,-0.0556474444221122,0.06819406869920723,0.9742743792972949
38.0,0.3,6,N=160k rejuv,160000,True,0.1,True,23629.026307747805,0.0019352559789522503,6,135524,True,True,0,-0.014673172786891953,0.02656646701422321,1.0107256895364658,True,True,0,-0.03541211472256278,0.05784841598301476,0.9793059252229449,True,True,0,-0.036874392515847475,0.056655650751606036,0.9803585603335787
38.0,0.3,6,N=10k no-rejuv,10000,False,inf,True,30.336171347100734,0.08395010895656747,0,0,True,True,0,0.23742210566322264,-0.40835688567265055,1.0825719020710938,True,True,0,0.10134642551774478,-0.20834929041197697,1.0767878515642628,True,True,0,0.028684701046624322,-0.16347035951299738,1.0457463939515013
38.0,0.3,6,N=10k rejuv KL=0.02,10000,True,0.02,True,1767.0838345393463,0.013023441070085722,18,16391,True,True,0,-0.011706276029095353,0.01599133730674325,0.9926972707194963,True,True,0,-0.013802189874723023,0.02423830729138249,0.9953326332989592,True,True,0,-0.01562415836447563,0.023107737385256732,0.9967182120512246
38.0,0.3,7,N=10k rejuv,10000,True,0.1,False,44.666130437651674,0.09162452326285161,6,11145,True,True,0,-0.06639871365832029,-0.05534509211832147,1.3084994024624843,True,True,0,-0.43969697633663335,0.9535861915073073,1.180290651603958,False,True,-1,-0.4937724856903578,0.9990921908279051,1.161929821739961
38.0,0.3,7,N=40k rejuv,40000,True,0.1,False,55.85781313989677,0.1033469760075551,6,43603,True,True,0,0.006247889440886278,-0.21475625996996134,1.2118954030733136,True,True,0,-0.2239398451704242,0.5021205174525019,1.139845033789764,True,True,0,-0.2640841014372919,0.5492336635426218,1.1099532076426788
38.0,0.3,7,N=160k rejuv,160000,True,0.1,False,70.65737872497894,0.06873910755702912,6,166716,True,True,0,-0.021306053011206694,-0.15317721486648123,1.1143736397492752,True,True,0,-0.2245591542362212,0.40656954991552524,1.062503864553708,True,True,0,-0.26108532783004146,0.4421339055264798,1.0433289953985971
38.0,0.3,7,N=10k no-rejuv,10000,False,inf,False,2.664505189210421,0.6056551672993696,0,0,True,True,0,0.076852700172369,0.002824719058507052,0.8949999153167105,True,True,0,0.17561400141432826,-0.3782234711143022,1.0747953045155105,True,True,0,0.20080804675841452,-0.39388694428487214,1.0939302872752297
38.0,0.3,7,N=10k rejuv KL=0.02,10000,True,0.02,False,5532.896271507101,0.005330563291286327,22,25135,True,True,0,0.008004863754445868,0.009022732404022706,1.0069825598620112,True,True,0,0.00023016463523961583,0.007799364219078433,0.9899648689322575,True,True,0,-0.0006934890664203053,0.006989695701904955,0.9865147069960222
38.0,0.3,8,N=10k rejuv,10000,True,0.1,True,6268.908293259159,0.0024439509700174317,7,8589,True,True,0,0.002519419449181548,-0.002650325348860356,0.9899918024419787,True,True,0,-0.02227143495672912,0.04771926921619642,0.9973859610106586,True,True,0,-0.02468190961605546,0.050555588938605844,0.9989987031672992
38.0,0.3,8,N=40k rejuv,40000,True,0.1,True,698.8785082814805,0.03653974306770453,8,44933,True,True,0,0.005592636807510987,-0.022483076707396563,1.0123852489112666,True,True,0,0.004433128935463965,-0.013761453411122325,1.0119003853683664,True,True,0,0.0034804691522993536,-0.011536899701431723,1.0090185408141266
38.0,0.3,8,N=160k rejuv,160000,True,0.1,True,65635.51205980658,0.001057431683107839,7,173978,True,True,0,0.0014219876048571223,0.005289246370391005,1.0018794573372236,True,True,0,-0.008171392604905098,0.013666455834472012,0.9925513946625825,True,True,0,-0.008400887778583749,0.013687188724059416,0.9925256620066277
38.0,0.3,8,N=10k no-rejuv,10000,False,inf,True,20.337128009083482,0.09530155985407773,0,0,True,True,0,-0.009909841949252263,-0.17450273690072204,1.054919432501631,True,True,0,0.06881267486405021,-0.17577259167276454,1.0364107660504975,True,True,0,0.11541303339727257,-0.16210439660754733,1.0215433207005629
38.0,0.3,8,N=10k rejuv KL=0.02,10000,True,0.02,True,3947.7742017561113,0.008058532394326376,19,19743,True,True,0,0.005157512049333013,-0.0025419444549695954,0.9979405195985044,True,True,0,-0.002811249964663781,0.004533741958230486,0.992166667193227,True,True,0,-0.005751590525232747,0.005102938942875116,0.9902422110749646
38.0,0.3,9,N=10k rejuv,10000,True,0.1,True,64.4271243327111,0.11348548783683235,5,6641,True,True,0,0.03706611041162833,-0.05842322337006928,1.0462786656569931,True,True,0,-0.0729087697924703,0.13799323835738275,1.2245015984893821,True,True,0,-0.08087898988089959,0.1548574006532068,1.230293465074013
38.0,0.3,9,N=40k rejuv,40000,True,0.1,True,242.9692178971236,0.049154854769537154,5,32275,True,True,0,-0.022731898637215142,0.05580599463590827,1.110952819964319,True,True,0,-0.1289798640511703,0.17954912669455056,1.0345910289773645,True,True,0,-0.13894911068757212,0.18646052718471398,1.0255814427368706
38.0,0.3,9,N=160k rejuv,160000,True,0.1,True,242.74801746935654,0.05386168289297179,5,121135,True,True,0,0.001269236340295743,0.01316070961478278,1.1166084995130912,True,True,0,-0.1762459880118043,0.2814201913755762,1.0827942098795083,True,True,0,-0.19012482685737428,0.3007260009920842,1.0720856054065884
38.0,0.3,9,N=10k no-rejuv,10000,False,inf,True,6.758759939889002,0.2564468689981099,0,0,True,True,0,-0.02909143960789151,-0.016985406514006294,0.935405242121479,True,True,0,0.30408555315626773,-0.1488668855340572,1.0067376670468962,True,True,0,0.2670812549456502,-0.15793640243831983,1.0131123864813645
38.0,0.3,9,N=10k rejuv KL=0.02,10000,True,0.02,True,2455.3701977162077,0.0058210803199483675,19,20125,True,True,0,0.04185994912216262,-0.033529023235695884,1.0431401187058498,True,True,0,-0.030325819352528705,0.06125041348629632,1.0198283720045742,True,True,0,-0.04025538305809634,0.06960208680128868,1.0135122643631673
38.0,0.3,10,N=10k rejuv,10000,True,0.1,True,253.78290028236836,0.045347019517673205,5,7159,True,True,0,-0.0790202638480692,0.15841541603132442,1.023290373509643,True,True,0,-0.21098659554516405,0.3851976483676362,0.8682125956571505,True,True,0,-0.19224725823925715,0.39236721934919067,0.8685939405401668
38.0,0.3,10,N=40k rejuv,40000,True,0.1,True,257.07513206476295,0.05591303579825339,5,31484,True,True,0,-0.08079122159697344,0.1243023448262573,0.9963112642486492,True,True,0,-0.1098729170617459,0.1513845373117671,0.9129761523526396,True,True,0,-0.1131440177489995,0.14463272074106914,0.9176068503315055
38.0,0.3,10,N=160k rejuv,160000,True,0.1,True,514.7925407131,0.037837006393667785,5,126619,True,True,0,-0.043134987057299456,0.08287050569777915,1.0325969920358655,True,True,0,-0.11448296154587129,0.22690030311613998,0.9281040096839518,True,True,0,-0.1313239790186625,0.2327343680324078,0.9259419673925818
38.0,0.3,10,N=10k no-rejuv,10000,False,inf,True,19.38218530991426,0.1393618769680925,0,0,True,True,0,-0.36043038697515617,0.49882915337520645,1.0371858676843597,True,True,0,-0.2204312312483515,0.4384350055373901,0.803364733246944,True,True,0,-0.18810727192060822,0.3974681709011358,0.8039814341500034
38.0,0.3,10,N=10k rejuv KL=0.02,10000,True,0.02,True,727.0397825277338,0.033252677101972945,15,17483,True,True,0,-0.00572585159284289,0.017668723090069602,1.0058793056159119,True,True,0,-0.03530988039862637,0.05215737099784301,0.9633028514659472,True,True,0,-0.0387641315430734,0.053711388242924776,0.9627720562858422
38.0,0.3,11,N=10k rejuv,10000,True,0.1,False,57.086253932672285,0.12952264953563575,6,9139,True,True,0,-0.13222480175956353,0.19472528818053467,0.9497281714783906,True,True,0,-0.021849872115385915,0.1469978515597995,0.8421786305088945,True,True,0,-0.028876185763434425,0.13099345654060077,0.8502604307503601
38.0,0.3,11,N=40k rejuv,40000,True,0.1,False,855.5901711732816,0.019969037883352705,6,37741,True,True,0,-0.0710826671035748,0.12452435645324599,1.0019827167238031,True,True,0,-0.08349999259463659,0.17579515504090104,0.9663139672138646,True,True,0,-0.08915147332984802,0.17134747537132558,0.9713278005940146
38.0,0.3,11,N=160k rejuv,160000,True,0.1,False,30.290842641143062,0.17627544718056043,6,147418,True,True,0,0.04133705980259328,-0.010018552495417207,0.9403124720657631,True,True,0,0.01452322647107035,0.012094760414925403,0.9421639609635918,True,True,0,0.018777883824478203,0.014309003813612336,0.9431829356687669
38.0,0.3,11,N=10k no-rejuv,10000,False,inf,False,8.591283131027987,0.2209386838969389,0,0,True,True,0,-0.1500579080979242,0.24071569791364147,1.3109743937097966,True,True,0,-0.16486858021470832,0.6604668615582036,1.1667015511997365,True,True,0,-0.14181518222345596,0.6745550501921684,1.173829569364431
38.0,0.3,11,N=10k rejuv KL=0.02,10000,True,0.02,False,6427.454350155903,0.004293020851077056,18,24855,True,True,0,-0.0032627446215420797,0.01700643085015221,0.9905596449732383,True,True,0,-0.0049708781475794606,0.014584522074156904,0.9773557821717618,True,True,0,-0.0056894392356330314,0.013310330598280209,0.9789717970398112
38.0,0.3,12,N=10k rejuv,10000,True,0.1,False,18.000226307109777,0.1956820721364434,6,10708,True,True,0,-0.08320226954825394,0.02614510545611244,1.1454990546689086,True,True,0,-0.2716315046207708,0.44398754820930986,0.9883101679882632,True,True,0,-0.2765254795700345,0.46583605964975144,0.9553722874121999
38.0,0.3,12,N=40k rejuv,40000,True,0.1,False,80.15953585001128,0.07385050984786308,6,39186,True,True,0,0.05193301155874008,-0.12930219182715197,1.0440678436924897,True,True,0,-0.20214520674855666,0.3034783430198321,1.0330765319114128,True,True,0,-0.21083066735816258,0.34167338355688553,1.0059486934308037
38.0,0.3,12,N=160k rejuv,160000,True,0.1,False,155.8381350584482,0.06451476981693414,6,163678,True,True,0,0.08255446086212936,-0.12394766752353242,0.9766656294199046,True,True,0,-0.07410439393976459,0.16330992460294225,1.0151175957934255,True,True,0,-0.08969155861907041,0.19245644863460892,1.0014928412178277
38.0,0.3,12,N=10k no-rejuv,10000,False,inf,False,12.712294367696456,0.19807196014972384,0,0,True,True,0,0.20850023469827128,-0.32111056943542665,0.9399168758427138,True,True,0,0.09563057004987552,-0.20518405251351232,1.0284838806368108,True,True,0,0.13039656006669342,-0.16643874931969754,1.0092267018505243
38.0,0.3,12,N=10k rejuv KL=0.02,10000,True,0.02,False,765.4682306437923,0.01661018455121334,16,17737,True,True,0,0.040664436476444465,-0.09236916367216151,1.0092346951103008,True,True,0,-0.04286667977075381,0.10520116714901276,1.0008007337954272,True,True,0,-0.06171556870805228,0.12595631169009475,0.9847551951224672
38.0,0.3,13,N=10k rejuv,10000,True,0.1,False,2558.1259741264726,0.004344089595627797,6,10248,True,True,0,0.06565136950545225,-0.18270397813477537,0.9760859248770236,True,True,0,-0.014395218220281197,0.04544955780497016,0.9508357946763683,True,True,0,-0.0425187702981495,0.08183251513806902,0.9020707338362324
38.0,0.3,13,N=40k rejuv,40000,True,0.1,False,2295.526996966912,0.010166358978686783,6,35773,True,True,0,0.0454006369229103,-0.12953284559584524,0.9910826055585219,True,True,0,-0.04386662032073094,0.1685421057195924,1.0191705334631225,True,True,0,-0.07352039221138207,0.2011321573346916,0.996592738538654
38.0,0.3,13,N=160k rejuv,160000,True,0.1,False,463.7988750143444,0.036237002565895925,6,151084,True,True,0,0.008945478483284974,-0.051455106203831445,0.9734843380636385,True,True,0,0.016187587484939092,0.020724153098159778,1.011363246662012,True,True,0,-0.006876248487101916,0.0313657329693393,1.0029909915195605
38.0,0.3,13,N=10k no-rejuv,10000,False,inf,False,14.147683063075839,0.2181008389406049,0,0,True,True,0,0.07438739980808484,-0.06462930934244264,1.3078284287773456,True,True,0,-0.021185219107327236,0.5205263866654682,1.2018529905616417,True,True,0,-0.027469866252439135,0.5585426966537878,1.1498052358928732
38.0,0.3,13,N=10k rejuv KL=0.02,10000,True,0.02,False,5699.860025990004,0.0018101087822208312,16,15567,True,True,0,-0.00024870501406071277,0.0008201141916329319,1.0036578399930511,True,True,0,-0.005131737234813,0.029997551094059858,1.0270041937435632,True,True,0,-0.013201093032419633,0.03133975420289132,1.0239538532156147
38.0,0.3,14,N=10k rejuv,10000,True,0.1,True,479.59891347576803,0.02939059598979013,6,8366,True,True,0,0.0037117325758088127,0.006012015155928361,1.0012025119629753,True,True,0,-0.021838614800423775,0.05449580805442432,0.9832666779532415,True,True,0,-0.029508266929948304,0.05672457695441148,0.9810690719940267
38.0,0.3,14,N=40k rejuv,40000,True,0.1,True,1140.982864669467,0.026849982420596514,7,43516,True,True,0,0.002497347481272172,-0.01224647695016873,0.9953335553140686,True,True,0,0.0065004990506679905,0.009578300393918503,0.9959243055501746,True,True,0,0.0015404440085850651,0.011997440129361228,0.9952157852525013
38.0,0.3,14,N=160k rejuv,160000,True,0.1,True,3086.9685710873555,0.013285739207802131,7,152933,True,True,0,0.005954358836108398,-0.0023835919469709726,1.0068565610523215,True,True,0,-0.01209811064315558,0.02022197719857382,1.000233771204649,True,True,0,-0.01614451494976829,0.02175226595373536,0.9987829122802099
38.0,0.3,14,N=10k no-rejuv,10000,False,inf,True,16.40492941579256,0.13081093975842442,0,0,True,True,0,0.25488791320158244,-0.1558295381715127,0.9600785649530197,True,True,0,0.30542827726325683,-0.19470331025007406,1.148166154001578,True,True,0,0.3119469984241865,-0.18219133701877271,1.1573308463289986
38.0,0.3,14,N=10k rejuv KL=0.02,10000,True,0.02,True,1013.1394023816272,0.012554838178166557,16,17149,True,True,0,0.03252826646397389,-0.03103253650433123,0.9918120098330642,True,True,0,-0.014094625172893005,0.05221475209301852,0.9927610536815776,True,True,0,-0.024577471781525834,0.0599574819183643,0.9905482052974157
38.0,0.3,15,N=10k rejuv,10000,True,0.1,False,13.50844278132786,0.21334337866312614,5,9502,True,True,0,0.05162845849755571,0.038701683324015225,1.2123515974598311,True,True,0,-0.3577423668443166,0.830436004952649,1.025477560851121,True,True,0,-0.32972060564918637,0.8818040698563906,1.0112021946455352
38.0,0.3,15,N=40k rejuv,40000,True,0.1,False,15.894762075546868,0.23014691363129627,5,36764,True,True,0,-0.03072409191164438,0.06128038219072556,1.0834285286169678,False,True,-1,-0.39339158444082756,0.8226113187952677,1.0226150952085908,False,True,-1,-0.3724908930658386,0.8703466747887436,1.0280127526829288
38.0,0.3,15,N=160k rejuv,160000,True,0.1,False,258.6197839796797,0.05780944870376346,6,146831,True,True,0,-0.017740189987894395,0.06729802542403482,1.0052485769563448,True,True,0,-0.0784806026116171,0.15952852215766547,0.9566074894465797,True,True,0,-0.08783022678204822,0.16118091453744793,0.9599557448797499
38.0,0.3,15,N=10k no-rejuv,10000,False,inf,False,7.793693005289324,0.3028012049337907,0,0,True,True,0,0.1307521589686036,-0.11665846544766664,0.97428221712013,True,True,0,0.12354331571177263,0.12195804219107603,0.9450830210110598,True,True,0,-0.01596758429469347,0.14629195990675778,0.9391876893389529
38.0,0.3,15,N=10k rejuv KL=0.02,10000,True,0.02,False,5013.39028413151,0.0061093560942455175,22,20650,True,True,0,0.0032993940067178595,0.010674291078470245,0.9879766165805417,True,True,0,-0.0032984213387878825,0.020195957308192854,0.9951772534973528,True,True,0,-0.00406057522737463,0.02010946600088253,0.9993850488122762
38.0,0.3,16,N=10k rejuv,10000,True,0.1,True,9.785640259691291,0.31250205890515,5,7695,True,True,0,-0.1576254999310608,0.492546041337177,1.134068517985619,False,True,-1,-0.05927148752429036,0.24867663883703167,0.8024466858745727,False,True,-1,-0.035356105443125195,0.18463533126028925,0.8103555015601203
38.0,0.3,16,N=40k rejuv,40000,True,0.1,True,54.17023011745141,0.11908604326574236,5,35195,True,True,0,-0.0017213575275586424,0.053275846969447926,0.9530154803704554,False,True,-1,-0.05839508201921266,0.23665551866166726,0.9242992089793306,False,True,-1,-0.03532538797150467,0.24945854364852846,0.9225430888801769
38.0,0.3,16,N=160k rejuv,160000,True,0.1,True,57.97912581377668,0.09346447600286628,5,150830,True,True,0,-0.027577340736713696,0.03494502808499131,0.9562043080588113,False,True,-1,-0.05797544207822168,0.03771507874564243,0.9297166554473617,False,True,-1,-0.034879499565890745,0.035059487438016686,0.9304344062092568
38.0,0.3,16,N=10k no-rejuv,10000,False,inf,True,57.50778858450045,0.0395912530198104,0,0,True,True,0,-0.04566874952794103,0.053625469493403154,1.0297891963583474,True,True,0,-0.033159540838496544,0.05104214177518291,1.0042956865942105,False,True,-1,-0.0121889210704989,0.04632413318184742,0.9984237663183209
38.0,0.3,16,N=10k rejuv KL=0.02,10000,True,0.02,True,608.0530671250604,0.030693694549327504,14,15200,True,True,0,-0.006559763748188729,0.02255376727390204,0.9948593373901152,True,True,0,-0.004547869342474094,0.05501482827585051,0.9849639489216834,True,True,0,-0.0008664401896752646,0.0561860462751969,0.981629359698225
38.0,0.3,17,N=10k rejuv,10000,True,0.1,False,558.1706399809358,0.025632092015542188,7,8391,True,True,0,-0.027305255696601083,0.0752013396926038,1.0040280759969233,True,True,0,-0.07376574195383981,0.1435650980194358,0.9485928437102071,True,True,0,-0.07643505741253621,0.14184733624185755,0.9533753430062625
38.0,0.3,17,N=40k rejuv,40000,True,0.1,False,7595.880743414389,0.004552913120356099,7,42519,True,True,0,-0.03890452732872801,0.06587962478309484,1.0022347097634023,True,True,0,-0.058346558979611524,0.10891647743679207,0.9613976363450375,True,True,0,-0.05815050187389298,0.10652900776041284,0.9652354189241805
38.0,0.3,17,N=160k rejuv,160000,True,0.1,False,6385.877722028931,0.008664578639994574,7,147675,True,True,0,-0.016252130434156797,0.0316847842283007,1.0036580336006866,True,True,0,-0.03127434651997582,0.057078633615409546,0.9733550693900659,True,True,0,-0.031645937831569854,0.056176289097913015,0.974698752547033
38.0,0.3,17,N=10k no-rejuv,10000,False,inf,False,11.955843920762838,0.1771150960424652,0,0,True,True,0,0.0954162597821861,-0.0818928296536058,0.8998873045101239,True,True,0,0.2011099306035297,-0.17131596857766104,0.989039672043041,True,True,0,0.2078468818650931,-0.17022971868690628,0.9910610115229924
38.0,0.3,17,N=10k rejuv KL=0.02,10000,True,0.02,False,1.480218598970467,0.8219152314329345,18,18524,True,True,0,0.45040062529131947,-0.6574562970993032,0.5247544770063766,True,True,0,0.6558659611708069,-1.1690323360198265,0.699111414565263,True,True,0,0.6691289901335549,-1.149505157138586,0.691567281322703
38.0,0.3,18,N=10k rejuv,10000,True,0.1,True,1471.7491236964484,0.008598319009637546,7,9348,True,True,0,-0.01927831968248972,0.028749968781478917,0.9893121744794392,True,True,0,-0.023537894020548053,0.01137633226326711,0.9730509265723741,True,True,0,-0.026338742313841174,0.007974168756344128,0.9731025524822944
38.0,0.3,18,N=40k rejuv,40000,True,0.1,True,15116.582135960243,0.002082832793081481,7,43875,True,True,0,-0.01402463050049041,0.020378427249103354,1.0076846691216994,True,True,0,-0.023551846689819758,0.038345030605719525,0.9910001628909832,True,True,0,-0.023353828088857505,0.037630678811807344,0.9913622831780123
38.0,0.3,18,N=160k rejuv,160000,True,0.1,True,724.1759274466591,0.02973300623293333,7,154058,True,True,0,0.012043960527188091,-0.020363880022362616,0.9895163173550655,True,True,0,0.011573442978129275,-0.029431954838289625,1.012508366221765,True,True,0,0.008057172974055324,-0.028220102334872512,1.011906365420594
38.0,0.3,18,N=10k no-rejuv,10000,False,inf,True,14.605637214158612,0.12110219174756569,0,0,True,True,0,0.026868709266046342,-0.0939173087642544,0.8523181414160271,False,True,-1,-0.06637277328109135,-0.0383957808473646,0.8780019490068798,False,True,-1,-0.060603295713862276,-0.027351052591928444,0.8805727139475361
38.0,0.3,18,N=10k rejuv KL=0.02,10000,True,0.02,True,914.0247171264772,0.02690073124101815,19,22017,True,True,0,0.0016030407382937595,-0.00462037074632127,1.0024221028469995,True,True,0,-0.0029555518055115193,-0.027367938273441725,0.9884825404634814,True,True,0,-0.005396087170613198,-0.02825258415113078,0.9889170767654756
38.0,0.3,19,N=10k rejuv,10000,True,0.1,False,23.62637201282419,0.18426927749090408,5,8972,True,True,0,-0.014000747008174663,0.3646590351838218,1.2124774088380101,False,True,-1,-0.22727859779114928,1.897821373733889,1.064330147944538,False,True,-1,-0.27308312687568853,2.034030350815611,1.0751184703449448
38.0,0.3,19,N=40k rejuv,40000,True,0.1,False,79.96315194904484,0.0666137965276685,5,37776,True,True,0,0.020807512981418447,0.12068348555986456,1.161797534640513,False,True,-1,-0.22713752830863634,1.3212912980221643,1.0576691324779388,False,True,-1,-0.27305390675933583,1.440845950040317,1.0451745247417914
38.0,0.3,19,N=160k rejuv,160000,True,0.1,False,94.6506728966421,0.06132873974599373,5,153580,True,True,0,-0.053547459647421705,0.18906476386747584,1.0345304463654077,False,True,-1,-0.22681428055639616,1.1108486742087536,0.9411120916689205,False,True,-1,-0.2728507109091635,1.1951011297987342,0.9377463091088395
38.0,0.3,19,N=10k no-rejuv,10000,False,inf,False,4.187419159132232,0.42877352315960565,0,0,True,True,0,0.028882959446483336,-0.3019681847028465,0.953324452636135,True,True,0,-0.10273504220825433,0.09224070056679831,1.1455127462778447,True,True,0,-0.15226127554187546,0.15820171254277907,1.1307250000793059
38.0,0.3,19,N=10k rejuv KL=0.02,10000,True,0.02,False,536.9706274876653,0.04033191121722024,19,19651,True,True,0,-0.020262378183331792,-0.02097756365032406,0.9604003085085159,True,True,0,-0.0036799422917347946,0.029285490480910024,0.9948199089694573,True,True,0,-0.012584625522687076,0.03632566747792046,0.9953600201268253
38.0,0.3,20,N=10k rejuv,10000,True,0.1,False,29.85388894892745,0.1218605252721229,4,8059,True,True,0,0.025832137598981786,-0.06229792547756902,0.8915892721535525,False,True,-1,-0.16848805935564432,0.4412478945414701,0.8966436565612061,False,True,-1,-0.17314468848513725,0.5103649322836762,0.8912515684149468
38.0,0.3,20,N=40k rejuv,40000,True,0.1,False,45.260595222646025,0.08017489845849353,4,34473,True,True,0,-0.04037023315318261,0.1809389998708625,0.9801027429663361,False,True,-1,-0.1737340198394204,0.8590792525321345,0.7925098095530587,False,True,-1,-0.1749185650078019,0.9280335541626529,0.7802480359807628
38.0,0.3,20,N=160k rejuv,160000,True,0.1,False,42.323473780483795,0.11856465091716603,4,128720,True,True,0,0.01208503175827702,-0.030137983022768124,0.9282644872172451,False,True,-1,-0.17287588011485946,0.6154624213280188,0.8818401909388456,False,True,-1,-0.17425782248176913,0.6995469477756994,0.8635111201334587
38.0,0.3,20,N=10k no-rejuv,10000,False,inf,False,14.899220589072568,0.15829991954019337,0,0,True,True,0,-0.021266273909704897,-0.06518170090607694,0.9581248560728748,True,True,0,0.10541536668484316,0.1237237453595303,0.99488108869586,True,True,0,0.09681703243389544,0.1534621364318901,0.9877772716326167
38.0,0.3,20,N=10k rejuv KL=0.02,10000,True,0.02,False,1611.8646484731566,0.012287767305500418,18,18408,True,True,0,0.0043788598235340315,-0.03811100183627312,0.9934160072603587,True,True,0,0.011135418601067898,-0.0013488575800373792,1.004258484602732,True,True,0,0.002299270665398895,0.00675483976750961,0.9979915321005661
38.0,0.3,22,N=10k rejuv,10000,True,0.1,True,34.113686796507686,0.13093588337240628,5,7889,True,True,0,0.02344140819086271,0.03642191018464858,1.0314853884601518,True,True,0,-0.041572642905324364,0.15592943151492705,0.9527522108466447,True,True,0,-0.060316433555819116,0.16436210078792254,0.9418368863461503
38.0,0.3,22,N=40k rejuv,40000,True,0.1,True,275.4630959369033,0.04718780652845519,5,33713,True,True,0,-0.054293893468491894,0.057525840551410294,1.0630405609304359,True,True,0,-0.13284131181980197,0.23212711471964664,0.9764889503916109,True,True,0,-0.13966311401795956,0.2441861074703199,0.9666717696512952
38.0,0.3,22,N=160k rejuv,160000,True,0.1,True,286.1054257067913,0.04090653534677606,5,135974,True,True,0,-0.02719767372267423,0.0787434628333513,1.0427609386461487,True,True,0,-0.131895315239,0.2004838295277036,0.9635222927155598,True,True,0,-0.1261068261510424,0.20655240841670258,0.9560744149579771
38.0,0.3,22,N=10k no-rejuv,10000,False,inf,True,25.412988783426087,0.08103977543322904,0,0,True,True,0,0.022291665599937227,-0.04131342221628751,1.0490105995007823,True,True,0,0.0715781471335124,-0.007508172081815116,1.0349600948941784,True,True,0,-0.06819839972220926,-0.0019971100430729166,1.0390997511199902
38.0,0.3,22,N=10k rejuv KL=0.02,10000,True,0.02,True,1467.096346614258,0.012193548580465216,15,17117,True,True,0,0.0012488935402554802,0.010448208920784947,0.9920695996839117,True,True,0,-0.025485857563948278,0.06827292085038045,0.9811331195018661,True,True,0,-0.038216416611415394,0.07278762254261079,0.9774289161926099
38.0,0.3,21,N=10k rejuv,10000,True,0.1,True,4643.067420433079,0.005624371001214056,8,12002,True,True,0,-0.001648062498431191,0.021213402083537846,1.1183899373791653,True,True,0,-0.009748042879239971,0.03699604066989234,1.128425547535321,True,True,0,-0.008856446253037914,0.03632449220802922,1.1145356374817639
38.0,0.3,21,N=40k rejuv,40000,True,0.1,True,876.3643730357459,0.031946006891446034,8,45067,True,True,0,0.010525285017810027,-0.026124291820562005,0.9968369751892253,True,True,0,-0.01444028172756405,0.008738950041373844,1.0112445797492646,True,True,0,0.004943701236318487,0.012155351814307243,1.0096695417080312
38.0,0.3,21,N=160k rejuv,160000,True,0.1,True,9751.567331635171,0.008101184402037918,8,180062,True,True,0,0.013774694291041722,-0.025560712167542573,1.004720133937672,True,True,0,-0.006869328291276747,0.018252539153433937,1.002283910891195,True,True,0,-0.014954664839669132,0.022057904933717763,0.9996299339042503
38.0,0.3,21,N=10k no-rejuv,10000,False,inf,True,24.87673624291364,0.10099932976093416,0,0,True,True,0,0.13138663653796256,-0.23096651066683388,1.0623917586209797,True,True,0,-0.07116400060690824,0.23413661501447156,0.991213034128403,True,True,0,-0.07166995829433181,0.2718221586280059,0.9644262707127094
38.0,0.3,21,N=10k rejuv KL=0.02,10000,True,0.02,True,980.5097781830693,0.023380216404784274,18,22298,True,True,0,-0.006592331126148432,0.02725741676168778,1.006588002732428,True,True,0,-0.003450528536721023,-0.007173995721373173,0.9980873133801282,True,True,0,-0.004402147079191621,-0.01064587796236717,0.9976112801363999
38.0,0.3,24,N=10k rejuv,10000,True,0.1,False,1.9848639875998793,0.7046823394075025,5,7199,True,True,0,-0.17297179631976403,-0.21341798862557765,0.5769679832921762,False,True,-1,-0.20641956636109382,0.5117995425655338,0.6555346769430724,False,True,-1,-0.2309927664459262,0.6111290551890737,0.6561552873941726
38.0,0.3,24,N=40k rejuv,40000,True,0.1,False,37.424953309802895,0.09614317067163212,5,37200,True,True,0,0.0035074913745049563,0.03763558665119142,0.9949073173406169,False,True,-1,-0.20607710861340586,0.8160567681503766,0.8990666502317334,False,True,-1,-0.23096746720175565,0.9019683057231153,0.8838278992822323
38.0,0.3,24,N=160k rejuv,160000,True,0.1,False,72.30521129132111,0.08415194488510933,5,160904,True,True,0,-0.0024463761652607496,-0.016684762099850398,1.0816145390660152,True,True,0,-0.09923254047951909,0.30148800981553586,0.9756445246871032,True,True,0,-0.12448613139729432,0.33909306262192057,0.9502438487041757
38.0,0.3,24,N=10k no-rejuv,10000,False,inf,False,7.270235808764448,0.2110707520376899,0,0,True,True,0,-0.1399580494505369,-0.17746288403268562,0.7385500311935562,True,True,0,0.0011840026653338331,-0.16853196722785768,0.7868496164474892,True,True,0,-0.01980462039051692,-0.15373613646766357,0.8027145819377776
38.0,0.3,24,N=10k rejuv KL=0.02,10000,True,0.02,False,5519.0475505221075,0.0034581112391066813,16,17492,True,True,0,-0.010016882635017349,0.008874108188330291,0.9814594697894081,True,True,0,-0.02441541018252605,0.04531811478713926,0.9499091037715679,True,True,0,-0.029685095694333363,0.04878818896387526,0.9490340857306934
38.0,0.3,23,N=10k rejuv,10000,True,0.1,True,2421.347022799961,0.01267880875765032,7,10313,True,True,0,-0.019822503756205645,0.030452006411769716,0.9924731486440789,True,True,0,-0.01945161524533222,0.02086437138713308,0.9883303876462661,True,True,0,-0.018998311974421245,0.017524389628388932,0.9910402956446599
38.0,0.3,23,N=40k rejuv,40000,True,0.1,True,680.2390194024944,0.03724106901532501,6,30896,True,True,0,-0.024762736843176425,0.043496846632140054,1.0011205547366278,True,True,0,-0.009183875816116488,-0.027976384760939138,0.9841564013036259,True,True,0,-0.005959129160514054,-0.03596017330463262,0.9910098386795448
38.0,0.3,23,N=160k rejuv,160000,True,0.1,True,43137.17305811923,0.0031336447146741078,6,130245,True,True,0,-0.001953410894794283,0.005983632077750542,0.9996539169059375,True,True,0,-0.003548116640983562,-0.003205586688756343,0.9961440776033539,True,True,0,-0.002983701179856968,-0.004268118645546055,0.9966129054517084
38.0,0.3,23,N=10k no-rejuv,10000,False,inf,True,31.68097612818038,0.07157523312245964,0,0,True,True,0,0.04444173292337117,-0.024045218883419563,1.051368744230321,True,True,0,0.007791265701478256,-0.013313189043808956,1.0184012941919554,True,True,0,0.006534176327278714,-0.010500092921801327,1.0123851062326459
38.0,0.3,23,N=10k rejuv KL=0.02,10000,True,0.02,True,8656.3317640403,0.0007624735397172868,18,19362,True,True,0,-0.0020367579336444397,0.010563219124081336,1.0033327402392098,True,True,0,-0.00657865639224002,0.024139613580430323,0.9953196415704181,True,True,0,-0.007405491253773308,0.023920962152486687,0.9962123868885499
38.0,0.3,25,N=10k rejuv,10000,True,0.1,True,20.01472782175889,0.22063558148636855,6,8859,True,True,0,0.04506312203928575,0.023838817850937194,0.9461452554206253,True,True,0,0.08024865657597269,0.050062722168844366,0.9446206997112052,False,True,-1,-0.1445438506507808,0.048908950754119204,0.9531669890998264
38.0,0.3,25,N=40k rejuv,40000,True,0.1,True,232.73739247684753,0.05907411759680417,6,38120,True,True,0,-0.0238716253474206,0.049944926901346165,1.0205543583663317,True,True,0,-0.0837383706939681,0.18034247272693227,0.9593578092884055,True,True,0,-0.07544293783031301,0.1818408402547364,0.9610608158147991
38.0,0.3,25,N=160k rejuv,160000,True,0.1,True,2189.2989096575952,0.00907181953143439,6,154363,True,True,0,-0.0135731144932153,0.03419226195637609,1.0098755115394755,True,True,0,-0.06377816708190492,0.11922354922362642,0.9594688433229651,True,True,0,-0.07110881996116639,0.12002936598779165,0.9611541194428
38.0,0.3,25,N=10k no-rejuv,10000,False,inf,True,20.099949310796003,0.08944293322324286,0,0,True,True,0,-0.07308769446182184,-0.01652434075760502,0.9416755152043333,True,True,0,0.10552552452224301,-0.10724578009259883,1.0170825944577584,True,True,0,0.14995316020889798,-0.110210563946772,1.0210361658773295
38.0,0.3,25,N=10k rejuv KL=0.02,10000,True,0.02,True,171.34401932047814,0.06921380183158957,16,20705,True,True,0,-0.013504399514968068,0.058281545009814736,0.9996577159607272,True,True,0,-0.03748039843359527,0.10678982752231705,0.9575280983524481,True,True,0,-0.02080174549758204,0.1031593048879829,0.9642352256826324
38.0,0.3,26,N=10k rejuv,10000,True,0.1,False,24.974833995844573,0.12076259366400847,5,8489,False,True,-1,0.04117519005108694,-0.30076173639065995,0.9563411180100809,True,True,0,-0.3709852998598587,0.6146501170021984,0.9848921166403397,False,True,-1,-0.28062496033262213,0.6974947153038512,0.9341607363082741
38.0,0.3,26,N=40k rejuv,40000,True,0.1,False,11.144259768268059,0.23250115402782517,5,36311,False,True,-1,0.04251074176457803,0.019339852361882074,0.9276413572264347,True,True,0,-0.17863365581810337,0.24186153622675616,0.8658127054931777,False,True,-1,-0.2743782411600185,0.23569252461165444,0.8537064443829506
38.0,0.3,26,N=160k rejuv,160000,True,0.1,False,69.38369413920327,0.08885587811967001,5,154499,False,True,-1,0.03034635515014017,-0.21923594437131474,0.9798862996696219,True,True,0,-0.14357246180518624,0.30169243176202754,1.0081550775453338,True,True,0,-0.22602390095069644,0.36251866235355623,0.9659993641521266
38.0,0.3,26,N=10k no-rejuv,10000,False,inf,False,62.673303433121305,0.046073254258980664,0,0,False,True,-1,0.02854239631658051,-0.26359249468338114,0.9028727208057988,True,True,0,0.0336439230970319,0.04514495614216387,1.0573388924834206,True,True,0,-0.09705914695598888,0.11922792672121127,1.040767180276294
38.0,0.3,26,N=10k rejuv KL=0.02,10000,True,0.02,False,1231.1452048583915,0.01586148989266211,14,18028,False,True,-1,0.027749963460168336,-0.13762020338230682,0.9577216716336346,True,True,0,-0.06024344494703182,0.10050101690779749,1.025927204566211,True,True,0,-0.08010766492538168,0.13894916517264963,0.9947116160378175
38.0,0.3,27,N=10k rejuv,10000,True,0.1,False,11.151198875006676,0.29439276146340976,6,8564,True,True,0,-0.3219856797331553,0.5035096557996177,1.0341721725358939,True,True,0,-0.5022262823020504,0.6744941454925736,0.8448819501701811,False,True,-1,-0.4712784800865542,0.6495908802330626,0.8777827912434851
38.0,0.3,27,N=40k rejuv,40000,True,0.1,False,219.93116721829935,0.038000382619965085,6,34218,True,True,0,-0.04855758857933812,0.16185184128323768,1.0702731252930755,True,True,0,-0.2528945419684143,0.5238687009669055,0.913991058637955,True,True,0,-0.319298510331399,0.5378780936157302,0.9165749328229428
38.0,0.3,27,N=160k rejuv,160000,True,0.1,False,3.517202365025111,0.5322361898246047,6,164175,True,True,0,0.08119657428214744,-1.1156532850514023,1.3371405264466198,True,True,0,0.21002816021187587,-0.7438531863433377,1.0771290988994628,True,True,0,0.23763767992148227,-0.6348546137264883,0.9964889611962386
38.0,0.3,27,N=10k no-rejuv,10000,False,inf,False,6.910390127145376,0.3132102864525201,0,0,True,True,0,-0.05923806912635787,0.002523821142899547,1.1999775925466203,True,True,0,-0.1863298634386577,0.42055284572801993,1.214807577717176,True,True,0,-0.13206715243832956,0.4503374619115499,1.2023625312993116
38.0,0.3,27,N=10k rejuv KL=0.02,10000,True,0.02,False,48.25567155733756,0.12830516860760455,16,18402,True,True,0,-0.003725274705364101,0.1829423022919579,0.9138554459806664,True,True,0,-0.011534668905422762,0.13231615761838408,0.8918167929325046,True,True,0,-0.010434602435878793,0.11518420887369535,0.9104209223248833
38.0,0.3,28,N=10k rejuv,10000,True,0.1,False,1499.3069033024758,0.011086103183453993,6,10139,True,True,0,0.04348504406328099,-0.16570644017632927,1.0047844905075354,True,True,0,-0.009578227742166365,0.163136287658329,1.0491646267084647,False,True,-1,-0.029143375211131292,0.19854917792855842,1.0247218206022184
38.0,0.3,28,N=40k rejuv,40000,True,0.1,False,105.74223628497097,0.07749071421508578,6,25852,True,True,0,0.0022267261964287743,-0.03738404845366749,1.0396124993460882,False,True,-1,-0.024738166537267046,0.13374255674480978,1.0060735396444636,False,True,-1,-0.04360699580219106,0.1464218681759752,0.9854933602163697
38.0,0.3,28,N=160k rejuv,160000,True,0.1,False,4493.08565428783,0.009600250082453595,6,141002,True,True,0,0.03243919315009536,-0.12805543771334632,1.0034090338964448,True,True,0,-0.007580835781421644,0.12397786669152876,1.030281621351236,False,True,-1,-0.026243568682561808,0.1512432293846383,1.0095186625828036
38.0,0.3,28,N=10k no-rejuv,10000,False,inf,False,12.694028223322212,0.19446324736897175,0,0,True,True,0,0.08606668220642139,-0.291032929614207,1.0743434069282511,False,True,-1,-0.02425261042469926,0.21362640516127906,1.0932546623623118,False,True,-1,-0.03511800546619767,0.2722959962488431,1.0487712632811255
38.0,0.3,28,N=10k rejuv KL=0.02,10000,True,0.02,False,28.87587187559759,0.18579771864078856,16,18021,True,True,0,-0.03078916284584693,-0.07210920633581631,0.896213373190663,True,True,0,0.17909818388219045,-0.22778577187794363,1.0846067934625991,True,True,0,0.17176737892566932,-0.22683066131630775,1.0891162761927116
38.0,0.3,29,N=10k rejuv,10000,True,0.1,True,1451.2817063433788,0.019571077905408043,6,9245,True,True,0,-0.010824202989798803,-0.014224106496503118,1.0087014171700226,True,True,0,-0.01674307606635006,0.022732869564159503,1.0160189275404499,False,True,-1,-0.01322044137352323,0.025888663126783847,1.015169988094006
38.0,0.3,29,N=40k rejuv,40000,True,0.1,True,19823.748844185247,0.0031859010094003252,6,30966,True,True,0,-0.0016851629988331451,0.005711267269355239,1.0009633974941392,True,True,0,-0.006876752606443007,0.011160900032744786,0.9953778663457776,True,True,0,-0.004777071495038532,0.010891582983941802,0.995655340862669
38.0,0.3,29,N=160k rejuv,160000,True,0.1,True,4393.899762692808,0.013291616283548436,6,124992,True,True,0,-0.006289681477284148,-0.003226243943150735,1.0000923621591193,True,True,0,-0.007751941488703354,-0.0095067662312529,0.9994625616803056,True,True,0,-0.007701293612455196,-0.009512110081488884,0.9994122412889013
38.0,0.3,29,N=10k no-rejuv,10000,False,inf,True,54.600009982948855,0.047737207590934236,0,0,True,True,0,-0.04889398511731913,0.004704569284765039,1.0035303234597217,True,True,0,-0.0055833307085221134,0.038774818749775564,0.9573667998376932,True,True,0,-0.004529272541412721,0.04000778253971908,0.9572907272301482
38.0,0.3,29,N=10k rejuv KL=0.02,10000,True,0.02,True,2497.449917123179,0.011878558048160832,19,18292,True,True,0,-0.007299898748927003,0.0069982081304365285,0.9952236895489841,True,True,0,-0.02419015493423636,0.02193579808469418,0.9823727310289792,False,True,-1,-0.018868316912717023,0.022012021987516787,0.982941738384552
38.0,0.3,30,N=10k rejuv,10000,True,0.1,False,25.811831128542117,0.17596564402866066,5,7042,True,True,0,0.074441001381406,0.07674121551824085,1.1047185842188558,False,True,-1,-0.1718046901764808,0.39608609247318605,0.9485621974447872,False,True,-1,-0.18424862088584773,0.42351060333459906,0.9321167138616337
38.0,0.3,30,N=40k rejuv,40000,True,0.1,False,25.94197699057818,0.1485591644515945,5,34155,True,True,0,0.07564468340976929,-0.057395223588488094,1.0601416187009642,True,True,0,0.003714068628668854,0.09151915530817689,0.9467731055358635,True,True,0,-0.025700028643861422,0.10886567143668822,0.9320199049501078
38.0,0.3,30,N=160k rejuv,160000,True,0.1,False,289.7140259360489,0.04318610410887817,5,133182,True,True,0,-0.019469997920044252,0.12881130905789606,1.0153735589220143,True,True,0,-0.09666185698866547,0.19359934642059648,0.9242809586019399,True,True,0,-0.10986367903916851,0.1936236812324548,0.9225229084520365
38.0,0.3,30,N=10k no-rejuv,10000,False,inf,False,8.388830680874094,0.2428087008873406,0,0,True,True,0,0.15119965752748551,-0.307346932230403,1.146766213363681,True,True,0,0.04711665959943859,-0.13772453571799806,1.17790626128438,True,True,0,0.03493607985735686,-0.10612929873280919,1.161442997446818
38.0,0.3,30,N=10k rejuv KL=0.02,10000,True,0.02,False,753.1090744699555,0.016476586564607237,16,18287,True,True,0,-0.054590038511832986,0.13337471197709144,0.9846566768260375,True,True,0,-0.12285565898549472,0.16884566097635081,0.9149554899220161,True,True,0,-0.1018658853494469,0.16578446258264812,0.9175510801867965
38.0,0.3,31,N=10k rejuv,10000,True,0.1,False,28.88094512536305,0.10248478592463664,5,8792,True,True,0,0.0400665044515065,-0.12956816552186984,1.1939558168865316,True,True,0,-0.4913418247366281,1.154347108002254,1.0439975455299983,False,True,-1,-0.490251746559987,1.2785372331441596,1.0007565308716946
38.0,0.3,31,N=40k rejuv,40000,True,0.1,False,3.7678891738265703,0.5097173647965741,5,35504,True,True,0,0.15342055793990372,0.22047366465399149,0.8817383072740608,False,True,-1,-0.5181341997792596,1.2072645503705672,0.8370259860400453,False,True,-1,-0.49546732992098746,1.269394924311449,0.8504057067046693
38.0,0.3,31,N=160k rejuv,160000,True,0.1,False,33.08108474234321,0.13516913794951238,5,156968,True,True,0,-0.18605513877667268,0.14278245130797942,1.021678740697352,True,True,0,-0.4320429267347333,0.9483186898675662,0.9018069441540968,True,True,0,-0.41692975490846396,1.0029090312216278,0.8927716251596354
38.0,0.3,31,N=10k no-rejuv,10000,False,inf,False,7.290306388405172,0.2442044256299921,0,0,True,True,0,-0.2665935128959339,0.429248388933918,0.9237232277173867,True,True,0,0.1457710371362435,-0.07090890633154873,0.8362312270298701,True,True,0,0.17115223549470537,-0.15872032135883038,0.8780853945682093
38.0,0.3,31,N=10k rejuv KL=0.02,10000,True,0.02,False,1151.310461592335,0.015021894204554515,20,23202,True,True,0,0.016553425493791574,-0.008266318201917566,0.9934966822791539,True,True,0,-0.03833932133098761,0.0825905849931065,0.9801413200088707,True,True,0,-0.05623951344860051,0.09128499174936403,0.9741875492355848
38.0,0.3,32,N=10k rejuv,10000,True,0.1,False,13.589675152700163,0.21916552148209295,6,11307,True,True,0,-0.06198457917148453,0.16605217416999196,0.8678862398319909,False,True,-1,-0.4694372443781289,0.7022513734521336,0.8286042798551376,False,True,-1,-0.4867453688523402,0.7310669427088069,0.8479162253511208
38.0,0.3,32,N=40k rejuv,40000,True,0.1,False,18.810482530371328,0.16363866126743584,6,40833,True,True,0,-0.17170483997535246,0.3974559814414613,0.9982621045800303,False,True,-1,-0.46487518084444196,0.9227347900005693,0.8197681678366897,False,True,-1,-0.4830219847276171,0.9286471863028618,0.848197347670373
38.0,0.3,32,N=160k rejuv,160000,True,0.1,False,47.495931376354534,0.13451593204554615,6,165952,True,True,0,0.052806032638958,-0.08870239262298511,1.0375729298507819,True,True,0,-0.1724339052488849,0.354042314086237,0.9978343119354962,True,True,0,-0.18697444198525504,0.39929907827095684,0.9815269189646126
38.0,0.3,32,N=10k no-rejuv,10000,False,inf,False,3.2090224324277843,0.49409676245941186,0,0,True,True,0,-0.34801444059277836,0.6158398277428648,0.7703700612650376,False,True,-1,-0.46889566501450974,0.7073146645179677,0.7703837663099261,False,True,-1,-0.4838844144477326,0.6563877665691477,0.8322159318297728
38.0,0.3,32,N=10k rejuv KL=0.02,10000,True,0.02,False,371.41948327777305,0.049174174644977066,20,19417,True,True,0,-0.014513883274687223,-0.003896235150785463,0.9587472620376543,True,True,0,0.0015605168606613873,0.014402517551480608,0.9878047984921157,True,True,0,-0.006445145325214008,0.016294866233019224,0.9937303330308596
38.0,0.3,33,N=10k rejuv,10000,True,0.1,False,2.859578905513563,0.5825878463737524,5,7768,False,True,-1,-0.06081049853387245,0.4553848328307233,0.7019337405269017,False,True,-1,-0.07436819975851462,0.8366750215325791,0.5448506651862987,False,True,-1,-0.08399813388673982,0.8551146371252509,0.549918292440426
38.0,0.3,33,N=40k rejuv,40000,True,0.1,False,1.5627773927877306,0.7991315402978122,5,34176,False,True,-1,-0.06760112138242585,-0.8685882461967384,0.5721203854701227,False,True,-1,-0.07435912612254662,-0.6607024630398001,0.7064341836597935,False,True,-1,-0.08399813244798399,-0.5581131941782365,0.6976150513965157
38.0,0.3,33,N=160k rejuv,160000,True,0.1,False,9.776058348191617,0.3101233989479447,5,136421,True,True,0,-0.04013966549090127,0.07395099208634415,0.7553773468015761,False,True,-1,-0.06626204406631608,0.3619427105509273,0.7756583800297434,False,True,-1,-0.08397263234881541,0.39824091897414327,0.7903317456609187
38.0,0.3,33,N=10k no-rejuv,10000,False,inf,False,12.007788256705416,0.125314570588125,0,0,True,True,0,-0.052393834942228386,0.20697956435869796,0.9105616633095879,False,True,-1,-0.06688714532044276,-0.03159612607379861,0.804664937862293,True,True,0,-0.005444207389103978,-0.08389047446633281,0.7858423445683261
38.0,0.3,33,N=10k rejuv KL=0.02,10000,True,0.02,False,3439.825379054963,0.005432130670540143,16,17539,True,True,0,-0.011795271172481567,-0.03380986656077429,0.9244022657451807,True,True,0,-0.03166792304788962,0.08123690687570327,0.9461240906609705,True,True,0,-0.039753144219063216,0.10098615171676623,0.9463470334305238
38.0,0.3,34,N=10k rejuv,10000,True,0.1,False,6.770612899805281,0.3485326820690274,5,8339,True,True,0,0.061904784379709143,-0.23707916124723372,0.9870116908326404,True,True,0,-0.4455307723020625,0.8994713979675817,1.060494475869895,False,True,-1,-0.46439467616264385,1.060731485332511,1.042661946952159
38.0,0.3,34,N=40k rejuv,40000,True,0.1,False,21.424031255923122,0.17542104745677867,5,38147,True,True,0,-0.1494695722202457,0.1533092306580546,1.0136741070609971,True,True,0,-0.4243588278504501,1.0615813481560832,0.9241090156118446,True,True,0,-0.4364279309881076,1.1619488672934564,0.9116584632265436
38.0,0.3,34,N=160k rejuv,160000,True,0.1,False,21.61165319580996,0.18925264012114446,5,173798,True,True,0,-0.01349685884301477,0.14860501710902993,1.0187406428186914,True,True,0,-0.24700336065038997,0.5548573718958734,0.8614931797795579,True,True,0,-0.2816718406386597,0.5930946562879493,0.8408410751144487
38.0,0.3,34,N=10k no-rejuv,10000,False,inf,False,19.222918692430138,0.10330695675151175,0,0,True,True,0,-0.046791344193969464,0.07154479042242716,1.1131864146055834,True,True,0,-0.35478729120204155,0.8498945152667888,1.0442985269587548,True,True,0,-0.32762157996727564,0.9408806715889289,1.017010979246563
38.0,0.3,34,N=10k rejuv KL=0.02,10000,True,0.02,False,2807.9085069265425,0.006495692553917904,17,19950,True,True,0,0.024453971072025737,-0.005545233055132357,0.9458164745927421,True,True,0,-0.020750877556007796,0.10390254117174116,0.9468331125934466,True,True,0,-0.03778952114684364,0.11799425438388872,0.9451333222663976
38.0,0.3,36,N=10k rejuv,10000,True,0.1,False,93.021994024151,0.04529904734802976,5,8710,True,True,0,-0.05572747003589168,0.336012036786599,1.2339398049120336,False,True,-1,-0.12142785791114584,1.1076256148404413,0.9585360568454792,False,True,-1,-0.12122368108253379,1.1658313936581128,0.9351943723491377
38.0,0.3,36,N=40k rejuv,40000,True,0.1,False,28.385187951674336,0.17568953626054787,5,37570,True,True,0,0.09791477901310497,-0.04214292976671014,1.1716008051939326,False,True,-1,-0.121337981702933,0.354028432860253,0.9802665929222208,False,True,-1,-0.12122368100661855,0.3982387762896387,0.9434687169566769
38.0,0.3,36,N=160k rejuv,160000,True,0.1,False,148.2086930318507,0.05973243996195171,5,139601,True,True,0,-0.047575303877071595,0.26255116109690657,1.0748384394145503,False,True,-1,-0.11753724938181243,0.7351472495846747,0.9006037818826276,False,True,-1,-0.1212232898519901,0.7670096602057055,0.891554020858932
38.0,0.3,36,N=10k no-rejuv,10000,False,inf,False,17.045423514267465,0.10595046306716338,0,0,True,True,0,-0.012050802678204298,0.057727044492342866,0.8899183597456094,True,True,0,-0.009452946981690316,-0.1842648060804348,0.8536360232296832,True,True,0,-0.009282007660166389,-0.21340418199331798,0.86364991271534
38.0,0.3,36,N=10k rejuv KL=0.02,10000,True,0.02,False,107.55060850197582,0.08734856721705947,15,16734,True,True,0,-0.01656285699579818,0.00837906886673587,0.9683865075510201,True,True,0,-0.05410910164714913,0.03377193687639248,0.9742323311995034,True,True,0,-0.06305588926167009,0.035866181766792106,0.973532892311724
38.0,0.3,35,N=10k rejuv,10000,True,0.1,True,5402.22149012791,0.004626577780249275,8,10461,True,True,0,-0.001279402070501201,0.0013486784885312893,1.018055190123366,False,True,-1,-0.00703760194923855,0.026410232540562417,0.9965578829955419,False,False,0,-0.0031823241070694647,0.0271640362853302,0.9958504695268513
38.0,0.3,35,N=40k rejuv,40000,True,0.1,True,27618.25741599386,0.000704482289752608,8,49256,True,True,0,-0.0035403688528791166,0.008553227323365135,1.0097665080816807,False,True,-1,-0.00868756809483828,0.027148852908012205,1.007365629531329,False,False,0,-0.009436297397361229,0.027015442446906294,1.0099678950283122
38.0,0.3,35,N=160k rejuv,160000,True,0.1,True,52401.58315735079,0.0017173604918970034,8,205647,True,True,0,-0.0033097429594816097,0.008549962566671676,1.0000495940652305,False,True,-1,-0.0070802704939730565,0.010013597923307378,0.9977750076632262,False,False,0,-0.007307467705925719,0.00928062604741591,0.9987793413817792
38.0,0.3,35,N=10k no-rejuv,10000,False,inf,True,39.73148217765695,0.061111071674259616,0,0,True,True,0,0.1444405611233487,-0.007103998213787409,1.0807906725507106,True,True,0,0.05871712777526947,0.11558300342950156,1.070907280038324,True,False,1,0.06768675472423633,0.12053036880609548,1.0645080466157981
38.0,0.3,35,N=10k rejuv KL=0.02,10000,True,0.02,True,1023.387609165855,0.02867892071467339,17,19870,True,True,0,0.01817106296702309,-0.003122815941327761,0.9877004731282628,True,True,0,0.024576072500569104,-0.04296553778797802,1.0295544595043213,True,False,1,0.025237111133972902,-0.04407416306781891,1.0294077015734195
38.0,0.3,37,N=10k rejuv,10000,True,0.1,True,14.314586390432494,0.25357530066086087,6,8738,True,True,0,-0.19083349529050864,0.09102632080101156,1.0234301630285338,True,True,0,-0.19152671448167768,0.05713084958301723,0.9610704643838652,True,True,0,-0.195302044902478,0.041996176077633514,0.971433204051456
38.0,0.3,37,N=40k rejuv,40000,True,0.1,True,850.857895277568,0.02392663056688521,7,36380,True,True,0,-0.012395035598622761,0.00913830143321306,1.0048600500530398,True,True,0,-0.019177320476404414,0.02770940148055344,1.0183367871197144,True,True,0,-0.010967606186842449,0.02505206197157355,1.0170477117873309
38.0,0.3,37,N=160k rejuv,160000,True,0.1,True,4050.456911833086,0.014007281935354013,7,152282,True,True,0,0.004491188443360272,0.00407910602609353,0.9913639992539521,True,True,0,2.0571797245128032e-05,0.00647188461955304,1.0042088839192995,True,True,0,-0.0005339180320443337,0.005591091867152475,1.0029190491843534
38.0,0.3,37,N=10k no-rejuv,10000,False,inf,True,9.18280559729599,0.26605778014670145,0,0,True,True,0,0.051471100429509864,0.08332968667100295,0.9681136469616848,True,True,0,0.09798124760736021,-0.06251147198773346,1.0672939925999885,True,True,0,0.1321309815360442,-0.07042081339296373,1.0596892753637321
38.0,0.3,37,N=10k rejuv KL=0.02,10000,True,0.02,True,6172.906495678271,0.003905017551563287,23,19683,True,True,0,0.007188248403714015,0.01515014789930354,0.9821606988128965,True,True,0,0.0030109329933414863,-0.01550526800676516,0.9510420580598773,True,True,0,0.0011684468574516549,-0.016728865432558374,0.9487798889130381
38.0,0.3,38,N=10k rejuv,10000,True,0.1,False,403.20512226201777,0.03484379216510198,6,9594,True,True,0,0.038885138243272555,-0.14321394366796855,1.0340390902518088,True,True,0,-0.08795038435427094,0.1960506711097212,1.043377500777119,True,True,0,-0.1363233529413152,0.22918883127341894,1.0206020725325196
38.0,0.3,38,N=40k rejuv,40000,True,0.1,False,493.9584804560929,0.026868425492418427,6,40023,True,True,0,0.03085234334316478,-0.13277682076831898,1.0319338245579452,True,True,0,-0.0809045454884732,0.1397939235781631,1.044685178686992,True,True,0,-0.0891842113398632,0.1681028508859975,1.0247846299325076
38.0,0.3,38,N=160k rejuv,160000,True,0.1,False,716.9508624767664,0.028908854876869616,6,158969,True,True,0,0.0022177789316780716,-0.04586237361947146,1.024926734595105,True,True,0,-0.09752376038308702,0.1502733275772389,0.9995175622992604,True,True,0,-0.121470148308708,0.165918138927391,0.987077370777315
38.0,0.3,38,N=10k no-rejuv,10000,False,inf,False,18.902551872922427,0.10636400641306219,0,0,True,True,0,0.12303503044430053,-0.2481286757498706,0.8220177650377829,True,True,0,-0.17342233320546352,0.10508549720955215,0.9159220017647123,True,True,0,-0.24773323147143103,0.14900559273603398,0.9066916075992251
38.0,0.3,38,N=10k rejuv KL=0.02,10000,True,0.02,False,244.50251847207753,0.060427208484683845,18,20475,True,True,0,-0.007786633526389974,-0.03195398290245792,0.9997177066784779,True,True,0,0.011157630398458684,0.016627165935211633,0.9923199562160984,True,True,0,0.004958938802430701,0.02246118336614838,0.9903514434911947
38.0,0.3,39,N=10k rejuv,10000,True,0.1,False,18.603819473118236,0.1530103785481047,4,7376,True,True,0,0.0826871520534268,0.14490427304598444,1.2229921831492196,False,True,-1,-0.2017966438412854,1.611226989022483,1.058282030823803,False,True,-1,-0.2161210259714946,1.7548441400652544,1.03799395609836
38.0,0.3,39,N=40k rejuv,40000,True,0.1,False,31.830815007216707,0.10184728219106196,4,30540,True,True,0,0.10364968915029715,-0.2732307744479291,1.1958336525443225,True,True,0,-0.09943188565528117,0.945024502573938,1.129900647229932,False,True,-1,-0.21569669479880307,1.1010671456419674,1.080204080674077
38.0,0.3,39,N=160k rejuv,160000,True,0.1,False,25.46361320736655,0.10971199483244383,4,127684,True,True,0,0.04259640806877846,-0.12384885627103052,0.9399840832635995,False,True,-1,-0.2003601692565356,0.8039487371300311,0.9000054554083272,False,True,-1,-0.21600860058969643,0.9149286993986612,0.8777108722436284
38.0,0.3,39,N=10k no-rejuv,10000,False,inf,False,12.122566223645794,0.14802419561550473,0,0,True,True,0,0.040508681630628596,0.14446687383082604,1.2103193794528329,True,True,0,-0.013987710069914228,0.25162586592250813,0.9581656321707323,True,True,0,-0.029823243588129322,0.24963157567479421,0.9447088905336883
38.0,0.3,39,N=10k rejuv KL=0.02,10000,True,0.02,False,218.03176007411537,0.050618401726474756,14,16833,True,True,0,0.021983984474222895,-0.08187606988499635,0.9522571410289687,True,True,0,0.003892175490658678,0.042401400022580985,0.9999279662521033,True,True,0,-0.012033652538157968,0.0633578480212246,0.9943515402383928
38.0,0.3,40,N=10k rejuv,10000,True,0.1,True,1986.1213471388753,0.015455618264289551,7,9319,True,True,0,0.006241654898585303,0.0006412200090770161,0.9971640980273548,True,True,0,-0.023253185636854412,0.032230767014581684,0.9958695410864424,True,True,0,-0.026632722986772606,0.03405728322581736,0.9973073072304
38.0,0.3,40,N=40k rejuv,40000,True,0.1,True,6252.792092591086,0.006972353941774215,7,41663,True,True,0,-0.0034146350383756907,-0.0026110149606814463,1.0081109165816349,True,True,0,-0.007191318017281401,0.02041293248611218,0.997280773896099,True,True,0,-0.00875673648246586,0.021951535185200047,0.9970095920060347
38.0,0.3,40,N=160k rejuv,160000,True,0.1,True,8839.408796387557,0.0068885865112156995,7,167479,True,True,0,-0.0031308901349613727,0.015058784242870943,1.0035434512081207,True,True,0,-0.013496868963303266,0.024053930148481617,0.9871205354276124,True,True,0,-0.015218290682257246,0.02357200499930405,0.9876289421184733
38.0,0.3,40,N=10k no-rejuv,10000,False,inf,True,11.340765375474598,0.20329227337208933,0,0,True,True,0,0.06332143065711482,-0.04064619604213598,0.9127488560420457,True,True,0,0.03754770796334364,0.09572543353259058,1.0635390818893822,True,True,0,0.06314575721358617,0.10653476960540957,1.0763156787045232
38.0,0.3,40,N=10k rejuv KL=0.02,10000,True,0.02,True,6327.2114754841,0.005523178381955554,18,16158,True,True,0,0.004635005570112316,0.0011264959880132727,0.9979431424285878,True,True,0,-0.0055990578753220555,0.003148801861826153,0.9850707060701338,True,True,0,-0.004805781073285331,0.003192618935135791,0.9864347149208422
38.0,0.3,42,N=10k rejuv,10000,True,0.1,False,28.825163828765568,0.1627739292172752,6,9984,True,True,0,-0.10124897483907747,0.21024883339001102,1.1655750709974229,True,True,0,-0.28863760171715197,0.8204394644287547,0.9929365362825412,False,True,-1,-0.28391432298959307,0.8601364871567655,0.9740830527964827
38.0,0.3,42,N=40k rejuv,40000,True,0.1,False,30.386432211962735,0.15280407157465423,6,45215,True,True,0,0.08628452479626891,-0.3188480387160096,1.0898747151138781,True,True,0,0.01583049686179311,0.11192098984138213,1.0906152840149002,True,True,0,0.005779914789070195,0.16796964697233793,1.0634420488512204
38.0,0.3,42,N=160k rejuv,160000,True,0.1,False,72.88190376976473,0.10845831093336009,6,156995,True,True,0,0.042586928720998785,0.021082541576300937,1.0611926484499783,True,True,0,-0.09336807960980706,0.3462261863595081,1.0020821735817924,True,True,0,-0.21069903316973393,0.3728335749180059,0.989170598600751
38.0,0.3,42,N=10k no-rejuv,10000,False,inf,False,8.228438221829792,0.2517057401321669,0,0,True,True,0,-0.06890565381119118,0.02652850726524016,0.9975621265601259,True,True,0,0.005101119792927378,-0.13476094935382538,1.0342496507613148,True,True,0,0.16937759794465568,-0.1501779304277599,1.0345764048530959
38.0,0.3,42,N=10k rejuv KL=0.02,10000,True,0.02,False,144.02217829943956,0.06552695107786562,16,17360,True,True,0,-0.061099314527379045,0.08965925806437786,0.9657867008691181,True,True,0,-0.06347810377825053,0.06000835778715033,0.9361786554408766,True,True,0,-0.06677095914926134,0.05208943876572641,0.9391642809213251
38.0,0.3,41,N=10k rejuv,10000,True,0.1,True,54.219638661467094,0.13529282158112207,7,11014,True,True,0,0.01492730093856831,-0.029023798229454133,0.9417276040325824,True,True,0,0.066596166514174,-0.14178143994167386,1.04395482023411,True,True,0,0.07474640584354794,-0.14565427428159045,1.049237113862059
38.0,0.3,41,N=40k rejuv,40000,True,0.1,True,954.8312160041837,0.025496022308259935,7,39557,True,True,0,0.014651175457019439,-0.05222955609018152,0.9815968805124315,True,True,0,-0.0015394855525203144,0.007928856401450888,1.009291959325899,True,True,0,-0.0008626853340965857,0.015543761001812706,1.006288272078798
38.0,0.3,41,N=160k rejuv,160000,True,0.1,True,73.92707565847603,0.11609621973861788,7,154770,True,True,0,0.013536633310944235,-0.05284421758826107,0.9591300896193719,True,True,0,0.06456868328476534,-0.13110206000275804,1.0436810768628026,True,True,0,0.0753733795649578,-0.13111037622915395,1.044290358305226
38.0,0.3,41,N=10k no-rejuv,10000,False,inf,True,34.182859411327144,0.06943303930855245,0,0,True,True,0,0.013029108858639171,-0.13553512381498775,0.9759608193684405,True,True,0,-0.050635997079772094,-0.0852248091631624,0.9956491069455257,True,True,0,-0.02920333364828978,-0.07132961307661906,0.9909225015789977
38.0,0.3,41,N=10k rejuv KL=0.02,10000,True,0.02,True,3802.225272118263,0.0069192023847570935,16,19538,True,True,0,0.003601653732870913,-0.004081375342921964,1.0079009650725748,True,True,0,-0.004780676830567765,-0.00019142269690856773,0.9941839080722991,True,True,0,-0.005702219651549906,0.0003586679317816447,0.9914315660400339
38.0,0.3,43,N=10k rejuv,10000,True,0.1,False,122.04872224345311,0.06021611220954085,6,9143,True,True,0,0.1304233307009972,-0.23850053919412836,1.115758504402364,False,True,-1,-0.0875040549660807,0.34755384225278474,1.082047744419572,False,True,-1,-0.11706330114079892,0.3901534650444769,1.0439406687109805
38.0,0.3,43,N=40k rejuv,40000,True,0.1,False,437.78411228376274,0.02557330914232596,6,41342,True,True,0,0.0927565565653991,-0.21563150163760983,1.0671251581799484,True,True,0,-0.04620438370450652,0.24952560803049048,1.0558835826707553,True,True,0,-0.08008175190151154,0.2861622083228489,1.0260539528361678
38.0,0.3,43,N=160k rejuv,160000,True,0.1,False,439.0150815908417,0.0314388335900583,6,164101,True,True,0,0.030965837013965936,-0.05326182281421098,1.0447632900489148,True,True,0,-0.039271809345849784,0.12453147717421832,1.004604834942113,True,True,0,-0.06913786966709695,0.13540675309364458,0.9922368250749982
38.0,0.3,43,N=10k no-rejuv,10000,False,inf,False,14.937080829412231,0.15854148539882582,0,0,True,True,0,0.017410271666045696,-0.19100701788606325,0.8977369546981929,True,True,0,0.23954986058894873,-0.11972176489994009,1.0244769223026828,True,True,0,0.19078902861067618,-0.09716084925578787,1.0176127680820708
38.0,0.3,43,N=10k rejuv KL=0.02,10000,True,0.02,False,1223.8396484298883,0.022654431855082743,17,17402,True,True,0,0.008551508096889038,-0.0459111657499,0.9972451859145364,True,True,0,-0.00804253174258382,0.0276370892883733,0.9994459670140814,True,True,0,-0.02854764774714065,0.034697586141808755,0.9918883367159482
38.0,0.3,44,N=10k rejuv,10000,True,0.1,False,917.1917726787651,0.013801983754112328,6,7139,True,True,0,0.001207955700640917,-0.09141075903874199,1.0065643395847945,True,True,0,-0.05134770427654234,0.1174771372407641,1.023591762945358,True,True,0,-0.0751271207539333,0.13494414020426712,1.0131266016341014
38.0,0.3,44,N=40k rejuv,40000,True,0.1,False,977.2150169593446,0.0268154815231717,6,31668,True,True,0,-0.0013254090159831033,-0.05729892866926831,1.022984389460824,True,True,0,-0.048007722545938214,0.11126619721897305,0.9997846506797277,True,True,0,-0.06440928725752276,0.12394096634665192,0.988721334898763
38.0,0.3,44,N=160k rejuv,160000,True,0.1,False,3.0576243685725837,0.5690707450580351,4,121462,True,True,0,0.014523881445302145,-0.8633731864239885,0.9413233211398329,True,True,0,0.12636135594685716,-0.21155271020521435,1.00352925994572,True,True,0,0.17578573608902515,-0.1071749686696866,0.9600465781565871
38.0,0.3,44,N=10k no-rejuv,10000,False,inf,False,18.316238428527296,0.15584922147129593,0,0,True,True,0,0.005375873857521585,-0.398052202496424,1.022700077951288,True,True,0,-0.053912850795312495,0.02622494043123786,1.0406783476241688,True,True,0,-0.07407369200025488,0.08002424350917704,1.0155418590089027
38.0,0.3,44,N=10k rejuv KL=0.02,10000,True,0.02,False,1475.3054909385191,0.012250335410382476,16,16712,True,True,0,-0.0006939989121845791,-0.0146598737409518,1.0059962689565496,True,True,0,-0.020148132467489588,0.056810878142284665,1.003562731766515,True,True,0,-0.026209920180340684,0.06135377886270077,0.9988124346494505
38.0,0.3,45,N=10k rejuv,10000,True,0.1,True,42.789404826200844,0.13846507683009368,6,10602,True,True,0,-0.1489004711999018,0.016385809319454075,1.1879090207277565,True,True,0,-0.2044766853175875,0.6907771149341116,1.007495003243271,False,True,-1,-0.1763290882578039,0.7202713079060085,0.9853747215915656
38.0,0.3,45,N=40k rejuv,40000,True,0.1,True,39.71930828767011,0.11655823169407672,6,46837,True,True,0,0.06628187524629858,-0.22793255301282947,1.0309318347902299,True,True,0,-0.09759900014825765,0.28154649913226026,1.0481265357204008,True,True,0,-0.07442195143471994,0.3354984201269612,1.0190843378854033
38.0,0.3,45,N=160k rejuv,160000,True,0.1,True,15.252049677188277,0.24653394715442806,6,180584,True,True,0,0.052662568351958594,-0.09376817175146006,0.9782081965412147,True,True,0,-0.08912215099309156,0.05367248031665095,0.9703681713361163,True,True,0,-0.09011724079721593,0.07295033421558218,0.9556043908160333
38.0,0.3,45,N=10k no-rejuv,10000,False,inf,True,26.76234855150871,0.08035027903133861,0,0,True,True,0,-0.08138152242421437,0.25717558626705656,1.0626448096110466,True,True,0,-0.08590825388637838,0.1888946965588886,0.9602095575751582,True,True,0,-0.05052978037464395,0.15179724954662693,0.9710346295952366
38.0,0.3,45,N=10k rejuv KL=0.02,10000,True,0.02,True,3553.4108654395413,0.005613047994684664,17,18189,True,True,0,-0.0005887705249707498,0.010556295805994315,1.0055782781116362,True,True,0,-0.0182669606063377,0.04515409754578446,0.9917574954604801,True,True,0,-0.020170579712319475,0.04538681130081229,0.9941581308376091
38.0,0.3,46,N=10k rejuv,10000,True,0.1,True,486.00838516393094,0.028252016261747556,7,9206,True,True,0,0.008315557509816107,-0.01617079133620876,1.0401964746922499,True,True,0,-0.0036603222794084622,0.055849276577742704,1.0359731553339517,True,True,0,-0.032919382078362425,0.060832574900784385,1.0295894747134773
38.0,0.3,46,N=40k rejuv,40000,True,0.1,True,18.595849781516044,0.22900892177569332,6,31946,True,True,0,-0.01446923899640129,-0.05257565905459994,0.9323666226955768,True,True,0,-0.08764239221096615,0.013585017062758508,0.960678674378779,False,True,-1,-0.12592068097717019,0.020482569062060387,0.9585690985402536
38.0,0.3,46,N=160k rejuv,160000,True,0.1,True,1296.703292241391,0.0257782549919809,7,180028,True,True,0,0.005939191383924319,-0.03654531143583547,1.0131255974519822,True,True,0,-0.00669737798103609,0.04526172301340387,1.0135973913354073,True,True,0,-0.021892090402298087,0.052040039615498586,1.0085167377621798
38.0,0.3,46,N=10k no-rejuv,10000,False,inf,True,5.473336872688085,0.38923739487748116,0,0,True,True,0,0.018377707729181875,-0.0959020644679462,0.8184328820117744,False,True,-1,-0.11681649954608098,-0.21146359399319278,0.9114682233681719,True,True,0,0.23938437789726705,-0.21196634117079982,0.9265090097409651
38.0,0.3,46,N=10k rejuv KL=0.02,10000,True,0.02,True,4606.000563422335,0.005933012934673219,20,21910,True,True,0,0.0029378239175135434,-0.010356676323473273,1.0098580407225053,True,True,0,-0.018233688663758393,0.03949559863978666,0.9898526868400871,True,True,0,-0.0334155722809201,0.04289357980672225,0.9863217329612046
38.0,0.3,47,N=10k rejuv,10000,True,0.1,False,70.43738282538953,0.06532426117979326,5,8581,True,True,0,-0.011903336706351686,0.04585945741130987,1.042420020899979,False,True,-1,-0.23005915500074967,1.1296156377722462,0.9271465955088163,False,True,-1,-0.22725733244799104,1.2479122586428015,0.9091241061086872
38.0,0.3,47,N=40k rejuv,40000,True,0.1,False,81.52531404345673,0.05901818670599795,5,36486,True,True,0,0.01121514384635891,-0.1709596701897696,0.962388950587739,True,True,0,-0.19369966670315567,0.7381469673336354,0.9596620783183493,False,True,-1,-0.2271950162725849,0.8614462999683985,0.9382364685292344
38.0,0.3,47,N=160k rejuv,160000,True,0.1,False,17.973172839294755,0.2282451679180021,5,146689,True,True,0,-0.059779052501879204,0.10181974419970417,0.8992252986707491,False,True,-1,-0.21983791812883663,0.6976948769341852,0.8367262877571292,False,True,-1,-0.22512984589167445,0.7539341377881887,0.8449848482971092
38.0,0.3,47,N=10k no-rejuv,10000,False,inf,False,10.216419262271234,0.17781001503948973,0,0,True,True,0,0.00866110952085114,0.044626581011283604,0.9845649806795093,True,True,0,-0.18023502265427002,0.3244200031693733,0.989441613708371,True,True,0,-0.18217504324190098,0.3511929368621924,0.9764316375358776
38.0,0.3,47,N=10k rejuv KL=0.02,10000,True,0.02,False,1589.8352145800477,0.011478620023005703,15,17735,True,True,0,0.007278930354584823,-0.0323546247580311,0.9895196099056924,True,True,0,-0.026665832136181428,0.05570122046779964,0.9840674382669368,True,True,0,-0.03437306152246011,0.0694591009390833,0.976534182336505
38.0,0.3,48,N=10k rejuv,10000,True,0.1,True,353.30130321693906,0.0469004182252011,7,9190,True,True,0,-0.02300434900827142,0.18095319925030537,1.0387170644552943,True,True,0,-0.1392131929272481,0.279347625004983,0.9296600058084863,True,True,0,-0.15190889898587595,0.2699073242895135,0.9379983574385351
38.0,0.3,48,N=40k rejuv,40000,True,0.1,True,1238.562995454883,0.014420489153610164,7,44329,True,True,0,-0.006641230363997108,0.07615272148735792,1.0183976214883288,True,True,0,-0.07002355428025592,0.15692634446337106,0.9528243265112454,True,True,0,-0.07985531607102647,0.15476515847452893,0.957764457104511
38.0,0.3,48,N=160k rejuv,160000,True,0.1,True,1138.0093673779945,0.01843443331074688,7,160097,True,True,0,0.00015158864203868028,0.04129412097816871,0.9964689404017926,True,True,0,-0.024864779650690283,0.07037875673768974,0.9636687945483621,True,True,0,-0.029383382679474657,0.0685296117481664,0.9667616534730663
38.0,0.3,48,N=10k no-rejuv,10000,False,inf,True,11.928785343083327,0.17163900580955035,0,0,True,True,0,0.0083602284179366,-0.07644823793295955,0.9177974326068408,True,True,0,0.11315521074528129,-0.06664493199773909,0.9920647209666158,True,True,0,0.19213046142773216,-0.060292335818921856,0.9953846231735929
38.0,0.3,48,N=10k rejuv KL=0.02,10000,True,0.02,True,2104.3084192900114,0.013969377123708208,17,19972,True,True,0,0.004715841260583664,-0.0017080098499459113,0.9813596545146739,True,True,0,-0.004921003372075794,0.020778132340689398,0.9803668468328811,True,True,0,-0.004807881870902253,0.021944855864846034,0.9779740983225658
38.0,0.3,49,N=10k rejuv,10000,True,0.1,True,1.669501006832742,0.7696029920817861,4,8115,False,True,-1,-0.13820582084886437,-0.20097397030680206,0.5806644626925972,False,True,-1,-0.06724605670818778,-0.14274861804432437,0.6208933626839291,False,True,-1,-0.06535157623264394,-0.12649740853283786,0.6217057624517986
38.0,0.3,49,N=40k rejuv,40000,True,0.1,True,111.84228980539085,0.07585451925761744,5,34600,True,True,0,-0.08101028198428656,0.30449985606762,0.9369632145443304,False,True,-1,-0.06657429175097863,0.305696376220061,0.853912565531778,False,True,-1,-0.06535157623368312,0.2899572751430933,0.8746970710605239
38.0,0.3,49,N=160k rejuv,160000,True,0.1,True,564.1616544279667,0.041213505984524994,5,125654,True,True,0,-0.04047955926554575,0.1072344052026635,0.9639492378975772,False,True,-1,-0.0527945301878411,0.11478114796291697,0.9234790213903554,False,True,-1,-0.05637360887543324,0.10994628732370114,0.9300515958070452
38.0,0.3,49,N=10k no-rejuv,10000,False,inf,True,24.060194454937164,0.09262567448789076,0,0,True,True,0,-0.09771035439777212,0.40071778439134526,0.8703852972394739,False,True,-1,-0.04541567622226252,0.23633036525310297,0.8938781056489188,False,True,-1,-0.043535968381525326,0.199129461841377,0.9111095196264883
38.0,0.3,49,N=10k rejuv KL=0.02,10000,True,0.02,True,5227.2772396782175,0.004122870741759794,16,16468,True,True,0,-0.004976085017930509,-0.005464575476565215,0.9921012273652914,True,True,0,-0.004620106112342537,0.019572994144019668,0.9965832316679458,True,True,0,-0.006491547288725585,0.02234508424984849,0.9959808629757682
30.0,3.0,0,N=10k rejuv,10000,True,0.1,True,9355.45774159508,0.0004478364897441436,10,9399,True,True,0,0.0017141811181018152,-0.0007064504614021664,1.0161978204129898,True,True,0,-0.003895436125431872,0.009574219085141536,0.9966082450496987,True,True,0,-0.0042031654927730255,0.009935036583223067,0.994607679588398
30.0,3.0,0,N=40k rejuv,40000,True,0.1,True,38096.81230286798,0.00028562023564409185,10,37787,True,True,0,-0.0016284873350386753,0.00142942715444252,0.9965942419929535,True,True,0,-0.0016024184750201252,0.004539852158179998,1.0035566559420706,True,True,0,-0.0014681254417245604,0.004527819420640496,1.0042999570155355
30.0,3.0,0,N=160k rejuv,160000,True,0.1,True,152237.75917866288,6.741135752588751e-05,10,166089,True,True,0,-0.0008648694815465985,0.002213707458415594,0.997780131357624,True,True,0,0.00046965596717719535,-0.0053098565225908325,0.9948649980462144,True,True,0,0.0008357887315454532,-0.005699056977519576,0.9948285162754319
30.0,3.0,0,N=10k no-rejuv,10000,False,inf,True,1051.897890057125,0.0018900523935103549,0,0,True,True,0,0.004982637013731833,-0.017734736880079923,1.0092814069850102,True,True,0,-0.004252225984834778,0.006717487428734719,1.0094125293673197,True,True,0,-0.0035916647224844764,0.008759843216150384,1.0115059184647441
30.0,3.0,0,N=10k rejuv KL=0.02,10000,True,0.02,True,9518.364714183166,0.0007469515104385628,14,12887,True,True,0,-0.0032244630865194135,0.01706825099356411,0.9958079099435132,True,True,0,0.001409341190940317,0.012294214089308657,1.0204092524921997,True,True,0,0.0012207978707156342,0.01089191889222266,1.0197331166812524
30.0,3.0,1,N=10k rejuv,10000,True,0.1,True,4640.12489212644,0.010623875892301357,9,8590,True,True,0,-0.005475059345020156,0.01125713172724574,0.9970145080530182,True,True,0,0.005219646662486366,-0.00915385928566462,0.9957435094472117,True,True,0,0.004097226156222961,-0.010858441861178032,0.9980361746537697
30.0,3.0,1,N=40k rejuv,40000,True,0.1,True,38145.12435510333,0.00029171683224177384,9,35675,True,True,0,0.0008719862715969862,-0.0020070083338703205,1.0034955478874539,True,True,0,-0.001943264420462408,0.0038690679590492614,1.0028242363640858,True,True,0,-0.0010774353559119126,0.004258666780801308,1.0029666041724887
30.0,3.0,1,N=160k rejuv,160000,True,0.1,True,150746.50162687173,0.0001475049640277578,9,142372,True,True,0,0.001836620368954378,-0.0033887735090018427,1.0018491558747482,True,True,0,0.00053439582541117,-0.0035086870191999224,0.9957724896633608,True,True,0,0.0007200568841422353,-0.003235512051984106,0.9959995416439292
30.0,3.0,1,N=10k no-rejuv,10000,False,inf,True,1027.1754083783492,0.0019725149334318733,0,0,True,True,0,0.009062449110007753,-0.005696631484804435,1.0103472777048081,True,True,0,-0.00468755543514509,0.032436977659137535,1.026818051259094,True,True,0,-0.004652056733587609,0.03436466679360554,1.0278292490612853
30.0,3.0,1,N=10k rejuv KL=0.02,10000,True,0.02,True,9544.822286644096,0.000974590674433443,12,11123,True,True,0,-0.0016221114794144342,-0.0036323867522553895,0.9889510966831856,True,True,0,-0.0008665411789437402,-0.004003445985616797,0.9849534689112811,True,True,0,-0.003471691118377515,-0.003719923141964037,0.9825030421315791
30.0,3.0,2,N=10k rejuv,10000,True,0.1,True,8236.611634727742,0.0015461551378591453,8,9552,True,True,0,-0.009293518810544299,0.01183526386856435,1.0034012448427525,True,True,0,-0.002433061056771546,0.008733157024914888,0.9975166428962584,True,True,0,-0.002279928720486879,0.007550800181925333,0.9974282102432502
30.0,3.0,2,N=40k rejuv,40000,True,0.1,True,32939.03833495247,0.0003425577079347416,8,37550,True,True,0,0.0011136304793923912,-0.0064238633340809185,1.0020748722345336,True,True,0,0.0010854572257050776,-0.0005985841022259068,0.9990041299184159,True,True,0,0.0006369237256282911,0.0003050333341355606,0.99913373720582
30.0,3.0,2,N=160k rejuv,160000,True,0.1,True,123351.41348266091,0.00036769052775406186,8,166229,True,True,0,0.00015072336858201751,-0.0008156147283773087,1.000610944725142,True,True,0,0.0005495374951403065,-0.000688370872349724,1.000189997344442,True,True,0,0.000218481037929652,-0.000612361502594738,0.9999245255258652
30.0,3.0,2,N=10k no-rejuv,10000,False,inf,True,701.7366752985257,0.002868229173087943,0,0,True,True,0,0.004145523196482093,-0.016044450122307076,1.0108641384804002,True,True,0,-0.0014017726096793304,0.0037861687869800258,1.0037627320220663,True,True,0,-0.0032873455707144172,0.0063769995318558054,0.9992339418811501
30.0,3.0,2,N=10k rejuv KL=0.02,10000,True,0.02,True,6687.438173224006,0.005015874854215978,9,10952,True,True,0,-0.0071478053473194025,0.011366111597332309,1.0085487364653785,True,True,0,-0.0007729868631032311,-0.0029577847081893377,0.9987964213459571,True,True,0,0.0010981461713074347,-0.0048105918241961665,0.9998654852111325
30.0,3.0,3,N=10k rejuv,10000,True,0.1,True,9218.529879689802,0.0016296577365307874,9,7879,True,True,0,0.0044383356671111596,-0.015479413062406347,1.0043597126344634,True,True,0,0.0004524861176981587,-0.0024410474836754387,1.0018806944107448,True,True,0,0.0012105781223074596,-0.0009374119134308225,1.003223328668566
30.0,3.0,3,N=40k rejuv,40000,True,0.1,True,38119.5501164704,0.00022876472464170098,9,33581,True,True,0,0.002996997581418359,-0.0011881359607966199,0.9970680187361057,True,True,0,0.001167759325085338,-0.006612417559740612,0.9974180430895312,True,True,0,0.001970920765891282,-0.00673931598622015,0.9977125076942819
30.0,3.0,3,N=160k rejuv,160000,True,0.1,True,151587.8574658554,9.484904283236172e-05,9,130940,True,True,0,-0.00049389111453646,0.0005999641421675337,0.9983026544296477,True,True,0,-0.0008190684877686372,0.00041215509281881913,0.9977430493504458,True,True,0,-0.00037026855906419076,0.0003658515757726659,0.99756357677457
30.0,3.0,3,N=10k no-rejuv,10000,False,inf,True,1025.9372930223276,0.0019888411229470825,0,0,True,True,0,-0.01940644242699141,0.035051561544589285,0.9928659755842602,True,True,0,0.008455958566940869,-0.020030307062986953,0.9618284983971895,True,True,0,0.0060487269555788425,-0.024399012166944702,0.9601830810420983
30.0,3.0,3,N=10k rejuv KL=0.02,10000,True,0.02,True,9483.065305592292,0.0007958749537638495,13,13577,True,True,0,-0.00045581865348742756,-0.00047279130368989535,0.9926282474947354,True,True,0,-0.003823236068972391,-0.0020236963393961745,0.973631795796189,True,True,0,-0.0005716152604278713,-0.002051279318288996,0.9752477842609331
30.0,3.0,4,N=10k rejuv,10000,True,0.1,True,1690.3836355338794,0.010579548299715804,7,9738,True,True,0,-0.0022661453089390937,-0.006661158758941143,1.0074438369669563,True,True,0,-0.012279193038641001,0.014649578181039133,1.014257238089408,True,True,0,-0.008741572674338283,0.016843641208642842,1.0115742502260523
30.0,3.0,4,N=40k rejuv,40000,True,0.1,True,6538.537035873423,0.005173318487591705,7,42424,True,True,0,-0.001350916116087758,0.0020701924519687443,0.9953046540860655,True,True,0,0.005269222312581978,0.007576036680127397,0.9955871639486484,True,True,0,0.004414033966285702,0.00784558180830356,0.9967343709381231
30.0,3.0,4,N=160k rejuv,160000,True,0.1,True,32709.310501643256,0.0017156796737821702,7,168461,True,True,0,0.0006105409357597125,-0.00100255144164737,1.0037744601175014,True,True,0,-0.005167323083679287,0.010181216261560795,0.9996968704593959,True,True,0,-0.0034593373156495133,0.011137127107166944,0.9985360433143042
30.0,3.0,4,N=10k no-rejuv,10000,False,inf,True,749.9735653604004,0.0027598660366391996,0,0,True,True,0,-0.008698854445032905,0.051773247665844443,1.0227770784605217,True,True,0,0.009810496755784048,0.0038366839235339746,0.996198549866266,True,True,0,0.0018456191127204091,-0.003983793643812728,0.9960181293164051
30.0,3.0,4,N=10k rejuv KL=0.02,10000,True,0.02,True,3834.3658660081146,0.0029131463880556468,8,9977,True,True,0,0.0020214221301594754,-0.02384212097989457,0.9933320789108059,True,True,0,0.004823773381376517,-0.00634702752741185,0.9920134563952615,True,True,0,0.0017750396515787692,-0.0031049001396680214,0.9914319005053824
30.0,3.0,5,N=10k rejuv,10000,True,0.1,True,7932.219153259048,0.000908491187542399,9,10037,True,True,0,-0.0037076927152091543,0.009658110643964353,0.9905349479094441,True,True,0,0.002233656317084054,-0.006986457343018484,0.9772481156507346,True,True,0,0.003514685342696111,-0.008250042867082719,0.9768566369745225
30.0,3.0,5,N=40k rejuv,40000,True,0.1,True,31202.813443129817,0.0005361971069683459,9,37019,True,True,0,-0.000738630427497472,0.0011161640027049955,1.0056055696292485,True,True,0,0.0002898439634853034,0.001324799102539408,0.9985785063943697,True,True,0,-0.0008910515453087187,0.0012455877755928786,0.9980907953971421
30.0,3.0,5,N=160k rejuv,160000,True,0.1,True,121790.60443382416,0.00031892824761458244,9,144543,True,True,0,0.0018525943821881552,-0.00484427922168023,1.0012142949739025,True,True,0,-0.0009575931947433114,0.0025791905552928346,1.003372683095038,True,True,0,-0.00012982880312145673,0.003183986260899898,1.0036019385530095
30.0,3.0,5,N=10k no-rejuv,10000,False,inf,True,958.911553918611,0.002122776534867687,0,0,True,True,0,-0.00879542301203251,-0.00440889929829252,1.0054686753616524,True,True,0,0.006206463010860419,0.0005094498745548413,1.019879065493011,True,True,0,0.0071445366178101155,0.001002293123661638,1.024177761586483
30.0,3.0,5,N=10k rejuv KL=0.02,10000,True,0.02,True,8094.98197439096,0.0009855794937149063,17,17414,True,True,0,-0.00038874958551532446,0.009717463493470616,0.9975288385717535,True,True,0,-0.0033321529559985907,0.005826561919887923,1.0012369007889206,True,True,0,-0.002218881601845357,0.004958085249687719,1.000860273905243
30.0,3.0,6,N=10k rejuv,10000,True,0.1,True,6090.400895257114,0.0025091549898668803,7,9046,True,True,0,-0.0027368549800881325,-0.00462281965270288,1.0033802873386346,True,True,0,0.0009217030309371932,0.0021252072594512457,1.005704368620126,True,True,0,0.0015598713888855809,0.0029542721327890514,1.0063227005135833
30.0,3.0,6,N=40k rejuv,40000,True,0.1,True,23068.072547752254,0.002075410622879905,7,33528,True,True,0,0.0010780979021460801,-0.002103202204347079,1.0021290949350807,True,True,0,-0.00034545832107479857,0.0025183319632469015,0.9977341049803087,True,True,0,-0.00020635132551038993,0.002991674232532999,0.9975312890262363
30.0,3.0,6,N=160k rejuv,160000,True,0.1,True,78136.30341872109,0.0013565849794573415,7,146249,True,True,0,-3.328463140761517e-05,0.0013076107365347647,0.9944599023815416,True,True,0,-0.0006259944178549359,0.0003254505756168483,1.0008244476807122,True,True,0,-0.0006603834191372115,0.00014836609206278362,1.001264398800944
30.0,3.0,6,N=10k no-rejuv,10000,False,inf,True,660.3085417200027,0.003166095989167391,0,0,True,True,0,-0.0138052696605242,0.012964501519864533,0.986568921612901,True,True,0,-0.0013564072658426296,0.010927081031871117,1.0113163073182185,True,True,0,-0.0028361581445885964,0.009648576496031161,1.0126521930386636
30.0,3.0,6,N=10k rejuv KL=0.02,10000,True,0.02,True,6311.161437507842,0.0014989328618569679,10,12086,True,True,0,0.005137864988255081,-0.0009188188004578673,1.006444585947828,True,True,0,-0.0020886554908807753,0.005204624048421977,0.9991980325031361,True,True,0,-0.0019798133210380264,0.005665782888034608,0.9996738122147762
30.0,3.0,8,N=10k rejuv,10000,True,0.1,True,9533.191668051142,0.00029196196615580985,7,8218,True,True,0,0.0031511065017411077,-0.005958716655049681,0.9864650083061484,True,True,0,-0.005893085315669122,0.013365154336453633,0.9882615093911511,True,True,0,-0.00684890699461882,0.014990875240672859,0.9889255863263551
30.0,3.0,8,N=40k rejuv,40000,True,0.1,True,37999.510329648176,0.0002425676684581016,7,32816,True,True,0,-0.0016411494616942468,0.0037314138971903128,1.0016979556599386,True,True,0,-0.0013905316194339212,0.001999354182238268,0.9977798749528235,True,True,0,-0.0022947320273778438,0.0015456037870312798,0.997440781512096
30.0,3.0,8,N=160k rejuv,160000,True,0.1,True,151854.11262690654,8.705435025762539e-05,7,139393,True,True,0,-0.0002250243648034278,-0.0006998434289613453,1.0010716168414073,True,True,0,0.0005513466614631701,-0.0004306551388319768,0.9998787532788873,True,True,0,0.0005971567580157489,-0.0003485817681142704,1.0000478779890207
30.0,3.0,8,N=10k no-rejuv,10000,False,inf,True,921.2780195404268,0.0021604189479942355,0,0,True,True,0,-0.005250587145102514,0.023521163655569423,0.9916445435871974,True,True,0,-0.007225127648524232,-0.0045795596999069306,1.0148243065727698,True,True,0,-0.00535825526714695,-0.008374918931651258,1.0175021419741488
30.0,3.0,8,N=10k rejuv KL=0.02,10000,True,0.02,True,9409.311605883526,0.0011539512779539334,10,11668,True,True,0,-0.001699693160438387,0.0009436529696085325,1.005683786693336,True,True,0,-0.0033266594751057976,0.011441670966911718,1.0115401928865106,True,True,0,-0.0045892500049398155,0.011922087105310961,1.0112022566702434
30.0,3.0,7,N=10k rejuv,10000,True,0.1,True,8282.750309840027,0.0011541863499165178,9,10048,True,True,0,0.00894232039702994,-0.008719213951259477,1.013992308885374,True,True,0,0.010582796789973592,-0.007967067686115194,1.0035667293229757,True,True,0,0.01010728967389618,-0.00730013152102074,1.0015255913977297
30.0,3.0,7,N=40k rejuv,40000,True,0.1,True,33228.78202045327,0.00041500363026853707,9,37898,True,True,0,0.0006444520067065695,0.004217092526699777,1.003901214498564,True,True,0,-0.0010787049838302254,0.004729713041902235,1.004605163578841,True,True,0,-0.0010895128280574151,0.004432202588018993,1.0035997779271275
30.0,3.0,7,N=160k rejuv,160000,True,0.1,True,132600.01194614833,0.00015159661980318118,9,156010,True,True,0,-0.0007590343844292025,0.000864225547946669,1.0026073975772951,True,True,0,-0.0004976248011467344,0.0005933588175703114,0.9962157818292524,True,True,0,-0.001496669854424204,0.0005216411034282406,0.9962135029430526
30.0,3.0,7,N=10k no-rejuv,10000,False,inf,True,937.1457612825099,0.0022367520500502776,0,0,True,True,0,0.015673923490059194,0.00558418220589343,1.01568489786481,True,True,0,-0.006205806021194804,-0.006715219608215725,1.0010461219477929,True,True,0,0.0030311500433224947,-0.0074802287461270675,0.9995074130027791
30.0,3.0,7,N=10k rejuv KL=0.02,10000,True,0.02,True,6120.60082864934,0.005591349655090763,16,17681,True,True,0,-0.006789387577787742,0.02175945369645048,0.9852620578771414,True,True,0,0.0050105240742291945,-0.001232669603528355,1.014502577571709,True,True,0,0.0033246855635718497,-0.0035007480934351838,1.0161157798862253
30.0,3.0,9,N=10k rejuv,10000,True,0.1,True,4293.905126074746,0.0051405725417238615,8,7786,True,True,0,-0.011114445651511429,0.004244382803201576,0.9812207553364677,True,True,0,-0.0006440052954567177,0.00562834814930658,0.9994617976417474,True,True,0,-0.004785948790184208,0.005328534016043321,1.0001978321030434
30.0,3.0,9,N=40k rejuv,40000,True,0.1,True,18865.996353332746,0.001255995329003067,8,34731,True,True,0,-0.0008842471782715133,0.00032275677997251425,1.0027508220740946,True,True,0,-0.0012220695431561512,0.0011133588743099914,1.0007655058546212,True,True,0,-0.0016750207159843267,0.0011276203429456358,1.0001174694747448
30.0,3.0,9,N=160k rejuv,160000,True,0.1,True,73385.9974639125,0.00047706162665730437,8,140687,True,True,0,0.0011213140020284174,0.0009541231235817083,1.0019802149947727,True,True,0,-0.004355535741226518,0.005975840532211984,1.00298819759463,True,True,0,-0.004310913434701608,0.006163165454469335,1.0027395972499757
30.0,3.0,9,N=10k no-rejuv,10000,False,inf,True,1000.5849371182044,0.0019619807976373714,0,0,True,True,0,0.022132224694316194,-0.05333947787369148,0.9970763811037573,True,True,0,0.005862620089761322,-0.02057510598694192,0.9927415951750007,True,True,0,0.006690409952180093,-0.01409513361540743,0.9940048293125341
30.0,3.0,9,N=10k rejuv KL=0.02,10000,True,0.02,True,5063.8166869230745,0.0018889319757153789,14,13260,True,True,0,-0.011227078559927106,0.011691404972811839,1.0112720391227565,True,True,0,-0.0016155106374515782,0.0067020518955600425,1.0095885724813851,True,True,0,-0.0018493820650585246,0.005400258546064879,1.0106294934108087
30.0,3.0,10,N=10k rejuv,10000,True,0.1,True,7913.223258260302,0.001730059089669224,8,8575,True,True,0,-0.004452572014768175,0.0074123230148751395,1.0006896084834913,True,True,0,-0.0129485492120055,0.011623071741381481,0.9942138034816391,True,True,0,-0.014930964779927336,0.011247160518325918,0.9940457432513381
30.0,3.0,10,N=40k rejuv,40000,True,0.1,True,30621.590048699145,0.0010239175989233845,8,36252,True,True,0,0.0005353051492879013,-0.006530992069583295,0.9994318903551246,True,True,0,0.004803192687250379,-0.006774550473035664,1.0004624293144624,True,True,0,0.00400717852011967,-0.006248706871447709,1.0006117149135776
30.0,3.0,10,N=160k rejuv,160000,True,0.1,True,121224.92411920018,0.00040232308237503003,8,144900,True,True,0,0.0009512048160176811,-0.0035551726333764772,0.9975381209844308,True,True,0,0.0027952064038702096,-0.003608894769957141,0.9991382935076238,True,True,0,0.0027961288571701215,-0.0033182220293763273,0.9990686407588588
30.0,3.0,10,N=10k no-rejuv,10000,False,inf,True,929.3795529826866,0.0022206704448175514,0,0,True,True,0,-0.007190409098797312,0.012203548328976653,1.0077031508953402,True,True,0,0.002046124122827786,0.015840089077483226,1.0136085746113996,True,True,0,0.004488815493492615,0.015036140956190701,1.0138183474490265
30.0,3.0,10,N=10k rejuv KL=0.02,10000,True,0.02,True,8018.42432618845,0.0008668791037802245,12,11477,True,True,0,-7.446280289574725e-05,-0.0032432938609602774,1.0050808798930804,True,True,0,0.01074251792092934,-0.021426254559315364,1.0038717511077044,True,True,0,0.011684483463007267,-0.022179213147227293,1.005486098300845
30.0,3.0,11,N=10k rejuv,10000,True,0.1,True,3394.8459011564496,0.004460656107715774,8,10754,True,True,0,0.0012894654830422903,-0.0015619058987101748,1.0178167930700455,True,True,0,-0.002064497266775156,0.012843965705223108,0.9959645401177339,True,True,0,-0.005154009162594397,0.01387604537482666,0.991975654557605
30.0,3.0,11,N=40k rejuv,40000,True,0.1,True,4252.07392440949,0.012178426899717602,8,41043,True,True,0,-0.0028235533390601752,-0.008692793944212697,0.9868244572030616,True,True,0,0.021126874903276333,-0.0365523730161691,1.0084257609056593,True,True,0,0.021197622559553653,-0.03750549778663872,1.0110095848021179
30.0,3.0,11,N=160k rejuv,160000,True,0.1,True,44655.508777873045,0.0014615045629048987,8,167493,True,True,0,0.0014595093682925886,-0.0018186775062603176,0.9994838179680858,True,True,0,-0.0011715925748777833,0.0020863334883140846,0.9981323176883303,True,True,0,-0.0005532560686397348,0.0024903201426334444,0.9987354127875577
30.0,3.0,11,N=10k no-rejuv,10000,False,inf,True,887.3327923441086,0.0023004601932169336,0,0,True,True,0,0.009414570093204427,-0.007856984067282117,1.0218217925794943,True,True,0,-0.008032773167279128,0.006868341380695452,1.006895004188013,True,True,0,-0.0026429682689984024,0.00848066273827722,1.004169706766514
30.0,3.0,11,N=10k rejuv KL=0.02,10000,True,0.02,True,3658.350197275311,0.0030268451781753462,12,15721,True,True,0,-0.004336297152557289,0.007894123871362535,0.9967676706620667,True,True,0,-0.004676699419119107,0.005483680244282146,1.0062430495548318,True,True,0,0.0033260688827742024,0.004631457255631021,1.005150648293844
30.0,3.0,12,N=10k rejuv,10000,True,0.1,True,2139.037735771954,0.012510571496277788,5,7366,True,True,0,-0.02077261760643065,0.03275479049572665,0.9783774274449542,False,False,0,-0.00016652292075614028,0.027836654216690206,0.9896078542740396,False,False,0,-8.120835923597358e-05,0.02451758461465677,0.9916154456264848
30.0,3.0,12,N=40k rejuv,40000,True,0.1,True,5116.152049113296,0.006050854279127255,5,30155,True,True,0,-0.010536237545981653,0.021592148838281106,0.9923089408244001,False,False,0,0.0001447102127990485,0.022771508407427823,0.9886768701299031,False,False,0,2.3289233721857094e-05,0.020886242561296658,0.9911848343835294
30.0,3.0,12,N=160k rejuv,160000,True,0.1,True,18689.604408022387,0.0024797871014112663,5,123879,True,True,0,0.0030906378187672,0.0013179151598685154,0.9998430878642484,False,False,0,-8.078234643704718e-05,0.006922945161613627,0.9984580024196061,False,False,0,-3.091876616689859e-05,0.007186658809948727,0.998490653615728
30.0,3.0,12,N=10k no-rejuv,10000,False,inf,True,265.16115084470687,0.007716419964354571,0,0,True,True,0,-0.0002785923332710438,-0.025793349531260727,0.9837828010613886,False,False,0,-0.00102442528948532,-0.0021440203516052392,1.0032336433036189,False,False,0,-0.0008947674257019367,0.0018235078348685862,1.0077689918230288
30.0,3.0,12,N=10k rejuv KL=0.02,10000,True,0.02,True,3344.5392192987842,0.009397451614372679,11,12047,True,True,0,0.03208996365266295,-0.051136877575327436,1.008005167313827,False,False,0,0.0005335884839596794,-0.03254039573600246,1.0043175251867569,False,False,0,0.0005293466296052429,-0.026611205333430647,0.9987183582677667
30.0,3.0,13,N=10k rejuv,10000,True,0.1,True,6310.053473600788,0.0031375787891438026,9,11089,True,True,0,0.005108947466277103,0.00011237059670704934,0.9885157240328535,True,True,0,0.002653466932116322,-0.0025532964930902314,1.0167073008381824,True,True,0,0.005495407372347549,-0.0026673266273392056,1.0182015807098925
30.0,3.0,13,N=40k rejuv,40000,True,0.1,True,26463.39378873249,0.0009225791686719678,9,39427,True,True,0,0.004154942561455766,-0.007024643744964898,1.0020969597599716,True,True,0,-0.0011101201543436828,0.0022614822442529976,1.000388739738017,True,True,0,0.0002010459732128267,0.0032370915737910443,1.0000487042638189
30.0,3.0,13,N=160k rejuv,160000,True,0.1,True,104817.50951386854,0.0003816968834343229,9,161888,True,True,0,-0.001237142839208616,0.0038957777492693896,0.9994596122018078,True,True,0,0.00018928767094647525,-0.00043914306194738404,0.9973807741499022,True,True,0,0.0018676052024303447,-0.0009483338564904544,0.9974313086247055
30.0,3.0,13,N=10k no-rejuv,10000,False,inf,True,1076.8152643472374,0.0018153066507236167,0,0,True,True,0,0.017506666763602796,-0.03004076633619272,1.0106297400372677,True,True,0,-0.0026291915250276493,-0.009895527628615725,0.9908219198024661,True,True,0,-2.8904447453292903e-05,-0.006488443181586933,0.9922980478249408
30.0,3.0,13,N=10k rejuv KL=0.02,10000,True,0.02,True,6430.5274845958,0.002330873694268221,14,13501,True,True,0,0.001553069844335786,0.0032713697686239194,1.0042844644944833,True,True,0,0.0018091029158901623,-0.008696606609431569,1.0018034441676664,True,True,0,0.0024304081579811787,-0.009449818257841887,1.001802150323087
30.0,3.0,14,N=10k rejuv,10000,True,0.1,True,7973.591582855192,0.002286852843673994,8,9298,True,True,0,-0.002497244906065843,0.00194756835374811,0.9984913857982184,True,True,0,-0.004315417239266539,0.010249302288159803,0.991373031798292,True,True,0,-0.007655306528242145,0.010515181454982977,0.9949693581062853
30.0,3.0,14,N=40k rejuv,40000,True,0.1,True,34260.466925630084,0.0007581045361589301,8,41706,True,True,0,-0.0012852732144290058,-0.0015612976431341752,1.001842197234129,True,True,0,0.0022019454272420025,-0.006906844128540712,0.99513966776743,True,True,0,0.00264084189207614,-0.007049005317570093,0.9943839249501548
30.0,3.0,14,N=160k rejuv,160000,True,0.1,True,137091.0840893514,0.00025970741580299574,8,153092,True,True,0,-0.0016115838977034391,0.0030810433591085223,1.0002141246417589,True,True,0,-0.0018922470475787878,0.0047725853095862145,0.9997062510569547,True,True,0,-0.002717493563946738,0.004573052092875065,0.999873037206062
30.0,3.0,14,N=10k no-rejuv,10000,False,inf,True,913.0563522527061,0.00223873870011092,0,0,True,True,0,-0.0032659513586276168,-0.012889494699814702,1.0303257492287272,True,True,0,0.019817398943821285,-0.022333642444485637,1.0147518254595391,True,True,0,0.021355874928036256,-0.021627224857712703,1.0135726374241312
30.0,3.0,14,N=10k rejuv KL=0.02,10000,True,0.02,True,8782.331022847631,0.0012406212490195247,10,10953,True,True,0,0.0033378631362519506,-0.012294472933871068,1.0072515675777536,True,True,0,0.001083314494913834,0.01743387572465391,1.0158765061173085,True,True,0,-0.0032869002619963505,0.020207233989581838,1.0216868752269646
30.0,3.0,16,N=10k rejuv,10000,True,0.1,True,5925.698851843509,0.0015776091359329845,8,6992,True,True,0,0.004685928795190697,-0.010812040891071486,1.0027447142652077,True,True,0,-0.0020551222784170042,0.0006408262070569531,0.9965087432576477,True,True,0,-0.007696760970884897,0.0022741334981175535,0.9952460387325319
30.0,3.0,16,N=40k rejuv,40000,True,0.1,True,21863.418702968625,0.0007611412394359084,8,35193,True,True,0,-0.0013160601342461775,0.009171683859000758,0.9981361260373157,True,True,0,0.002991961186294495,0.0022915321032272794,1.0020778311697307,True,True,0,0.002750314781831187,0.0010496204491381353,1.0028772874347158
30.0,3.0,16,N=160k rejuv,160000,True,0.1,True,85955.59018514492,0.00038255945433123743,8,141625,True,True,0,0.0010822166326159288,-0.003064611788514012,0.9997600211971107,True,True,0,0.0005008908857488947,0.0036126223253362985,1.0012623588470455,True,True,0,-0.0013935002901570015,0.004249350447550863,1.0012544488943893
30.0,3.0,16,N=10k no-rejuv,10000,False,inf,True,938.5348193539462,0.0021616266654145974,0,0,True,True,0,-0.0027855159464357238,0.04580762605078417,1.0156212084808722,True,True,0,-0.017015491473367894,0.041014767735921547,1.0009354549786935,True,True,0,-0.024369939741694435,0.03630977240059391,1.0003808044211755
30.0,3.0,16,N=10k rejuv KL=0.02,10000,True,0.02,True,2986.3702853254663,0.011778027244192274,10,10011,True,True,0,-0.002414625264437059,0.0005351878855840523,0.9887488129074851,True,True,0,0.0031339833811390994,-0.02072348830911102,1.0175618875858254,True,True,0,0.009202182193377817,-0.021852356274410952,1.0156204948679048
30.0,3.0,15,N=10k rejuv,10000,True,0.1,True,9161.06870617789,0.0019374961740081275,9,8589,True,True,0,0.004656687821994687,-0.011044895130614532,0.9965063198794784,True,True,0,0.002127962485167001,-0.0016163522136540321,1.0113300916447372,True,True,0,-0.0008226429127440316,-0.00041805574008528615,1.011057002835471
30.0,3.0,15,N=40k rejuv,40000,True,0.1,True,37677.5978947399,0.00026437024866554724,9,34878,True,True,0,0.00413672927488995,-0.004251852960691518,0.9951711947307051,True,True,0,-0.0003351609456203053,-0.0005735979182080695,0.9980909609377715,True,True,0,-0.0011306203899323908,-0.00011132965295366328,0.998358600051441
30.0,3.0,15,N=160k rejuv,160000,True,0.1,True,149183.65182928124,0.0002072894283412291,9,141325,True,True,0,0.0005440663921166822,-0.0017914623175745012,1.0001985286569444,True,True,0,0.0018942837019119696,-0.003982078382854836,0.9971268978060205,True,True,0,0.0019467998076543314,-0.003861982331723145,0.9969490405949233
30.0,3.0,15,N=10k no-rejuv,10000,False,inf,True,1031.0738050598584,0.001945943192373631,0,0,True,True,0,-5.1915471467767205e-05,-0.0218833989047399,1.003989592897683,True,True,0,-0.012870300163266124,0.004539055523103253,1.0235893262454665,True,True,0,-0.01620726734947553,0.007067811405777182,1.0220209833444078
30.0,3.0,15,N=10k rejuv KL=0.02,10000,True,0.02,True,9406.804493357531,0.0009073486607391357,15,15491,True,True,0,-0.010170150239180664,0.016368246369982593,1.0136608302094152,True,True,0,0.0014475209211377016,0.008192661539811675,1.0109806055896644,True,True,0,0.0007852105026798228,0.006532556061607064,1.0113380897175732
30.0,3.0,17,N=10k rejuv,10000,True,0.1,True,5582.221643394716,0.0055083491453332585,8,9174,True,True,0,0.001039076438354769,-0.0064878565436476176,0.9863574151537635,True,True,0,0.006911757696863363,-0.01798086547761954,0.9970045348704282,True,True,0,0.0048107112033575206,-0.018168619313203207,0.9992187630709891
30.0,3.0,17,N=40k rejuv,40000,True,0.1,True,25664.158508528817,0.0008523508005120292,8,44678,True,True,0,-0.0016488869699222697,-0.0016650187205592634,1.006730116174198,True,True,0,-0.0018462760277018209,0.002297940796002967,1.0007594894833323,True,True,0,-0.004650239144628532,0.0026921039198383218,0.9996488304943913
30.0,3.0,17,N=160k rejuv,160000,True,0.1,True,101459.64114305892,0.00033280516345653984,8,162027,True,True,0,0.00044622608943689634,-0.0024104103519953964,1.0012885279287917,True,True,0,0.0007810494117188593,-0.002094449833951459,0.9996314050939241,True,True,0,0.0014468809980305308,-0.0018707406448993538,0.9993194219313092
30.0,3.0,17,N=10k no-rejuv,10000,False,inf,True,1012.0608785552666,0.0018965987390410985,0,0,True,True,0,0.013885040916826075,-0.010805380600649433,0.9624967281374585,True,True,0,0.010010828365230706,-0.04270749772265403,0.9529491129338651,True,True,0,-0.0023094703572732467,-0.043836791992778484,0.9541945667929691
30.0,3.0,17,N=10k rejuv KL=0.02,10000,True,0.02,True,6558.437398287675,0.002388605310118732,12,13820,True,True,0,-0.005856900315689084,0.004875254240734337,0.9964330214530619,True,True,0,-0.0028733991202999354,0.00926997273261694,0.9929736378161412,True,True,0,-0.0015738368678338,0.009139626656798955,0.9932394110588739
30.0,3.0,18,N=10k rejuv,10000,True,0.1,True,9363.899553495636,0.0005065221919725821,7,7919,True,True,0,-0.0059800780788606955,0.015043754831094235,0.992312169560018,True,True,0,0.0033602163886714553,-0.013459860933792622,0.9959388819273999,True,True,0,0.006932574202158426,-0.016218620627003858,0.9968934907929936
30.0,3.0,18,N=40k rejuv,40000,True,0.1,True,31502.817282660628,0.0018504369339983088,8,38440,True,True,0,0.005890166813472653,-0.006247958693344437,0.9965555121185201,True,True,0,-0.0010247913615351045,-0.00530281803047995,1.0086500575178452,True,True,0,-0.0032333030243800742,-0.004696655670959271,1.0082754238056397
30.0,3.0,18,N=160k rejuv,160000,True,0.1,True,127572.62046210877,0.0009792648816254943,7,134725,True,True,0,0.0012076903769964176,-0.00022152592159085637,0.9991271861007105,True,True,0,-0.0003225366325706469,-0.0018782577327531667,0.9964586372358206,True,True,0,-9.5350453396148e-05,-0.001940495175440816,0.9957693196714518
30.0,3.0,18,N=10k no-rejuv,10000,False,inf,True,840.6522240990095,0.0023931326018446827,0,0,True,True,0,-0.007087457692707799,0.004149437154556528,1.0120227139777496,True,True,0,0.006735505951441234,-0.011523348999626943,1.020999672163837,True,True,0,0.021731331300860912,-0.01267120494705611,1.020327549831834
30.0,3.0,18,N=10k rejuv KL=0.02,10000,True,0.02,True,9328.831329305194,0.0008243322339569652,10,10352,True,True,0,-0.0001737646932200576,0.007227361292741061,0.9885664234908736,True,True,0,-0.000953703051366106,0.015950126271524888,1.0013924637607972,True,True,0,-0.0007304928486113749,0.015735201819139302,1.0017551709417447
30.0,3.0,20,N=10k rejuv,10000,True,0.1,True,7121.147226657791,0.0023148921875854166,8,10432,True,True,0,0.00011319303413612203,-0.015036173128597008,0.9924486976765005,True,True,0,0.004517629012165583,-0.019771599655436487,0.9969635398999618,True,True,0,0.010439882460185373,-0.018759356924299878,0.9977862445089787
30.0,3.0,20,N=40k rejuv,40000,True,0.1,True,29940.73194894137,0.0014419638054322533,8,46636,True,True,0,0.0012270150192654067,-0.006773089147029154,0.9981100879145467,True,True,0,-0.0009318934807990426,0.00057931740211075,1.0013427173405984,True,True,0,-0.0012866842809650114,0.0016277670288792916,1.0019941653614606
30.0,3.0,20,N=160k rejuv,160000,True,0.1,True,134660.82424786326,0.00013308939812925393,8,159144,True,True,0,-0.0004364553285262085,0.0007116712955825559,0.9999187887430514,True,True,0,0.00011178171590502106,0.0010301890762641332,0.9991762988228649,True,True,0,-0.0009006719720125594,0.0009881746061477588,0.9994187669915774
30.0,3.0,20,N=10k no-rejuv,10000,False,inf,True,913.0967530299539,0.0022399945771532244,0,0,True,True,0,0.005897066810692332,-0.0037391423714015367,1.0246499942522744,True,True,0,0.003538044769729763,-0.01318544598158895,1.030590741249212,True,True,0,0.009634252326038248,-0.01345020457668646,1.0314175031719113
30.0,3.0,20,N=10k rejuv KL=0.02,10000,True,0.02,True,6850.280486738772,0.003474980794694851,11,13838,True,True,0,-0.0016145687159872246,0.01593241598638591,0.9996090785219464,True,True,0,-0.006216662394805811,0.00034682515097006846,1.0012499468224692,True,True,0,-0.004240676659499218,-0.0020126726791026834,1.0032253754559186
30.0,3.0,19,N=10k rejuv,10000,True,0.1,True,9485.102978577625,0.0016349736089541227,9,9101,True,True,0,-0.0024284842095897707,-0.004115802248092324,0.989995271286251,True,True,0,0.006686059671069944,-0.009645894367954308,0.9764426229473783,True,True,0,0.008296570045004392,-0.009549646376508073,0.9750673247815527
30.0,3.0,19,N=40k rejuv,40000,True,0.1,True,38611.540724773164,0.00017848005050067928,9,38640,True,True,0,-0.00202355195143078,0.00484220860913862,1.00206672662104,True,True,0,0.00096888747974333,-9.243821865432724e-05,1.00324830857725,True,True,0,0.0014398540227276158,-0.0006931153895553993,1.002260488692781
30.0,3.0,19,N=160k rejuv,160000,True,0.1,True,153856.8286444433,8.809820381698884e-05,9,157879,True,True,0,0.0002197056362696348,-0.0022430361555067202,1.001560887502385,True,True,0,0.0004855569068678567,0.0005986596755235948,1.0038978082871282,True,True,0,-0.0005435177323474538,0.0009005908476971894,1.0037847586469346
30.0,3.0,19,N=10k no-rejuv,10000,False,inf,True,796.996313804076,0.0026092270954432674,0,0,True,True,0,0.0044786212201123055,-0.041872950632521194,1.0032921877922505,True,True,0,0.00971710043608598,-0.0117477931157199,1.0069933658424626,True,True,0,0.011314834110062844,-0.007088024273933073,1.01186575839228
30.0,3.0,19,N=10k rejuv KL=0.02,10000,True,0.02,True,9451.242410606905,0.0011865985492509,14,12574,True,True,0,0.004867373004897396,-0.020530081625767388,1.0024483607115473,True,True,0,0.006216100896979326,-0.009398755679594906,1.0104339784878729,True,True,0,0.005734289206991372,-0.0072691332770687695,1.012419162608701
30.0,3.0,22,N=10k rejuv,10000,True,0.1,True,4633.7724660266995,0.0036710279169099563,8,8899,False,False,0,-0.00089698050931597,0.007671276797607428,0.9976842459196729,True,True,0,-0.004649454946086817,0.00623467845336153,1.0056465170435473,True,True,0,-0.0049437836376763356,0.005508592750080597,1.0064114921697365
30.0,3.0,22,N=40k rejuv,40000,True,0.1,True,14438.886363881345,0.003321916839617724,8,40424,False,False,0,-0.00013137238102067794,0.004772579802013153,1.0021054552248048,True,True,0,-0.0007412550501258997,-0.0015307974646143194,0.9962467192388451,True,True,0,-0.0002899075387050587,-0.002311784092011802,0.9966674680140915
30.0,3.0,22,N=160k rejuv,160000,True,0.1,True,65399.270941197254,0.0008205872826172621,8,164043,False,False,0,0.00013198507605383103,-0.0003164656359036444,0.9974987987421122,True,True,0,0.0002621550047098298,-0.00048782722323005876,0.9982654227775655,True,True,0,0.0008193344959136484,-0.00047191108683502164,0.998881343224989
30.0,3.0,22,N=10k no-rejuv,10000,False,inf,True,876.8867931076741,0.002221468695732414,0,0,False,False,0,-0.00034647509756846606,-0.002280096961359681,0.993827715753487,True,True,0,-0.005254399085330874,0.013614230761383019,0.9841406408171067,True,True,0,0.0007902604244068856,0.014771478199767568,0.9828753721040755
30.0,3.0,22,N=10k rejuv KL=0.02,10000,True,0.02,True,4667.111476316988,0.0021742814531402373,12,14888,False,False,0,0.0002568141984700123,0.010504383481120906,1.0082458681557172,True,True,0,-0.0015814399552616099,0.006852487617016666,0.9963402618206451,True,True,0,-0.0003042095022726121,0.00575570490079006,0.9951832830102124
30.0,3.0,21,N=10k rejuv,10000,True,0.1,True,8139.3023017794585,0.0015297565979962336,8,7552,True,True,0,0.0011974026684281602,0.005435792265483507,1.0057151822922465,True,True,0,-0.004827159914528756,0.0037468838255665083,1.0016480331064206,True,True,0,-0.002553659527673169,0.0032467550103972074,1.0006197194111361
30.0,3.0,21,N=40k rejuv,40000,True,0.1,True,32936.51799689858,0.0006511508285956609,8,34564,True,True,0,0.002715983770332997,-0.006795339860565213,0.9963752496999593,True,True,0,0.000985261421760364,-0.0038077383727957424,0.9999045564508184,True,True,0,-0.0005718236626148787,-0.003136148822454659,0.9999250609799682
30.0,3.0,21,N=160k rejuv,160000,True,0.1,True,124959.23202968933,0.0005016672245492711,8,138573,True,True,0,-4.3305679170435596e-05,-0.0034459638412627945,1.0031372108130165,True,True,0,-0.00026344202360339963,0.0014624224035266649,1.0042584182299465,True,True,0,-0.00040332195843384433,0.0019825688641463847,1.0046335255913437
30.0,3.0,21,N=10k no-rejuv,10000,False,inf,True,761.9189118360468,0.0027619363815102,0,0,True,True,0,-0.007326372990926755,-0.016324196860411474,1.0228538223668227,True,True,0,0.000470282554275836,-0.0094758361787261,1.0122638811154332,True,True,0,-7.815341850114788e-05,-0.007879893273982927,1.0101127708758788
30.0,3.0,21,N=10k rejuv KL=0.02,10000,True,0.02,True,8413.163810758551,0.0011993540140586368,14,14325,True,True,0,-0.0015217248829340058,-0.00428633679734301,1.0033154269906908,True,True,0,-0.0023430088949973893,-0.0038947811209986845,0.997640437620899,True,True,0,-0.0038481474251010894,-0.003550166698419427,0.9992213165059899
30.0,3.0,23,N=10k rejuv,10000,True,0.1,True,8512.627159340303,0.0024334029932194835,7,7631,True,True,0,-0.006172161623163586,0.012175030865320204,0.9946680172383716,True,True,0,0.003948959569867072,0.0017384389794784184,0.9991670262731621,True,True,0,0.00276063124739534,0.00011195449332451815,0.9978971937784666
30.0,3.0,23,N=40k rejuv,40000,True,0.1,True,35498.107422274574,0.0005703370349018835,8,38694,True,True,0,0.00018595787851166667,-0.0057793943744191365,1.0024819980724677,True,True,0,0.0016071453250063872,-0.0011674253385410714,0.9945422736589699,True,True,0,0.0009872624590561152,-0.0004132632017101264,0.9939310939582866
30.0,3.0,23,N=160k rejuv,160000,True,0.1,True,125210.44137010329,0.00050995044194513,8,180419,True,True,0,0.00010578866924974839,-0.0008944013948669949,0.9974768374843692,True,True,0,0.0004297622151240299,-0.0029369884103797447,0.9996888880945947,True,True,0,0.0005110074473266835,-0.002964597392048024,0.9997734781220412
30.0,3.0,23,N=10k no-rejuv,10000,False,inf,True,627.2855066515331,0.00327564019404158,0,0,True,True,0,-0.006565768372483016,-0.021716142506763306,1.0004258381818258,True,True,0,0.002041577248891202,-0.010037495248511021,1.013077147085112,True,True,0,0.0032840168370225076,-0.007499601889973874,1.0097782888590794
30.0,3.0,23,N=10k rejuv KL=0.02,10000,True,0.02,True,8656.855805192454,0.0017293783517676956,11,12434,True,True,0,-0.0013858790776431623,0.013211198027234571,0.999688305483547,True,True,0,-0.004794259187068217,0.005454704160635323,0.999539960224052,True,True,0,-0.0019415056985589985,0.0038766329049589846,0.9995331907637208
30.0,3.0,24,N=10k rejuv,10000,True,0.1,True,8052.529449069092,0.0025760058207560874,8,8651,True,True,0,-0.002879956458019195,0.004770773591620485,1.0081356246461501,True,True,0,-0.0008002227303922638,-0.004981009352324009,1.010519796846131,True,True,0,8.016962636436809e-05,-0.005918882375361171,1.011252141138315
30.0,3.0,24,N=40k rejuv,40000,True,0.1,True,30132.320093465303,0.0023613574540012764,8,37004,True,True,0,0.0015977465034399119,-0.007115690714321438,0.9977788212876672,True,True,0,0.00213924825295142,-0.007513863973518508,1.0029271268594702,True,True,0,0.0020651511418671165,-0.006981777004272283,1.0032958546243111
30.0,3.0,24,N=160k rejuv,160000,True,0.1,True,141353.622907425,0.0002145215111397827,8,150717,True,True,0,-1.535031642296847e-05,-0.003451637689520543,1.0031840312357485,True,True,0,-0.00010428880190538337,-0.00017306432436941933,1.0016094877808033,True,True,0,-0.00027207484486968525,0.0002864121137644769,1.0008723328065725
30.0,3.0,24,N=10k no-rejuv,10000,False,inf,True,594.6989680440236,0.0033953424773907146,0,0,True,True,0,0.004304749790589146,-0.006356615750587668,0.9824608171132616,True,True,0,-0.0014622992137398594,-0.017458581831767486,0.9876356582809014,True,True,0,0.0020524083032750218,-0.01760658656027639,0.9892753958815601
30.0,3.0,24,N=10k rejuv KL=0.02,10000,True,0.02,True,8544.479557554763,0.002290038270337865,12,13312,True,True,0,0.004822495042086428,-0.006033769314212401,0.9935121799299927,True,True,0,0.0007785528818877729,-0.005512218762334642,0.9976926378822676,True,True,0,-0.00010464441770530186,-0.0050111978083384485,0.9982515839376074
30.0,3.0,25,N=10k rejuv,10000,True,0.1,True,3028.3807027366825,0.0049373486267261105,7,8034,True,True,0,-0.015807118985707524,0.01581858735565362,1.0040431498683773,True,True,0,-0.0016017759332263015,0.003976953713860717,0.9856192405630055,True,True,0,-0.002182857243288039,0.0018312876807401366,0.9854927227518346
30.0,3.0,25,N=40k rejuv,40000,True,0.1,True,11022.928296914302,0.0017423605735966876,7,31803,True,True,0,0.00438057087635213,-0.003194734852313933,1.0033303004445586,True,True,0,0.0010965976722069337,0.002530702485952098,0.9997470185138062,True,True,0,0.0021799370914932226,0.0031939999809737574,0.9983143246372028
30.0,3.0,25,N=160k rejuv,160000,True,0.1,True,31358.224865652035,0.0016658581817709825,7,131293,True,True,0,-0.0029958167042560824,0.0015659256464018942,0.9988376779877706,True,True,0,-0.0004247032828195163,-0.0018810572108319693,0.9999349235992456,True,True,0,-0.00012628878292419987,-0.002250364558266727,1.0000357904523023
30.0,3.0,25,N=10k no-rejuv,10000,False,inf,True,897.1827804978401,0.0022719254133938185,0,0,True,True,0,0.011962030869327123,-0.009315781151797365,1.0003198012400942,True,True,0,-0.010414169330050349,0.010750819067298922,0.9889317033153429,True,True,0,-0.0064760273296979864,0.012917521179691407,0.9881887189040739
30.0,3.0,25,N=10k rejuv KL=0.02,10000,True,0.02,True,2659.6768646198548,0.004897560918710771,13,13146,True,True,0,-0.008236987137454799,0.012986083276571069,1.0082157176000262,True,True,0,-0.01413573369713006,0.031647097432004286,0.9944929598297695,True,True,0,-0.011089067810870157,0.03184332074169684,0.9949473554524979
30.0,3.0,26,N=10k rejuv,10000,True,0.1,True,9281.7511128507,0.0013034769647834869,7,9003,True,True,0,0.004131321397803256,-0.012967077499781791,1.0187679431730507,True,True,0,0.004394830916762182,-0.00904326234650194,1.0104298692306857,True,True,0,0.003266570931066859,-0.007670561690903531,1.0089573469318747
30.0,3.0,26,N=40k rejuv,40000,True,0.1,True,36545.822575624996,0.00062304098411321,7,35180,True,True,0,-0.002250494046637408,0.005824934887804859,1.0043349042163427,True,True,0,-0.0012190301102450452,0.00460192752265063,1.0024673730601052,True,True,0,-0.0011551491026833283,0.004016997908197362,1.00376812841135
30.0,3.0,26,N=160k rejuv,160000,True,0.1,True,149755.62652009854,0.00013734379369066812,7,139680,True,True,0,-0.00021094868816895485,0.0004003873428556305,1.0009171353096986,True,True,0,0.00028734545021702473,-1.4046672115462257e-05,1.000235356767167,True,True,0,0.00043782740785891505,-7.366117710885057e-05,0.9999840572309188
30.0,3.0,26,N=10k no-rejuv,10000,False,inf,True,714.0401190367797,0.00286977953735749,0,0,True,True,0,0.005283832438909675,0.009651795486296645,1.0040672293196917,True,True,0,-0.0016600788034457636,-0.005004036069044735,0.9824946325526298,True,True,0,0.0006489488956549216,-0.006715194057611376,0.981763738597417
30.0,3.0,26,N=10k rejuv KL=0.02,10000,True,0.02,True,8932.428114234104,0.0015608205913866828,11,12183,True,True,0,5.250155330371875e-06,-0.009396612323117193,1.0031730415229312,True,True,0,0.001088578351597036,-0.007457125920562184,0.9974087063116495,True,True,0,0.0018164448178885628,-0.006515498897959388,0.9948539546284227
30.0,3.0,27,N=10k rejuv,10000,True,0.1,True,2011.7037291617742,0.008495941197564857,7,9099,True,True,0,0.0008607622764664202,-0.005092337289583931,0.9896035523791078,True,True,0,-0.005479731801358412,-0.010909344141845507,0.9765206303520166,True,True,0,0.0053257351161765665,-0.01091019675632721,0.9765682812026
30.0,3.0,27,N=40k rejuv,40000,True,0.1,True,5403.452832160977,0.007162585143211788,7,32656,True,True,0,-0.00793924892935044,0.004034657595383534,0.9944850816179647,True,True,0,0.003405436033413034,-0.0025498961971958563,0.9901050549225626,True,True,0,0.004580467259538645,-0.003341328376684626,0.9913410110726201
30.0,3.0,27,N=160k rejuv,160000,True,0.1,True,23529.5266133929,0.002303144452358386,7,152992,True,True,0,-0.005882951058527597,0.002388437636611318,0.9979110437268731,True,True,0,-0.0020137518110605046,0.004004499123383853,0.9963170533041196,True,True,0,-0.0018056370986416215,0.003926188693409329,0.9962103234510359
30.0,3.0,27,N=10k no-rejuv,10000,False,inf,True,951.3010193885178,0.0020797696822101195,0,0,True,True,0,-0.022186258226806255,-0.004421897488621287,0.9832181009585059,True,True,0,0.009556396505389808,-0.0247592279236007,0.9896068108018444,True,True,0,0.0007857296924331236,-0.02584170659315104,0.9912267677149387
30.0,3.0,27,N=10k rejuv KL=0.02,10000,True,0.02,True,2032.6654177045655,0.007264343323403557,10,12125,True,True,0,-0.0004019138031234326,0.0005600467151918325,1.000391266262079,True,True,0,-0.003132773920297427,0.008189322457159944,0.9835711117936353,True,True,0,-0.004147624575703557,0.00868403607364024,0.982161909967902
30.0,3.0,28,N=10k rejuv,10000,True,0.1,True,9060.120973285784,0.001155666513001525,9,7661,True,True,0,-0.0034170265382637566,0.007230478234696307,0.9866744799355401,True,True,0,-0.0009416959840690131,-0.00020313746299094256,0.9929502364183191,True,True,0,0.0004281772333267764,-0.0008147842532442299,0.9928458476338574
30.0,3.0,28,N=40k rejuv,40000,True,0.1,True,37630.919667833135,0.0003821901704649476,9,35667,True,True,0,-0.00193108853750526,0.010828167813234433,1.009937912157564,True,True,0,-0.0022981031242691463,0.009393864554809433,1.0116222010198122,True,True,0,-0.0015534757179281877,0.008985386209251257,1.0108940769750998
30.0,3.0,28,N=160k rejuv,160000,True,0.1,True,147254.17724252382,0.0002567436835193614,9,132638,True,True,0,-0.0015346004003997105,-0.004535706918361204,0.9929375851188428,True,True,0,0.0014214092153030933,-0.0026483129090905154,0.9947872081436265,True,True,0,0.001091001078030951,-0.0024098810510168682,0.9951240206677815
30.0,3.0,28,N=10k no-rejuv,10000,False,inf,True,804.2614686590706,0.0027713532465568277,0,0,True,True,0,-0.010580801383487048,0.027146720920462563,1.0109236421047192,True,True,0,-0.006617357502195609,0.018021414433039177,1.023060430939649,True,True,0,-0.009546571820601812,0.016707980614033432,1.0243406085080944
30.0,3.0,28,N=10k rejuv KL=0.02,10000,True,0.02,True,9314.821611008856,0.0017029918733568246,16,16261,True,True,0,0.0009343361403811867,0.011800088384013353,1.0130038367700565,True,True,0,-0.00807249049439518,0.015702036282465793,1.0059493335273457,True,True,0,-0.006673363473367111,0.015542880423927553,1.005261895507094
30.0,3.0,29,N=10k rejuv,10000,True,0.1,True,9015.600546144147,0.0009248060169023442,8,8384,True,True,0,0.0011197573739457067,-0.008690972382165188,1.0036185822800232,True,True,0,-0.0024878297581520936,-0.006446326921492142,0.9984755039261051,True,True,0,-0.0027242247746236403,-0.005634634414213626,0.9961139380298132
30.0,3.0,29,N=40k rejuv,40000,True,0.1,True,34894.51276891164,0.0012752633713274328,8,31125,True,True,0,-0.002016656672249706,0.0018378936133776295,0.9967888661326971,True,True,0,-0.003713577378329891,0.0007182223701588967,0.9913309811451085,True,True,0,-0.0033518506132663717,0.0005184671732292823,0.9910634879990756
30.0,3.0,29,N=160k rejuv,160000,True,0.1,True,144355.554916531,0.0002830921128593033,8,126298,True,True,0,-0.0004784340797124309,-0.0012221354554816113,0.998955140939689,True,True,0,0.0020278971823419756,-0.002888230698393046,1.0027218201225783,True,True,0,0.0015729671118065447,-0.0028604430499225616,1.003090166044877
30.0,3.0,29,N=10k no-rejuv,10000,False,inf,True,877.0801343508938,0.0022912435449576932,0,0,True,True,0,0.0034465191830247988,-0.0074246462389976715,0.9952311997364012,True,True,0,-0.008057386253402576,-0.005217734385149021,0.9947899652720155,True,True,0,0.007345543201157323,-0.0045117030766016536,0.9959941104069949
30.0,3.0,29,N=10k rejuv KL=0.02,10000,True,0.02,True,9266.715476921028,0.0008025274489443942,17,12577,True,True,0,0.004358205529452597,0.010147385412135874,0.9998916845025585,True,True,0,-0.0051666035723645365,0.008636393145501409,0.9940701087969093,True,True,0,-0.0031794076314443087,0.007737038447734467,0.9943501295885765
30.0,3.0,30,N=10k rejuv,10000,True,0.1,True,6026.59536772976,0.004635881701846275,7,7513,True,True,0,0.00018692246354812259,-0.004055700200919938,0.9914890297729492,True,True,0,-0.00010619783337240118,-0.0012604307315020149,1.002618826763415,True,True,0,-0.00029518750454604614,-0.0007484116310600815,1.0036372089413013
30.0,3.0,30,N=40k rejuv,40000,True,0.1,True,27756.704449579254,0.0010471052314398803,7,32421,True,True,0,0.0012791859135421468,-0.009844540053267379,0.9994548156715755,True,True,0,0.0003904351074638379,-0.001855774305172998,0.9987457765155388,True,True,0,-0.00021876779096730026,-0.0005405135566928753,0.9986302183821918
30.0,3.0,30,N=160k rejuv,160000,True,0.1,True,109398.31859339352,0.0003034967062457623,7,130305,True,True,0,0.0017466516184464487,0.00040896471449570435,0.9980321522341842,True,True,0,2.013283317914283e-05,-0.002056661020223224,0.99926840134455,True,True,0,0.0002403413122818998,-0.0022396735323618965,0.999701013643645
30.0,3.0,30,N=10k no-rejuv,10000,False,inf,True,634.3089615307805,0.003466506683115865,0,0,True,True,0,-0.016423427905085664,0.004821013556820941,1.0573389674540539,True,True,0,-0.000683761317663123,0.03393897631890488,1.019294482416352,True,True,0,0.0020381871241160754,0.03528207672905642,1.0135080410364878
30.0,3.0,30,N=10k rejuv KL=0.02,10000,True,0.02,True,6213.35195459867,0.004658187208415245,15,14836,True,True,0,0.0026704727692894448,-0.006605926343896132,0.9990041117880277,True,True,0,-0.0012077624065761627,-0.00344031619709008,1.0060950043488304,True,True,0,-0.0014812087741564728,-0.002689805288157233,1.0066159372603318
30.0,3.0,31,N=10k rejuv,10000,True,0.1,True,140.62494834820833,0.050184234909098485,4,6148,True,True,0,-0.05402618180849872,0.04547220243734894,0.9679765706374988,True,True,0,0.01042355995827493,-0.036732022329055446,0.9314115195196454,True,True,0,0.01147709253850926,-0.046837450950679954,0.9349154361379437
30.0,3.0,31,N=40k rejuv,40000,True,0.1,True,335.47644126492753,0.038330692047370024,6,36141,True,True,0,0.011104773676644863,-0.02976830674627999,0.9968436065097048,True,True,0,-0.0006752453764974353,-0.009564229539749915,1.0189383938725038,True,True,0,-0.0012452873744475124,-0.005205767318039984,1.016345526344112
30.0,3.0,31,N=160k rejuv,160000,True,0.1,True,2049.6453495828437,0.009933012607652997,6,154496,True,True,0,-0.001201841335144893,0.01190800962262207,0.9956756040991359,True,True,0,-0.0013145473091353832,0.036096837381752685,0.9783302620002026,True,True,0,-0.0014451309732024242,0.03652041780887625,0.978161966985159
30.0,3.0,31,N=10k no-rejuv,10000,False,inf,True,730.5732249193323,0.002845310638505312,0,0,True,True,0,-0.009398012891519869,0.01226254724503782,1.005215455635207,True,True,0,-0.0026210803953001793,-0.03399266093890164,1.0200838895308613,True,True,0,-0.0011148021520690499,-0.03833530760327609,1.0252739938603455
30.0,3.0,31,N=10k rejuv KL=0.02,10000,True,0.02,True,271.0067362757736,0.025125553223760432,10,15588,True,True,0,0.01580806152772818,-0.030695621277745465,0.9893678769912294,True,True,0,-0.008792286060435694,0.07237457803895507,1.0063083166814923,True,True,0,-0.008440983175263983,0.08239119509551047,1.0030507693442652
30.0,3.0,32,N=10k rejuv,10000,True,0.1,True,8784.811756446381,0.0015512977491842334,9,11110,True,True,0,0.003909105715258043,-0.015736625844471018,1.0159902811996833,True,True,0,-0.005329766730474583,0.0005357141136259108,1.0099666048006928,True,True,0,-0.006179836545603945,0.0028193388678162787,1.009278287078902
30.0,3.0,32,N=40k rejuv,40000,True,0.1,True,34431.17847145578,0.0004535066012179178,9,44884,True,True,0,0.00023420993334166695,0.0028101085511666193,0.9999537762313934,True,True,0,0.0007153475097273487,-0.0012246888794148353,0.9921209683089371,True,True,0,0.0019470197247229981,-0.001703816656187051,0.9918268381033998
30.0,3.0,32,N=160k rejuv,160000,True,0.1,True,138072.97516996684,0.00019301664875532828,9,178235,True,True,0,0.001071686516029624,-0.0002812745178927218,1.001496699542495,True,True,0,-0.00032263110703167897,-0.0003383782368397587,1.001753915615109,True,True,0,-0.0003751106430811557,-0.0003195466414934299,1.001791116318572
30.0,3.0,32,N=10k no-rejuv,10000,False,inf,True,915.4312354120075,0.0021220879590142165,0,0,True,True,0,0.01951772523411932,-0.0017220991220818973,0.9782166481837816,True,True,0,0.022112135666373822,-0.026641692494642898,0.986605721768761,True,True,0,0.023004104134281222,-0.02807886369184967,0.9851601432591365
30.0,3.0,32,N=10k rejuv KL=0.02,10000,True,0.02,True,7218.227242018791,0.004591421481534647,12,13396,True,True,0,0.00609414709750733,-0.004409732979417106,0.9989723567001076,True,True,0,-0.007390299591090055,-0.0052674379822992435,1.0057675257952972,True,True,0,-0.00650079035787432,-0.004969829625744914,1.0072864701258162
30.0,3.0,33,N=10k rejuv,10000,True,0.1,True,9479.295325558705,0.0005300806410312018,8,9760,True,True,0,-0.0022441840007850766,0.0025680233227866438,1.0005687402232772,True,True,0,0.004703088920788578,-0.005321610814568547,0.9962026508799477,True,True,0,0.005965488789901052,-0.005969684579252411,0.9969177709957303
30.0,3.0,33,N=40k rejuv,40000,True,0.1,True,34509.59485502261,0.0014335533510172005,8,35886,True,True,0,0.00031566051956172236,0.002007776409896691,1.0010179501909708,True,True,0,-8.40218468857179e-05,-0.0005077180449251262,1.0039414579637922,True,True,0,-0.0017540988984174888,-0.0008132504592329006,1.00331148181197
30.0,3.0,33,N=160k rejuv,160000,True,0.1,True,147170.36633288604,0.0002326143666619925,8,144646,True,True,0,0.0020906447544156714,-0.0012301116100680745,1.0018287523170233,True,True,0,0.0006386094547719545,0.0006216802697113436,1.00224962020469,True,True,0,0.0005152875238133015,0.0008259766024567667,1.0026718820206213
30.0,3.0,33,N=10k no-rejuv,10000,False,inf,True,950.2588395220989,0.0020690446596687293,0,0,True,True,0,-0.007432758472686263,0.007932274865032427,0.9833529276577427,True,True,0,-0.00023619948529102208,-0.01722101947378228,0.9761700851241735,True,True,0,0.0002714566024826226,-0.01926596464531275,0.9763631825415574
30.0,3.0,33,N=10k rejuv KL=0.02,10000,True,0.02,True,9501.704204078893,0.0005828655914976587,12,14145,True,True,0,-0.000976605876263248,0.005478149641834679,1.003096919550332,True,True,0,-0.0023872275245550023,-0.006052270471787903,0.9843418739134714,True,True,0,-0.0007057098707804466,-0.0071429027183489485,0.9836903972992427
30.0,3.0,34,N=10k rejuv,10000,True,0.1,True,8119.866026440894,0.001825811174023975,7,8067,True,True,0,-0.0074895622259566474,0.0027600678848705403,0.9939267930493703,True,True,0,-0.0018526028872777323,0.0015743087665055307,0.9942487754170279,True,True,0,-0.004660953106146559,0.0012633369175585943,0.997068230124608
30.0,3.0,34,N=40k rejuv,40000,True,0.1,True,31589.54994622547,0.0006253938150050624,7,35373,True,True,0,-0.0034915239306645973,0.004469712661157753,1.0025272862642045,True,True,0,-0.0047093638775542734,0.00762719201880896,0.9949982848236971,True,True,0,-0.004652699979600383,0.007426901492884415,0.9949298530806118
30.0,3.0,34,N=160k rejuv,160000,True,0.1,True,123859.49783310402,0.00034519036453803257,7,132290,True,True,0,-0.0016179677671243065,0.004145071200107846,0.9980209779453719,True,True,0,-0.0004264217885473487,-0.00010611312575825241,0.997668421776003,True,True,0,0.0005593574254871836,-0.000720694024973101,0.9978996500911905
30.0,3.0,34,N=10k no-rejuv,10000,False,inf,True,821.1753683520792,0.002495562784524454,0,0,True,True,0,0.015258873650276839,-0.01946492225389506,1.003492699332428,True,True,0,-0.005798695707598056,-0.0024466848528019204,0.9950570147837317,True,True,0,-0.011923459896221678,0.00026342726215761186,0.9957416648417298
30.0,3.0,34,N=10k rejuv KL=0.02,10000,True,0.02,True,8040.001310594071,0.001712438819437403,10,14349,True,True,0,-0.004890128453264864,0.0070394562773961255,1.0026997237689073,True,True,0,-0.004796741256110737,0.007597189729407407,0.9990564241768398,True,True,0,-0.002989407212506512,0.007018026160508407,0.9995495823192178
30.0,3.0,35,N=10k rejuv,10000,True,0.1,True,8800.80626530568,0.001275763287764534,8,7680,True,True,0,-0.0009949000040860856,-0.006161214307019905,1.0036983274329512,True,True,0,0.0015940354862382655,0.0008115664538687879,0.9971337837744301,True,True,0,0.003053929503458397,0.0016390230278295853,0.9956784168517037
30.0,3.0,35,N=40k rejuv,40000,True,0.1,True,35564.56302824756,0.0002484092404362616,8,34156,True,True,0,0.00026570674123138627,0.00278644426112671,1.004788540420778,True,True,0,-0.0049131151064106815,0.017191806817880937,1.0122091255305914,True,True,0,-0.0050354622655846,0.017563029229958654,1.01423534678279
30.0,3.0,35,N=160k rejuv,160000,True,0.1,True,139493.62594279877,0.00019211266712192517,8,152029,True,True,0,-4.495198148324331e-05,0.002950817971349211,1.0009202144801075,True,True,0,-0.0002951068091052722,0.0032654047360692194,1.000407893956288,True,True,0,-0.0001689484729276991,0.003024238332763715,1.0007185875380538
30.0,3.0,35,N=10k no-rejuv,10000,False,inf,True,812.2501742583556,0.0024669469382670763,0,0,True,True,0,0.004692748476491704,-0.010155451851977136,0.9848731549848823,True,True,0,0.019563779295896477,-0.018452631534506037,0.9740123821567607,True,True,0,0.02129905685897704,-0.017928925237096965,0.973274184842219
30.0,3.0,35,N=10k rejuv KL=0.02,10000,True,0.02,True,9072.458495473764,0.0007867815706390843,14,14195,True,True,0,-3.8862936598049735e-05,-0.006347216607603864,0.9967988530826208,True,True,0,0.003908667424236456,0.0018347427650314812,0.9797234928361934,True,True,0,0.0007130331571523207,0.0027295774659599242,0.9807198082366959
30.0,3.0,36,N=10k rejuv,10000,True,0.1,True,7446.365612784095,0.00201023275388964,9,9589,True,True,0,-0.004437621213033038,0.002032368369018603,1.0056211832302364,True,True,0,-0.001020794891179455,-0.0015905102211734117,1.0018666837579733,True,True,0,0.0030066385915635263,-0.0019398261441038677,1.0011589041009437
30.0,3.0,36,N=40k rejuv,40000,True,0.1,True,30317.145636231937,0.00034024003109149267,9,40962,True,True,0,0.0008928934276659639,-0.0023491286962637236,1.0038994194604618,True,True,0,-0.0022459282144193793,0.005387412351364997,0.9963350680959541,True,True,0,-0.0045902256349869,0.005973778929691092,0.9952241873810315
30.0,3.0,36,N=160k rejuv,160000,True,0.1,True,117889.99678729536,0.0002848317165978207,9,170414,True,True,0,0.003220499435176216,-0.0031172602770198846,0.9970257652589494,True,True,0,0.0005696347473639896,-0.0018979012946265966,0.9996038136378413,True,True,0,-0.00044479680155318224,-0.00158529220466618,0.999553585974689
30.0,3.0,36,N=10k no-rejuv,10000,False,inf,True,988.3183278657984,0.0019474094333218012,0,0,True,True,0,0.028619990540834528,-0.017332260426541502,0.9691687370722606,True,True,0,0.01518222353458365,-0.020434413658972053,0.9843545965835553,True,True,0,0.0033741031058697746,-0.0192047310771989,0.9833304868485981
30.0,3.0,36,N=10k rejuv KL=0.02,10000,True,0.02,True,7503.197649969538,0.0017505235160462935,14,12668,True,True,0,0.00833306186173266,-0.015286869572970097,0.9950483531986691,True,True,0,0.0043031936734978515,-0.0004367828704723327,1.0067350947995812,True,True,0,0.0021785985667271968,0.0015526440176544217,1.007223680254801
30.0,3.0,38,N=10k rejuv,10000,True,0.1,True,8220.996594980192,0.0007893515590562057,8,8483,True,True,0,0.009815802561651321,-0.027524353280653373,1.0118679172636433,True,True,0,-0.00902236805519352,0.009191723289398823,1.0097086210598285,True,True,0,-0.007530733799904099,0.01291921248995747,1.0083220793480998
30.0,3.0,38,N=40k rejuv,40000,True,0.1,True,33507.396635613964,0.00045212270054462644,8,30907,True,True,0,-0.0029180261546777886,0.002505566663314113,0.9915576444436366,True,True,0,0.002563472963017732,0.0008337820711757199,0.9949014984672654,True,True,0,0.0022951295182830345,0.0005600509227961103,0.9952477748024314
30.0,3.0,38,N=160k rejuv,160000,True,0.1,True,131206.12079073756,0.0004024875996274218,8,131543,True,True,0,0.0020465812637964764,0.00015943684616679838,1.000177136651141,True,True,0,-0.00028580654516585646,0.00033384938038050525,1.0005040160667091,True,True,0,-0.0005746222024699543,0.0003274551810345731,1.0002561599414252
30.0,3.0,38,N=10k no-rejuv,10000,False,inf,True,832.1328219369879,0.0024189130805666375,0,0,True,True,0,-0.0238845247630608,0.04882493767239186,0.9924352513421237,True,True,0,-0.004862045158781636,0.0002626940664201478,0.9772831977267508,True,True,0,-0.002148082310155064,-0.005698968858415513,0.9776226350800636
30.0,3.0,38,N=10k rejuv KL=0.02,10000,True,0.02,True,8555.800712062004,0.0006176957723466492,16,14826,True,True,0,0.00742489852306194,-0.009606066971521426,0.9985615332519762,True,True,0,-0.0007736352419172032,0.010396532809733508,0.9962073746471545,True,True,0,-0.0014268255489389148,0.011979665312824328,0.9950005880228401
30.0,3.0,37,N=10k rejuv,10000,True,0.1,True,9543.62022539546,0.0008602047249013058,10,10771,True,True,0,-0.0020974243686242566,0.0030807054604543144,0.9947509390823701,True,True,0,0.0005978838014628618,0.004663072097432787,0.9865852318280792,True,True,0,0.0021706591415926457,0.004467431765896076,0.9849799510216568
30.0,3.0,37,N=40k rejuv,40000,True,0.1,True,37837.638863047,0.00041640208414652294,10,38198,True,True,0,-0.0013118907652087675,-0.0007141753961382464,1.0092518068254301,True,True,0,-0.0026158993377034534,0.0013993334060359826,1.0054822684808877,True,True,0,-0.0034592036460259212,0.0015128877322730736,1.0056958802111113
30.0,3.0,37,N=160k rejuv,160000,True,0.1,True,151611.94292260145,0.00012748447948860773,10,169874,True,True,0,-0.0005941069752368744,0.004016819478632839,0.9971172989499384,True,True,0,-0.0011942928878767578,0.001882146021644965,1.0069258783707977,True,True,0,-0.00115240991298049,0.0015116311365755669,1.006670801320771
30.0,3.0,37,N=10k no-rejuv,10000,False,inf,True,858.8437499624738,0.0023396157569291563,0,0,True,True,0,0.0021493998585673246,-0.011790971143502195,0.9866420634731116,True,True,0,0.011497449937894588,-0.010366010411886206,1.0048900511272294,True,True,0,0.013041713276509492,-0.009411516067543159,1.0046190934139518
30.0,3.0,37,N=10k rejuv KL=0.02,10000,True,0.02,True,9465.741972446545,0.0007588026702000647,15,14821,True,True,0,0.0002825207918837336,0.0035484845319407932,0.9984409182147824,True,True,0,-0.0077892888824162565,0.009853990648081077,1.026317079809403,True,True,0,-0.002402050514227261,0.009751907274035751,1.0266248692969218
30.0,3.0,39,N=10k rejuv,10000,True,0.1,True,3043.6772792460074,0.006113952377818582,7,8416,True,True,0,-0.006165695051923353,0.036843538871768784,1.0120771592828068,True,True,0,-0.015402734188960487,0.016973189932559887,0.9807668830329932,True,True,0,-0.007543891389722002,0.01270831293548611,0.9833407728020209
30.0,3.0,39,N=40k rejuv,40000,True,0.1,True,10992.349450229958,0.003082422409928902,7,35193,True,True,0,0.0011931210892454358,-0.009457097315243477,0.9912514035250266,True,True,0,0.0046937586080001426,-0.003011103120817182,1.0031775623577968,True,True,0,0.002622022344143382,-0.0018384739265045053,1.003290024135032
30.0,3.0,39,N=160k rejuv,160000,True,0.1,True,42801.40315860153,0.001421660781942492,7,146925,True,True,0,-0.0003503392851596232,-0.001116058283558654,0.9982641266021706,True,True,0,-0.0005994613039188024,-7.18202908321822e-05,0.9982586464495009,True,True,0,-0.00041410372779560056,8.29807673493262e-05,0.9982535295002951
30.0,3.0,39,N=10k no-rejuv,10000,False,inf,True,897.5203481296923,0.002232833153433479,0,0,True,True,0,0.002240538050613833,-0.0026393574302976956,1.0047422499521736,True,True,0,0.009569557530142159,-0.030009157020786874,0.995175759401324,True,True,0,0.022270555718775953,-0.031370717244689275,0.9903011070637829
30.0,3.0,39,N=10k rejuv KL=0.02,10000,True,0.02,True,2313.8010311970365,0.005371246009567358,12,14599,True,True,0,-0.0005458817186192733,0.0005425761080908269,0.9944169167790228,True,True,0,0.00406579578348909,-0.0017884903952164162,1.0160679720875452,True,True,0,0.0008307356028073309,-0.0019693198162906195,1.0179594219852044
30.0,3.0,40,N=10k rejuv,10000,True,0.1,True,2915.436116983533,0.004219873296535194,8,9094,True,True,0,-0.004295289242474576,0.005902451681324386,1.003197645512374,True,True,0,-0.013143194805783853,0.026835520000991733,0.9839263302322933,True,True,0,-0.014210344114955892,0.027874005062770234,0.9834405715948499
30.0,3.0,40,N=40k rejuv,40000,True,0.1,True,7710.195518650438,0.007021327705469322,8,39347,True,True,0,0.0007889424629226038,-0.0031098023313613473,1.00050851710028,True,True,0,0.001286684023362572,0.0024260984161910398,1.00097937940924,True,True,0,-0.0019878420462697277,0.0031272768409477195,1.0005229185610218
30.0,3.0,40,N=160k rejuv,160000,True,0.1,True,39187.93483724866,0.0010786041372508517,8,164093,True,True,0,-0.0008172239206633014,0.0009334979990972702,1.000293291684063,True,True,0,-0.0015774150798814057,0.0007149377035009625,1.0000614265869414,True,True,0,-0.0005684712645937784,0.00061321785177058,1.0004633236598692
30.0,3.0,40,N=10k no-rejuv,10000,False,inf,True,1015.2022138726144,0.001925507909674253,0,0,True,True,0,0.016830466920716547,-0.05919275545291862,1.0001535902353715,True,True,0,0.03385360442816965,-0.04957136729700978,0.9844181716901561,True,True,0,0.0111696829285311,-0.04344068213895594,0.9843623454312067
30.0,3.0,40,N=10k rejuv KL=0.02,10000,True,0.02,True,12.89561000489888,0.2776675253567748,9,9679,True,True,0,0.03519198534301582,-0.033852904808245175,0.8383720476086988,True,True,0,0.203801304471932,-0.5292050719773186,1.1514490311888987,True,True,0,0.23387487613981023,-0.5634431581617931,1.185620896780913
30.0,3.0,41,N=10k rejuv,10000,True,0.1,True,1331.6385685559314,0.010614211706558132,9,12801,True,True,0,-0.012890374995646825,0.004817675426466165,1.0320978967182521,True,True,0,0.011092163804452992,-0.004970906008882903,0.985880672141686,True,True,0,0.006523841952737197,-0.006031575900748626,0.9844571560478794
30.0,3.0,41,N=40k rejuv,40000,True,0.1,True,629.4108435877517,0.037128593857837795,8,41764,True,True,0,0.009494659042300957,0.0228736617396757,0.9703922222975057,True,True,0,0.02988910464202521,-0.06208894344124157,0.9924585487983079,True,True,0,0.03230155320775402,-0.06950167156237085,1.001061447767403
30.0,3.0,41,N=160k rejuv,160000,True,0.1,True,23062.003792387437,0.0011526782554338844,8,166768,True,True,0,0.0009260708079851243,-0.002847575506089136,1.0005777717463695,True,True,0,-0.007067994354402418,0.016735719569777627,0.9942011265185307,True,True,0,-0.00893572485586308,0.01821471760696665,0.992059233661639
30.0,3.0,41,N=10k no-rejuv,10000,False,inf,True,1025.6199284000716,0.0018262584180000708,0,0,True,True,0,0.011325025262694521,-0.05009391548032371,0.9660556443388794,True,True,0,0.025905761883722622,-0.04628137425543092,0.9762700505916214,True,True,0,0.011573683500659127,-0.04130264116702839,0.9762218900749355
30.0,3.0,41,N=10k rejuv KL=0.02,10000,True,0.02,True,1486.7869493793787,0.0066507838109051065,11,13936,True,True,0,-0.0015838368872856945,0.03303627529435269,1.0071908666598217,True,True,0,-0.0077866895450176,0.01975863987965402,0.9705692299176493,True,True,0,-0.0036452736183006373,0.015810542359787315,0.9700155416738936
30.0,3.0,42,N=10k rejuv,10000,True,0.1,True,9533.755168242686,0.0005774150349621639,9,8278,True,True,0,0.002173172505961718,-0.006771030331686428,0.9946221610756572,True,True,0,0.00028866333588373205,-0.0036798379848126794,1.004775853803049,True,True,0,0.004419333504565193,-0.0029660128686860555,1.0046662645478788
30.0,3.0,42,N=40k rejuv,40000,True,0.1,True,37165.74250087928,0.0005752088084187144,9,35120,True,True,0,-0.00023396316817647644,-0.0020816883455910475,1.0028894206235472,True,True,0,0.0010869092930406166,0.0005781738736339114,1.0009649607372175,True,True,0,0.001660040275834107,0.0008788314460684154,1.0010778005388072
30.0,3.0,42,N=160k rejuv,160000,True,0.1,True,151098.22850788163,0.00011095001951048712,9,149192,True,True,0,-0.00045806950237503585,0.002375806012819288,0.9982620193806279,True,True,0,-0.0009408833084609824,0.001113207397633802,1.0003424975655288,True,True,0,-0.0005952675579639632,0.0008542886588138255,1.0005975405076932
30.0,3.0,42,N=10k no-rejuv,10000,False,inf,True,945.0612623458437,0.002132030586251712,0,0,True,True,0,0.003441069541404773,-0.03718179032577028,1.0216024002464066,True,True,0,0.006428523606015923,0.0018606959103719448,1.0236448029955187,True,True,0,0.013224743774728376,0.006828714486949418,1.0275706850664361
30.0,3.0,42,N=10k rejuv KL=0.02,10000,True,0.02,True,8655.06380497928,0.003506452895013357,12,11507,True,True,0,0.000609375809372481,-0.007989320790565399,0.9939349022575946,True,True,0,0.005405710954783205,-0.026868602575792745,0.9952203528426707,True,True,0,0.004427609843395297,-0.02709632346020427,0.9928707200488734
30.0,3.0,43,N=10k rejuv,10000,True,0.1,True,4985.579530393687,0.0038388065940426217,8,9903,True,True,0,0.005002889290492862,0.0006436021715658674,0.9993791347106327,True,True,0,-0.0034007444973378487,0.00045949638991428445,1.007171223517139,True,True,0,-0.003359980999334433,0.0003998892840740903,1.005698589693039
30.0,3.0,43,N=40k rejuv,40000,True,0.1,True,19464.593247979064,0.0011602899186148234,8,37191,True,True,0,-0.00016930776340040588,-3.115819717104775e-05,0.9943403555000145,True,True,0,0.005268695347687924,-0.0026138465152922255,0.9998084679929294,True,True,0,0.005286905399988218,-0.0027360621335264894,0.9997764009054231
30.0,3.0,43,N=160k rejuv,160000,True,0.1,True,82433.27600050038,0.0003476262312865897,8,143635,True,True,0,-0.000666973887985034,0.0012208793878401153,1.0008323400593329,True,True,0,-0.002867696453848767,0.004830410884252426,1.0000226688229612,True,True,0,-0.002748745587691559,0.004908436430514111,1.0003249896752684
30.0,3.0,43,N=10k no-rejuv,10000,False,inf,True,857.4195261612681,0.0025017743026770917,0,0,True,True,0,-0.009130404931391334,0.020190647462927903,1.018597670220544,True,True,0,-0.01586496014958705,0.042610922894252355,1.048874601058798,True,True,0,-0.015104215372980234,0.0421020379024409,1.0496454273771558
30.0,3.0,43,N=10k rejuv KL=0.02,10000,True,0.02,True,5046.488349746131,0.003119740071448314,17,12390,True,True,0,-0.007492406127298734,0.004344773633887967,1.0069974557962855,True,True,0,-0.00823001344524421,0.0092851109332745,0.9886063494520413,True,True,0,-0.0072185759489000745,0.009181193983913346,0.9882619691121498
30.0,3.0,44,N=10k rejuv,10000,True,0.1,True,5033.58879258743,0.0023274991288281606,8,9620,True,True,0,0.002524759308110025,0.005630905545011455,0.9887404384579147,True,True,0,0.006365165276756901,0.0011431679433072978,0.9812843699147955,True,True,0,0.003471676163872117,0.000350971620037597,0.9824712538287274
30.0,3.0,44,N=40k rejuv,40000,True,0.1,True,18872.587264786653,0.0018837773052541467,8,41553,True,True,0,-0.0045983943251514114,0.000831161298291115,1.0019187969771752,True,True,0,-0.0003084466256733087,0.003492148095628465,0.9929886600231869,True,True,0,0.000334051722469364,0.0036067134400429466,0.99177486512293
30.0,3.0,44,N=160k rejuv,160000,True,0.1,True,4751.8664798361515,0.013999976136512845,8,166893,True,True,0,-0.012008638536167182,0.027681775032443248,1.0079854047024468,True,True,0,0.00230284427999794,-0.00426449304159652,0.9931257700421952,True,True,0,0.0034385931468086106,-0.008847480291450752,0.9967806431114422
30.0,3.0,44,N=10k no-rejuv,10000,False,inf,True,798.0727889801364,0.0025051586860775983,0,0,True,True,0,0.003273463245674235,-0.026117444274762286,0.9973394511394551,True,True,0,0.016006730646849876,-0.013693419848154396,1.0227764474500534,True,True,0,0.013559735640549464,-0.010603532680835281,1.025290535425802
30.0,3.0,44,N=10k rejuv KL=0.02,10000,True,0.02,True,4892.767841423036,0.0027956317988408388,10,11160,True,True,0,0.010419046402159737,-0.01848318578269585,0.9977728868657396,True,True,0,-0.003680816062617498,0.001161131493747031,1.0006357508996306,True,True,0,-0.003911646753187337,0.004103741315505892,0.9995517079316344
30.0,3.0,45,N=10k rejuv,10000,True,0.1,True,5935.219121945061,0.0011092592690255857,8,11174,True,True,0,0.005800010042299575,-0.0015201762763833026,0.9950259646341609,True,True,0,-0.00034108336810512174,0.01577839289675927,1.0034692101668288,True,True,0,-0.0018693184804491336,0.016983377353267968,1.004381184703984
30.0,3.0,45,N=40k rejuv,40000,True,0.1,True,20379.24301105425,0.001584912380131057,8,44780,True,True,0,0.0014550241496160687,-0.008265228736622186,1.0075779493740409,True,True,0,-0.001260707525950977,0.004781866248736709,1.0003275707708996,True,True,0,-0.0017473403907213303,0.00623363868688715,0.9985545953277069
30.0,3.0,45,N=160k rejuv,160000,True,0.1,True,72038.32056897078,0.0007470110449676909,8,169808,True,True,0,-0.0002733883115926261,-0.0014790072739447751,1.0041575183916087,True,True,0,-0.002641876771875329,0.0038329943263766568,1.0028353328475657,True,True,0,-0.0025993411090925456,0.004280217616995008,1.0024296233305479
30.0,3.0,45,N=10k no-rejuv,10000,False,inf,True,825.6649905176174,0.0023915559819563553,0,0,True,True,0,0.008675014743961262,0.05479465806926976,0.9830459406241517,True,True,0,0.009149784336559552,0.016467793554106335,0.9765416835031971,True,True,0,0.00603858731637108,0.009875741092999756,0.9809426420735369
30.0,3.0,45,N=10k rejuv KL=0.02,10000,True,0.02,True,5025.502761156332,0.0029606342128033905,10,12139,True,True,0,-0.010385834768013469,0.013216797615187466,1.0157914573117124,True,True,0,-0.004504497696589338,0.007177741972255816,1.0065042254983532,True,True,0,-0.0024543947763200347,0.005789510838128011,1.0050272457594307
30.0,3.0,46,N=10k rejuv,10000,True,0.1,True,3882.0685923820693,0.004660586472479353,7,8458,True,True,0,-0.0011294521428586446,-0.004290221644675764,0.9984080603136797,True,True,0,0.004949621590036646,-0.012939734834255132,1.006904665831465,True,True,0,0.005653864083870697,-0.01319902247475863,1.0092711003142838
30.0,3.0,46,N=40k rejuv,40000,True,0.1,True,19840.733651426202,0.0008109478303866113,7,37384,True,True,0,-0.006174264830770104,0.0034992691611742594,1.0031146750496394,True,True,0,-0.001652165299775854,0.008901623132211404,0.9960655815736464,True,True,0,-0.0019125404396496126,0.008995821133341441,0.9961554810008336
30.0,3.0,46,N=160k rejuv,160000,True,0.1,True,67233.7436879728,0.0010926261617211037,7,153520,True,True,0,0.002035074818714011,-0.002750447060969171,0.9986793749557055,True,True,0,0.0004563425686823219,-0.0027490813670277194,1.0021199711328659,True,True,0,8.503958299432846e-06,-0.002521646484773443,1.0018775896145837
30.0,3.0,46,N=10k no-rejuv,10000,False,inf,True,865.2236388786717,0.0023467387382335304,0,0,True,True,0,-0.007806231732719104,0.043580760113442446,1.0006949620737002,True,True,0,-0.007065260717187272,0.024004705271420866,0.9867810947939509,True,True,0,-0.001502613723391777,0.01901313932060478,0.9852891073133092
30.0,3.0,46,N=10k rejuv KL=0.02,10000,True,0.02,True,4249.084993262909,0.007082877468947721,11,14741,True,True,0,0.012769880504174047,-0.01720942873235997,1.0057758034827997,True,True,0,-0.0033695976918828308,0.0058900144624826145,1.0132526523171879,True,True,0,-0.004330303103794897,0.008951931397290199,1.0120915070615872
30.0,3.0,47,N=10k rejuv,10000,True,0.1,True,9629.358525472524,0.0005404593444072927,8,8622,True,True,0,0.0018712530408055983,-0.004472912203659423,1.000964427256223,True,True,0,0.00010941624056703958,0.00578214946685334,1.002179504977992,True,True,0,0.001324481748755213,0.006715896561869107,1.0027622818857476
30.0,3.0,47,N=40k rejuv,40000,True,0.1,True,37312.44007832865,0.0006757570640764625,8,36782,True,True,0,0.00021770310486246558,0.0024569105295433693,1.0005977609911876,True,True,0,-0.0012024198486243476,0.003474199710205802,1.0031241899096088,True,True,0,-0.00022909947563443112,0.0033349805584526543,1.0027037722139707
30.0,3.0,47,N=160k rejuv,160000,True,0.1,True,151529.2519119222,0.00022777332692855144,8,149228,True,True,0,-8.107664133272241e-05,0.002942716719988962,1.0004410860216577,True,True,0,-0.00045595507882933983,0.0018984974539080863,0.9987452659553643,True,True,0,-0.0007967020024918225,0.0016046124982592397,0.9984704838110127
30.0,3.0,47,N=10k no-rejuv,10000,False,inf,True,804.1235382838782,0.0025075136581791096,0,0,True,True,0,0.0012719101812601608,-0.013671126557708432,0.9828980584759429,True,True,0,0.007777295790385885,-0.007804138393850744,0.9922471305293691,True,True,0,0.007787173174287232,-0.0063817445239096856,0.9923112699225295
30.0,3.0,47,N=10k rejuv KL=0.02,10000,True,0.02,True,9562.790101012692,0.000582077210786365,11,11851,True,True,0,-0.0033598783954944533,0.009761318610717381,1.0101333585312056,True,True,0,-0.0004935511068017151,0.002913227940939702,1.021363169328193,True,True,0,0.0004560866308084277,0.0017482162825516333,1.0221959703330876
30.0,3.0,48,N=10k rejuv,10000,True,0.1,True,8707.591969114686,0.0021150123352368377,8,9785,True,True,0,-0.0010017923395434503,0.002421257133663688,1.000120917744964,True,True,0,-0.0016241862691324105,0.003577273920388826,0.9933063538001098,True,True,0,-0.0007217236845517006,0.003422997031340795,0.9905553326620044
30.0,3.0,48,N=40k rejuv,40000,True,0.1,True,35548.429273933885,0.000617576777556629,8,38763,True,True,0,0.0008694221873274399,0.007385809398989849,0.996413622031287,True,True,0,0.0017573181884503741,0.0036930182305778656,0.999318678936194,True,True,0,0.0007904002823209133,0.0027841190722380847,0.9992053106480935
30.0,3.0,48,N=160k rejuv,160000,True,0.1,True,145444.85696498468,0.00014033313119153788,8,159747,True,True,0,-0.0005921225885996417,0.00034700366417678223,1.0020394583946013,True,True,0,5.726410861650599e-05,0.0008391368578287677,1.0014540716556535,True,True,0,-0.0003258062400168793,0.0008368467845983993,1.0011192817176042
30.0,3.0,48,N=10k no-rejuv,10000,False,inf,True,934.8758056574092,0.002166039402063419,0,0,True,True,0,-0.0021761550715866385,0.02067863014193984,1.0084299992972365,True,True,0,-0.014178772853300492,0.029755357239963066,1.0087393653318817,True,True,0,-0.019586017297493763,0.02838942462030919,1.0071540552360636
30.0,3.0,48,N=10k rejuv KL=0.02,10000,True,0.02,True,8676.023176144414,0.0012599284609667654,9,11388,True,True,0,0.002547588900006059,-0.007322418040889153,0.9957117487449757,True,True,0,0.0007570139930437314,-0.004581069666347187,1.0172808448310255,True,True,0,0.000666415681473187,-0.003735811975418525,1.016364031446323
30.0,3.0,49,N=10k rejuv,10000,True,0.1,True,3197.015072589737,0.0031953303018133817,7,8807,True,True,0,-0.00312485802364193,0.010274204154205456,1.0115335239945977,True,True,0,-0.0022864398477847603,0.021853504788864126,0.9928633215087621,True,True,0,-0.010199129612806612,0.021806257861213783,0.9918612672890891
30.0,3.0,49,N=40k rejuv,40000,True,0.1,True,11523.929731533413,0.002185908666082541,7,36663,True,True,0,0.0011472531848312206,-0.015114400073903548,0.9981236566923275,True,True,0,0.00014935163089735415,0.007110618158100133,1.0012628648914377,True,True,0,-0.004663596245044144,0.009873027252774488,1.000413901026519
30.0,3.0,49,N=160k rejuv,160000,True,0.1,True,33654.22821227683,0.0017333004986359462,7,136216,True,True,0,-0.0001255483169074756,0.0017958252757342822,1.003021761602639,True,True,0,0.0022069129978405932,-0.004470827971465622,0.9987746161028936,True,True,0,0.005497285879972891,-0.005047760478271443,0.9989562759507229
30.0,3.0,49,N=10k no-rejuv,10000,False,inf,True,1005.0193541049722,0.0019893915147125452,0,0,True,True,0,0.01170395967879323,-0.03325029122509134,0.9927085418939199,True,True,0,0.0057619441235134405,-0.007936152952514928,0.9898187070119383,True,True,0,-0.008144040524501739,-0.003476444051860263,0.988684149521731
30.0,3.0,49,N=10k rejuv KL=0.02,10000,True,0.02,True,3118.447511272811,0.003176666949845229,11,12530,True,True,0,0.001601969834979844,-0.008166528388134116,1.0043706770796086,True,True,0,-0.011143439895040963,-0.004920031043285962,0.997580299963633,True,True,0,0.0008932586691977606,-0.004028470699700783,0.9948366656909988
