setting,policy,n,target,estimator,mse,mse_se,bias,rmse,n_used,n_total,coverage,coverage_se,mean_width
probit_dep_well,dror_steinberg,20,mu,bayes,1.1578078513417918,0.10261662952509797,0.016284281265497056,1.0760148007075887,250,250,0.948,0.014042222046385685,4.738127763718932
probit_dep_well,dror_steinberg,20,sigma,bayes,1.1041180862760962,0.10490370793888006,-0.03819012967675066,1.0507702347688082,250,250,0.964,0.011782020200288238,6.1420842442623735
probit_dep_well,dror_steinberg,20,q0.5,bayes,1.1578078513417918,0.10261662952509797,0.016284281265497056,1.0760148007075887,250,250,0.948,0.014042222046385685,4.738127763718932
probit_dep_well,dror_steinberg,20,q0.95,bayes,4.137944348936302,0.41345324721869076,-0.04064272516375753,2.034193783526118,250,250,0.972,0.010433791257256401,11.474830200725355
probit_dep_well,dror_steinberg,20,q0.99,bayes,7.1162676373316485,0.7209077333511851,-0.0686879248845825,2.667633340122223,250,250,0.968,0.011131217363792701,15.380069096010049
probit_dep_well,dror_steinberg,20,mu,mle,1.2624371242020584,0.11313417241889562,-0.012292656521912661,1.1235822730009843,250,250,,,
probit_dep_well,dror_steinberg,20,sigma,mle,1.3733106197975655,0.10916586838711476,-0.3928694632889482,1.1718833644171103,250,250,,,
probit_dep_well,dror_steinberg,20,q0.5,mle,1.2624371242020584,0.11313417241889562,-0.012292656521912661,1.1235822730009843,250,250,,,
probit_dep_well,dror_steinberg,20,q0.95,mle,4.84345443702326,0.4318225683644026,-0.658505418131221,2.2007849592868585,250,250,,,
probit_dep_well,dror_steinberg,20,q0.99,mle,8.504374869497694,0.7513184423377022,-0.9262436972197263,2.916226134835516,250,250,,,
probit_dep_well,dror_steinberg,20,q0.01,bayes,,,,,0,250,,,
probit_dep_well,dror_steinberg,20,q0.05,bayes,,,,,0,250,,,
probit_dep_well,dror_steinberg,20,q0.01,mle,,,,,0,250,,,
probit_dep_well,dror_steinberg,20,q0.05,mle,,,,,0,250,,,
probit_dep_well,dror_steinberg,30,mu,bayes,0.800024437872252,0.06385445681674112,0.06668715972347973,0.8944408520814845,250,250,0.936,0.01547953487673321,3.772281733003284
probit_dep_well,dror_steinberg,30,sigma,bayes,0.7697469092155983,0.06342611177376671,0.018024096034833317,0.8773522150286043,250,250,0.968,0.011131217363792701,4.483325910682528
probit_dep_well,dror_steinberg,30,q0.5,bayes,0.800024437872252,0.06385445681674112,0.06668715972347973,0.8944408520814845,250,250,0.936,0.01547953487673321,3.772281733003284
probit_dep_well,dror_steinberg,30,q0.95,bayes,2.7929578204172283,0.2573526152235359,0.10341286566410096,1.6712144746911535,250,250,0.952,0.013519763311537675,8.446586064637525
probit_dep_well,dror_steinberg,30,q0.99,bayes,4.835929553564523,0.4401252128405609,0.11281622433405161,2.19907470395267,250,250,0.96,0.01239354670786374,11.260657459290817
probit_dep_well,dror_steinberg,30,mu,mle,0.8463370406015759,0.06823491017400247,0.0501394035966463,0.919965782299307,250,250,,,
probit_dep_well,dror_steinberg,30,sigma,mle,0.8454658945575526,0.06598295304743464,-0.21834033209254833,0.9194921938535164,250,250,,,
probit_dep_well,dror_steinberg,30,q0.5,mle,0.8463370406015759,0.06823491017400247,0.0501394035966463,0.919965782299307,250,250,,,
probit_dep_well,dror_steinberg,30,q0.95,mle,2.9359560201491424,0.26683894439493644,-0.30899848355557413,1.7134631656820472,250,250,,,
probit_dep_well,dror_steinberg,30,q0.99,mle,5.1421204917830785,0.4580900758383506,-0.4577961637842273,2.2676244159434953,250,250,,,
probit_dep_well,dror_steinberg,30,q0.01,bayes,,,,,0,250,,,
probit_dep_well,dror_steinberg,30,q0.05,bayes,,,,,0,250,,,
probit_dep_well,dror_steinberg,30,q0.01,mle,,,,,0,250,,,
probit_dep_well,dror_steinberg,30,q0.05,mle,,,,,0,250,,,
probit_dep_well,entropy_vector,20,mu,bayes,1.1036991779837806,0.09754496818817228,0.011874576723217345,1.0505708819417092,250,250,0.972,0.010433791257256401,4.605479112314501
probit_dep_well,entropy_vector,20,sigma,bayes,1.0645538165781794,0.11175366825184133,-0.09928327499461168,1.0317721728066616,250,250,0.98,0.008854377448471465,6.004348820813695
probit_dep_well,entropy_vector,20,q0.5,bayes,1.1036991779837806,0.09754496818817228,0.011874576723217345,1.0505708819417092,250,250,0.972,0.010433791257256401,4.605479112314501
probit_dep_well,entropy_vector,20,q0.95,bayes,3.9898165233400116,0.3626342274039857,-0.14291759237325327,1.9974525084066483,250,250,0.972,0.010433791257256401,10.996785476638157
probit_dep_well,entropy_vector,20,q0.99,bayes,6.869451647952612,0.6556690916001692,-0.21404535276861525,2.6209638776512376,250,250,0.988,0.006886508549330352,14.883235147412686
probit_dep_well,entropy_vector,20,mu,mle,1.1791609468980122,0.1058844099667026,0.0021440999212343284,1.0858917749472146,250,250,,,
probit_dep_well,entropy_vector,20,sigma,mle,1.3254135788567718,0.12027621407281282,-0.44281544130868944,1.1512660764813545,250,250,,,
probit_dep_well,entropy_vector,20,q0.5,mle,1.1791609468980122,0.1058844099667026,0.0021440999212343284,1.0858917749472146,250,250,,,
probit_dep_well,entropy_vector,20,q0.95,mle,4.629729859462276,0.38222561629286583,-0.7262224847854837,2.151680705741973,250,250,,,
probit_dep_well,entropy_vector,20,q0.99,mle,8.160667411589332,0.6935094473192455,-1.027998660559695,2.856688189423083,250,250,,,
probit_dep_well,entropy_vector,20,q0.01,bayes,,,,,0,250,,,
probit_dep_well,entropy_vector,20,q0.05,bayes,,,,,0,250,,,
probit_dep_well,entropy_vector,20,q0.01,mle,,,,,0,250,,,
probit_dep_well,entropy_vector,20,q0.05,mle,,,,,0,250,,,
probit_dep_well,entropy_vector,30,mu,bayes,0.7634441815909254,0.06673688027230427,-0.003869708829573085,0.873752929374732,250,250,0.948,0.014042222046385685,3.6219561260321296
probit_dep_well,entropy_vector,30,sigma,bayes,0.722997365196838,0.06508028439175727,-0.10151371152828371,0.850292517429642,250,250,0.944,0.014541526742402262,4.245143245103238
probit_dep_well,entropy_vector,30,q0.5,bayes,0.7634441815909254,0.06673688027230427,-0.003869708829573085,0.873752929374732,250,250,0.948,0.014042222046385685,3.6219561260321296
probit_dep_well,entropy_vector,30,q0.95,bayes,2.714585520404327,0.22738437465596198,-0.15949735988386363,1.6475999272894883,250,250,0.952,0.013519763311537675,7.890743072977897
probit_dep_well,entropy_vector,30,q0.99,bayes,4.670406142536384,0.39996921618963466,-0.23156398664622835,2.161112246630513,250,250,0.948,0.014042222046385685,10.538680438074572
probit_dep_well,entropy_vector,30,mu,mle,0.7961547528193116,0.07010876626368892,-0.009306808963648237,0.892275043257017,250,250,,,
probit_dep_well,entropy_vector,30,sigma,mle,0.8469464515846822,0.0684184822316646,-0.32866883418892495,0.9202969366376714,250,250,,,
probit_dep_well,entropy_vector,30,q0.5,mle,0.7961547528193116,0.07010876626368892,-0.009306808963648237,0.892275043257017,250,250,,,
probit_dep_well,entropy_vector,30,q0.95,mle,3.0206544522158256,0.2464085892096285,-0.5499189329452168,1.738003006963977,250,250,,,
probit_dep_well,entropy_vector,30,q0.99,mle,5.285049844361703,0.4330920007061279,-0.7739048526425384,2.298923627344263,250,250,,,
probit_dep_well,entropy_vector,30,q0.01,bayes,,,,,0,250,,,
probit_dep_well,entropy_vector,30,q0.05,bayes,,,,,0,250,,,
probit_dep_well,entropy_vector,30,q0.01,mle,,,,,0,250,,,
probit_dep_well,entropy_vector,30,q0.05,mle,,,,,0,250,,,
probit_dep_well,entropy_mu,20,mu,bayes,0.8226508758352452,0.08553502837488848,-0.03770923690063073,0.9070010340871972,250,250,0.976,0.009679669415842676,4.891120184096235
probit_dep_well,entropy_mu,20,sigma,bayes,1.41750183404026,0.12818745392741795,0.009521599161655346,1.190588860203328,250,250,0.988,0.006886508549330352,8.72427391754618
probit_dep_well,entropy_mu,20,q0.5,bayes,0.8226508758352452,0.08553502837488848,-0.03770923690063073,0.9070010340871972,250,250,0.976,0.009679669415842676,4.891120184096235
probit_dep_well,entropy_mu,20,q0.95,bayes,4.867768951994818,0.3853648025767548,-0.03483671875116495,2.206302098987085,250,250,0.992,0.005634181395730885,15.83932757081341
probit_dep_well,entropy_mu,20,q0.99,bayes,8.786759289836715,0.7100980349279349,-0.025775863655370757,2.9642468334868326,250,250,0.992,0.005634181395730885,21.588627932079937
probit_dep_well,entropy_mu,20,mu,mle,0.8840569824363222,0.09894110705469496,-0.0955702913694912,0.9402430443434944,250,250,,,
probit_dep_well,entropy_mu,20,sigma,mle,1.7875224665643845,0.126594456927528,-0.5734400490462438,1.336982597704392,250,250,,,
probit_dep_well,entropy_mu,20,q0.5,mle,0.8840569824363222,0.09894110705469496,-0.0955702913694912,0.9402430443434944,250,250,,,
probit_dep_well,entropy_mu,20,q0.95,mle,5.884363715693409,0.3927284607898396,-1.0387952358824388,2.425770746730492,250,250,,,
probit_dep_well,entropy_mu,20,q0.99,mle,10.79001127513135,0.7003140059635908,-1.4295913303580985,3.28481525738227,250,250,,,
probit_dep_well,entropy_mu,20,q0.01,bayes,,,,,0,250,,,
probit_dep_well,entropy_mu,20,q0.05,bayes,,,,,0,250,,,
probit_dep_well,entropy_mu,20,q0.01,mle,,,,,0,250,,,
probit_dep_well,entropy_mu,20,q0.05,mle,,,,,0,250,,,
probit_dep_well,entropy_mu,30,mu,bayes,0.5531633873350394,0.050858430479076025,-0.04414207214621346,0.743749546107451,250,250,0.984,0.00793574193128784,3.740373041564808
probit_dep_well,entropy_mu,30,sigma,bayes,1.215710513033813,0.13189508341028305,0.0004254300763940719,1.1025926324050117,250,250,0.968,0.011131217363792701,6.6124663008637565
probit_dep_well,entropy_mu,30,q0.5,bayes,0.5531633873350394,0.050858430479076025,-0.04414207214621346,0.743749546107451,250,250,0.984,0.00793574193128784,3.740373041564808
probit_dep_well,entropy_mu,30,q0.95,bayes,3.9264706441103514,0.4235993052185701,-0.048382131274562624,1.9815323979461834,250,250,0.98,0.008854377448471465,12.028782642328872
probit_dep_well,entropy_mu,30,q0.99,bayes,7.250047486273191,0.7898868470763627,-0.04722422597447192,2.6925912215323717,250,250,0.976,0.009679669415842676,16.370141186110015
probit_dep_well,entropy_mu,30,mu,mle,0.5782172177968522,0.0533982694593088,-0.09335563313316907,0.7604059559188449,250,250,,,
probit_dep_well,entropy_mu,30,sigma,mle,1.4009513870506836,0.12296859716915634,-0.4340983347406925,1.183617922748166,250,250,,,
probit_dep_well,entropy_mu,30,q0.5,mle,0.5782172177968522,0.0533982694593088,-0.09335563313316907,0.7604059559188449,250,250,,,
probit_dep_well,entropy_mu,30,q0.95,mle,4.509751814312962,0.4066460085892671,-0.8073838534849949,2.1236176243177494,250,250,,,
probit_dep_well,entropy_mu,30,q0.99,mle,8.359719716921925,0.7503637610359954,-1.1032193712818512,2.891317989589164,250,250,,,
probit_dep_well,entropy_mu,30,q0.01,bayes,,,,,0,250,,,
probit_dep_well,entropy_mu,30,q0.05,bayes,,,,,0,250,,,
probit_dep_well,entropy_mu,30,q0.01,mle,,,,,0,250,,,
probit_dep_well,entropy_mu,30,q0.05,mle,,,,,0,250,,,
probit_dep_well,entropy_sigma,20,mu,bayes,0.5945559634385579,0.13710298073727561,-0.006404545162928088,0.7710745511547881,250,250,0.996,0.003991991983959889,16.302696968145924
probit_dep_well,entropy_sigma,20,sigma,bayes,1.2110221262105438,0.02261336647691443,-1.0593785316695452,1.1004645047481285,250,250,1.0,0.0,5.980543367414772
probit_dep_well,entropy_sigma,20,q0.5,bayes,0.5945559634385579,0.13710298073727561,-0.006404545162928088,0.7710745511547881,250,250,0.996,0.003991991983959889,16.302696968145924
probit_dep_well,entropy_sigma,20,q0.95,bayes,2.005159971791117,0.342190202331454,-1.0235270424461975,1.4160367127271514,250,250,0.996,0.003991991983959889,19.344438902532367
probit_dep_well,entropy_sigma,20,q0.99,bayes,3.83620705608804,0.4720049696194272,-1.6132079657458107,1.958623765833561,250,250,0.996,0.003991991983959889,22.211826779364717
probit_dep_well,entropy_sigma,20,mu,mle,32.62054227507341,1.086686003493723,5.311040695508027,5.711439597428429,250,250,,,
probit_dep_well,entropy_sigma,20,sigma,mle,8.241468467354741,0.037334848088401366,-2.8237676307328616,2.8707957899082164,250,250,,,
probit_dep_well,entropy_sigma,20,q0.5,mle,32.62054227507341,1.086686003493723,5.311040695508027,5.711439597428429,250,250,,,
probit_dep_well,entropy_sigma,20,q0.95,mle,4.802181708046901,0.7657271343116783,0.6663562664289109,2.191388077919313,250,250,,,
probit_dep_well,entropy_sigma,20,q0.99,mle,6.342467942293497,1.1313966883874398,-1.25802512903271,2.5184256872684365,250,250,,,
probit_dep_well,entropy_sigma,20,q0.01,bayes,,,,,0,250,,,
probit_dep_well,entropy_sigma,20,q0.05,bayes,,,,,0,250,,,
probit_dep_well,entropy_sigma,20,q0.01,mle,,,,,0,250,,,
probit_dep_well,entropy_sigma,20,q0.05,mle,,,,,0,250,,,
probit_dep_well,entropy_sigma,30,mu,bayes,3.2102114604907475,0.27008478768468086,0.5979237407672069,1.791706298613349,250,250,0.972,0.010433791257256401,10.840220967494714
probit_dep_well,entropy_sigma,30,sigma,bayes,1.3816834997290244,0.05644819647735186,-0.6858842007158256,1.1754503391164701,250,250,0.98,0.008854377448471465,5.0955284291409555
probit_dep_well,entropy_sigma,30,q0.5,bayes,3.2102114604907475,0.27008478768468086,0.5979237407672069,1.791706298613349,250,250,0.972,0.010433791257256401,10.840220967494714
probit_dep_well,entropy_sigma,30,q0.95,bayes,4.1166223659963705,0.5696377056162061,-0.1533562267381357,2.0289461220043203,250,250,0.996,0.003991991983959889,14.37666845069166
probit_dep_well,entropy_sigma,30,q0.99,bayes,6.1486912554504025,0.8156960301062166,-0.5499068774258471,2.4796554711190026,250,250,0.992,0.005634181395730885,17.028787935672234
probit_dep_well,entropy_sigma,30,mu,mle,16.507332318680586,1.0310976161438208,2.3113877109329715,4.062921648109964,250,250,,,
probit_dep_well,entropy_sigma,30,sigma,mle,6.46008648713705,0.21285046181025122,-1.8529732005308504,2.541670019325296,250,250,,,
probit_dep_well,entropy_sigma,30,q0.5,mle,16.507332318680586,1.0310976161438208,2.3113877109329715,4.062921648109964,250,250,,,
probit_dep_well,entropy_sigma,30,q0.95,mle,10.622048107549476,1.2994672541172148,-0.7364819786040784,3.259148371515092,250,250,,,
probit_dep_well,entropy_sigma,30,q0.99,mle,18.425436459616716,1.948762360399745,-1.999272554776627,4.292486046525569,250,250,,,
probit_dep_well,entropy_sigma,30,q0.01,bayes,,,,,0,250,,,
probit_dep_well,entropy_sigma,30,q0.05,bayes,,,,,0,250,,,
probit_dep_well,entropy_sigma,30,q0.01,mle,,,,,0,250,,,
probit_dep_well,entropy_sigma,30,q0.05,mle,,,,,0,250,,,
probit_dep_well,entropy_q0.95,20,mu,bayes,1.4656524127616821,0.14444245427963784,0.1473176338741906,1.2106413229200803,250,250,0.98,0.008854377448471465,6.964278553808535
probit_dep_well,entropy_q0.95,20,sigma,bayes,1.0473785890135032,0.10511334637165787,-0.04983098020929807,1.023415159655896,250,250,0.984,0.00793574193128784,6.77844437553971
probit_dep_well,entropy_q0.95,20,q0.5,bayes,1.4656524127616821,0.14444245427963784,0.1473176338741906,1.2106413229200803,250,250,0.98,0.008854377448471465,6.964278553808535
probit_dep_well,entropy_q0.95,20,q0.95,bayes,2.4401118998876807,0.22588793685257558,0.013922333892541161,1.562085753051887,250,250,0.98,0.008854377448471465,8.654727158365459
probit_dep_well,entropy_q0.95,20,q0.99,bayes,4.494787278156726,0.44847605019211984,-0.03460458605866245,2.120091337220339,250,250,0.984,0.00793574193128784,12.530453651153827
probit_dep_well,entropy_q0.95,20,mu,mle,2.5791214292851827,0.249557883519956,0.6293454367341844,1.6059643300164492,250,250,,,
probit_dep_well,entropy_q0.95,20,sigma,mle,2.12544819554837,0.19258533344565362,-0.5890785640926813,1.4578916954110035,250,250,,,
probit_dep_well,entropy_q0.95,20,q0.5,mle,2.5791214292851827,0.249557883519956,0.6293454367341844,1.6059643300164492,250,250,,,
probit_dep_well,entropy_q0.95,20,q0.95,mle,3.040697995534391,0.2787393374685583,-0.339602575973031,1.7437597298751888,250,250,,,
probit_dep_well,entropy_q0.95,20,q0.99,mle,6.601608013727065,0.6260099971505982,-0.741056228485859,2.569359455920301,250,250,,,
probit_dep_well,entropy_q0.95,20,q0.01,bayes,,,,,0,250,,,
probit_dep_well,entropy_q0.95,20,q0.05,bayes,,,,,0,250,,,
probit_dep_well,entropy_q0.95,20,q0.01,mle,,,,,0,250,,,
probit_dep_well,entropy_q0.95,20,q0.05,mle,,,,,0,250,,,
probit_dep_well,entropy_q0.95,30,mu,bayes,1.2427081949973944,0.1190156382725855,0.07038478668159327,1.1147682247881818,250,250,0.984,0.00793574193128784,6.000426503142538
probit_dep_well,entropy_q0.95,30,sigma,bayes,0.7882051473672809,0.06894011738634943,-0.06424228363129388,0.887809184097169,250,250,0.976,0.009679669415842676,5.29660364236709
probit_dep_well,entropy_q0.95,30,q0.5,bayes,1.2427081949973944,0.1190156382725855,0.07038478668159327,1.1147682247881818,250,250,0.984,0.00793574193128784,6.000426503142538
probit_dep_well,entropy_q0.95,30,q0.95,bayes,1.6157141397526875,0.1564470326705134,-0.05232218200290234,1.2711074461872558,250,250,0.96,0.01239354670786374,6.361326841926736
probit_dep_well,entropy_q0.95,30,q0.99,bayes,3.0154075197364554,0.2837865071965265,-0.10796530748631847,1.7364928792645409,250,250,0.972,0.010433791257256401,9.260090296290455
probit_dep_well,entropy_q0.95,30,mu,mle,1.857674253573405,0.17486156068767794,0.408523435422294,1.3629652429806878,250,250,,,
probit_dep_well,entropy_q0.95,30,sigma,mle,1.2245713674247458,0.09954383130227029,-0.3990078369244018,1.1066035276578263,250,250,,,
probit_dep_well,entropy_q0.95,30,q0.5,mle,1.857674253573405,0.17486156068767794,0.408523435422294,1.3629652429806878,250,250,,,
probit_dep_well,entropy_q0.95,30,q0.95,mle,1.7749393012991286,0.1638024124893441,-0.24778605232487314,1.3322684794361566,250,250,,,
probit_dep_well,entropy_q0.95,30,q0.99,mle,3.682087129539853,0.32339123371172845,-0.5197075977324253,1.9188765279558384,250,250,,,
probit_dep_well,entropy_q0.95,30,q0.01,bayes,,,,,0,250,,,
probit_dep_well,entropy_q0.95,30,q0.05,bayes,,,,,0,250,,,
probit_dep_well,entropy_q0.95,30,q0.01,mle,,,,,0,250,,,
probit_dep_well,entropy_q0.95,30,q0.05,mle,,,,,0,250,,,
probit_dep_poor,dror_steinberg,20,mu,bayes,0.9797707400277138,0.08115464677560577,-0.17818972255106422,0.9898336931160273,250,250,0.976,0.009679669415842676,4.657787013766906
probit_dep_poor,dror_steinberg,20,sigma,bayes,1.0032891473288932,0.09578519805298913,-0.11849642650938076,1.0016432235725918,250,250,0.972,0.010433791257256401,5.9256608256110255
probit_dep_poor,dror_steinberg,20,q0.5,bayes,0.9797707400277138,0.08115464677560577,-0.17818972255106422,0.9898336931160273,250,250,0.976,0.009679669415842676,4.657787013766906
probit_dep_poor,dror_steinberg,20,q0.95,bayes,3.5027724611941067,0.32793738224034946,-0.36763824640829107,1.8715695181301994,250,250,0.964,0.011782020200288238,10.419890573514266
probit_dep_poor,dror_steinberg,20,q0.99,bayes,6.1355720495592685,0.5809820212964582,-0.4523413727740033,2.4770086898433097,250,250,0.968,0.011131217363792701,14.14817043720367
probit_dep_poor,dror_steinberg,20,mu,mle,1.0249108444544093,0.08469990476670278,0.055099244157275705,1.0123788048227844,250,250,,,
probit_dep_poor,dror_steinberg,20,sigma,mle,1.3778753396483885,0.1206176819346298,-0.4974370018539025,1.1738293486058307,250,250,,,
probit_dep_poor,dror_steinberg,20,q0.5,mle,1.0249108444544093,0.08469990476670278,0.055099244157275705,1.0123788048227844,250,250,,,
probit_dep_poor,dror_steinberg,20,q0.95,mle,4.656131511352308,0.414273392695215,-0.7631118125219855,2.1578071070770686,250,250,,,
probit_dep_poor,dror_steinberg,20,q0.99,mle,8.345089024969308,0.7371807152559096,-1.1021122675748027,2.888786773884377,250,250,,,
probit_dep_poor,dror_steinberg,20,q0.01,bayes,,,,,0,250,,,
probit_dep_poor,dror_steinberg,20,q0.05,bayes,,,,,0,250,,,
probit_dep_poor,dror_steinberg,20,q0.01,mle,,,,,0,250,,,
probit_dep_poor,dror_steinberg,20,q0.05,mle,,,,,0,250,,,
probit_dep_poor,dror_steinberg,30,mu,bayes,0.6816614201247471,0.0535335024941071,-0.12377133905600825,0.8256278944686566,250,250,0.972,0.010433791257256401,3.6737201361424328
probit_dep_poor,dror_steinberg,30,sigma,bayes,0.761218857107292,0.07986600206095783,-0.09270688920901071,0.8724785711450408,250,250,0.964,0.011782020200288238,4.285610201848252
probit_dep_poor,dror_steinberg,30,q0.5,bayes,0.6816614201247471,0.0535335024941071,-0.12377133905600825,0.8256278944686566,250,250,0.972,0.010433791257256401,3.6737201361424328
probit_dep_poor,dror_steinberg,30,q0.95,bayes,2.4822541187609857,0.24522387329658274,-0.2663785512468621,1.575517095673984,250,250,0.956,0.012971353052014278,7.77715629591178
probit_dep_poor,dror_steinberg,30,q0.99,bayes,4.433873882175832,0.4566773275879604,-0.33278961692892084,2.105676585370088,250,250,0.968,0.011131217363792701,10.48023567270008
probit_dep_poor,dror_steinberg,30,mu,mle,0.6876650162895303,0.05345323253361015,0.03313593876169065,0.8292557001851301,250,250,,,
probit_dep_poor,dror_steinberg,30,sigma,mle,0.886281321281716,0.08556600225042188,-0.32953961751896077,0.9414251543706043,250,250,,,
probit_dep_poor,dror_steinberg,30,q0.5,mle,0.6876650162895303,0.05345323253361015,0.03313593876169065,0.8292557001851301,250,250,,,
probit_dep_poor,dror_steinberg,30,q0.95,mle,2.929968965893891,0.2872008068212035,-0.5089084963385764,1.7117152116791774,250,250,,,
probit_dep_poor,dror_steinberg,30,q0.99,mle,5.264102213660338,0.5268454335297096,-0.7334878498657783,2.2943631390127277,250,250,,,
probit_dep_poor,dror_steinberg,30,q0.01,bayes,,,,,0,250,,,
probit_dep_poor,dror_steinberg,30,q0.05,bayes,,,,,0,250,,,
probit_dep_poor,dror_steinberg,30,q0.01,mle,,,,,0,250,,,
probit_dep_poor,dror_steinberg,30,q0.05,mle,,,,,0,250,,,
probit_dep_poor,entropy_vector,20,mu,bayes,1.2770816337644646,0.12413361058126478,-0.24106471397073598,1.1300803660644958,250,250,0.936,0.01547953487673321,4.529502407909446
probit_dep_poor,entropy_vector,20,sigma,bayes,1.1298718344924719,0.10338609613988008,-0.16310413453360206,1.0629542955802342,250,250,0.96,0.01239354670786374,5.854162398739829
probit_dep_poor,entropy_vector,20,q0.5,bayes,1.2770816337644646,0.12413361058126478,-0.24106471397073598,1.1300803660644958,250,250,0.936,0.01547953487673321,4.529502407909446
probit_dep_poor,entropy_vector,20,q0.95,bayes,4.204507300852187,0.38118584852138804,-0.5000136941892144,2.0504895271257024,250,250,0.96,0.01239354670786374,10.66771157852409
probit_dep_poor,entropy_vector,20,q0.99,bayes,7.214426583562234,0.6582231145945036,-0.6147717149569394,2.6859684628755853,250,250,0.96,0.01239354670786374,14.368655276764324
probit_dep_poor,entropy_vector,20,mu,mle,1.2849162936874765,0.12164489611511474,-0.05353750679919393,1.1335414830024866,250,250,,,
probit_dep_poor,entropy_vector,20,sigma,mle,1.4798959859859306,0.11873865804017016,-0.5098320989660778,1.2165097558120652,250,250,,,
probit_dep_poor,entropy_vector,20,q0.5,mle,1.2849162936874765,0.12164489611511474,-0.05353750679919393,1.1335414830024866,250,250,,,
probit_dep_poor,entropy_vector,20,q0.95,mle,5.497462636672593,0.49136700981573633,-0.8921366839198327,2.3446668498259178,250,250,,,
probit_dep_poor,entropy_vector,20,q0.99,mle,9.589017258805557,0.8404699911208796,-1.2395843263467117,3.0966138375337593,250,250,,,
probit_dep_poor,entropy_vector,20,q0.01,bayes,,,,,0,250,,,
probit_dep_poor,entropy_vector,20,q0.05,bayes,,,,,0,250,,,
probit_dep_poor,entropy_vector,20,q0.01,mle,,,,,0,250,,,
probit_dep_poor,entropy_vector,20,q0.05,mle,,,,,0,250,,,
probit_dep_poor,entropy_vector,30,mu,bayes,0.9182464286311531,0.09096621062005997,-0.17375465694619122,0.9582517563934612,250,250,0.916,0.017543545821754502,3.5987188506790044
probit_dep_poor,entropy_vector,30,sigma,bayes,0.826778188335556,0.0672102890282795,-0.1356927718614136,0.9092734398054064,250,250,0.948,0.014042222046385685,4.2529135911419935
probit_dep_poor,entropy_vector,30,q0.5,bayes,0.9182464286311531,0.09096621062005997,-0.17375465694619122,0.9582517563934612,250,250,0.916,0.017543545821754502,3.5987188506790044
probit_dep_poor,entropy_vector,30,q0.95,bayes,3.004372208408465,0.2273861749167303,-0.3917426946555995,1.7333124958900126,250,250,0.952,0.013519763311537675,7.913598042329526
probit_dep_poor,entropy_vector,30,q0.99,bayes,5.171358884473296,0.3887412007897018,-0.48615952464587586,2.2740621989016256,250,250,0.948,0.014042222046385685,10.564881773259083
probit_dep_poor,entropy_vector,30,mu,mle,0.9203645489173055,0.08950654265394307,-0.04258489980548121,0.9593563201007775,250,250,,,
probit_dep_poor,entropy_vector,30,sigma,mle,0.9720945965047633,0.07129610753473539,-0.3657956153434883,0.9859485770083363,250,250,,,
probit_dep_poor,entropy_vector,30,q0.5,mle,0.9203645489173055,0.08950654265394307,-0.04258489980548121,0.9593563201007775,250,250,,,
probit_dep_poor,entropy_vector,30,q0.95,mle,3.522510787115614,0.26067450218192834,-0.6442651444261669,1.8768353116657877,250,250,,,
probit_dep_poor,entropy_vector,30,q0.99,mle,6.14178130156177,0.4449378409611439,-0.8935527518932693,2.478261750009827,250,250,,,
probit_dep_poor,entropy_vector,30,q0.01,bayes,,,,,0,250,,,
probit_dep_poor,entropy_vector,30,q0.05,bayes,,,,,0,250,,,
probit_dep_poor,entropy_vector,30,q0.01,mle,,,,,0,250,,,
probit_dep_poor,entropy_vector,30,q0.05,mle,,,,,0,250,,,
probit_dep_poor,entropy_mu,20,mu,bayes,1.1061634258087716,0.10675678384355698,-0.24949357810253098,1.0517430417211096,250,250,0.932,0.01592180894245374,4.683262721417986
probit_dep_poor,entropy_mu,20,sigma,bayes,1.3546837476631381,0.11708794032347944,-0.13145380916636606,1.1639088227447794,250,250,0.976,0.009679669415842676,8.15468091475418
probit_dep_poor,entropy_mu,20,q0.5,bayes,1.1061634258087716,0.10675678384355698,-0.24949357810253098,1.0517430417211096,250,250,0.932,0.01592180894245374,4.683262721417986
probit_dep_poor,entropy_mu,20,q0.95,bayes,5.444649497432109,0.4666016106291106,-0.46990113274960604,2.333377272845544,250,250,0.968,0.011131217363792701,14.570928547957788
probit_dep_poor,entropy_mu,20,q0.99,bayes,9.402306669464524,0.8067295463232581,-0.5588375993566614,3.0663180965882395,250,250,0.968,0.011131217363792701,20.006661008059528
probit_dep_poor,entropy_mu,20,mu,mle,1.1681065710751273,0.10921188095312248,-0.1492860033440017,1.0807897904195465,250,250,,,
probit_dep_poor,entropy_mu,20,sigma,mle,1.9816003268497924,0.18388510792023077,-0.6967133233829236,1.4076932644755364,250,250,,,
probit_dep_poor,entropy_mu,20,q0.5,mle,1.1681065710751273,0.10921188095312248,-0.1492860033440017,1.0807897904195465,250,250,,,
probit_dep_poor,entropy_mu,20,q0.95,mle,7.926216393673112,0.7232543786162555,-1.295277440255821,2.8153536889124804,250,250,,,
probit_dep_poor,entropy_mu,20,q0.99,mle,13.867844939478841,1.275079243652433,-1.7700835620117976,3.7239555501481005,250,250,,,
probit_dep_poor,entropy_mu,20,q0.01,bayes,,,,,0,250,,,
probit_dep_poor,entropy_mu,20,q0.05,bayes,,,,,0,250,,,
probit_dep_poor,entropy_mu,20,q0.01,mle,,,,,0,250,,,
probit_dep_poor,entropy_mu,20,q0.05,mle,,,,,0,250,,,
probit_dep_poor,entropy_mu,30,mu,bayes,0.7364871052636731,0.06893148696321515,-0.18609116668747178,0.8581882691249474,250,250,0.94,0.015019986684414876,3.6693797890197946
probit_dep_poor,entropy_mu,30,sigma,bayes,1.0245162328960764,0.10322472858739763,-0.07617439870230408,1.0121838928258424,250,250,0.956,0.012971353052014278,6.4839067324895545
probit_dep_poor,entropy_mu,30,q0.5,bayes,0.7364871052636731,0.06893148696321515,-0.18609116668747178,0.8581882691249474,250,250,0.94,0.015019986684414876,3.6693797890197946
probit_dep_poor,entropy_mu,30,q0.95,bayes,3.8524824175571992,0.36416789098985386,-0.31081240418583034,1.9627741636666198,250,250,0.96,0.01239354670786374,11.70669630102667
probit_dep_poor,entropy_mu,30,q0.99,bayes,6.772502201026822,0.6527860776402217,-0.36356273127122507,2.602403158818176,250,250,0.96,0.01239354670786374,15.974512380537181
probit_dep_poor,entropy_mu,30,mu,mle,0.7630171406818052,0.07071777946873757,-0.12453009391988991,0.8735085235312848,250,250,,,
probit_dep_poor,entropy_mu,30,sigma,mle,1.2845968844330158,0.11510598808452062,-0.5090096356577922,1.1334005842741637,250,250,,,
probit_dep_poor,entropy_mu,30,q0.5,mle,0.7630171406818052,0.07071777946873757,-0.12453009391988991,0.8735085235312848,250,250,,,
probit_dep_poor,entropy_mu,30,q0.95,mle,4.9454908974631575,0.44501974556067747,-0.9617764392848601,2.2238459698151662,250,250,,,
probit_dep_poor,entropy_mu,30,q0.99,mle,8.714960104714445,0.7824724619515551,-1.3086635776987006,2.9521111267556384,250,250,,,
probit_dep_poor,entropy_mu,30,q0.01,bayes,,,,,0,250,,,
probit_dep_poor,entropy_mu,30,q0.05,bayes,,,,,0,250,,,
probit_dep_poor,entropy_mu,30,q0.01,mle,,,,,0,250,,,
probit_dep_poor,entropy_mu,30,q0.05,mle,,,,,0,250,,,
probit_dep_poor,entropy_sigma,20,mu,bayes,9.723972247181973,0.8867265705440877,-1.6290646333218124,3.1183284379907725,250,250,0.928,0.01634821091128934,7.587199006963292
probit_dep_poor,entropy_sigma,20,sigma,bayes,1.3406069292329257,0.08001404598511899,-0.3127884874470416,1.157845814101742,250,250,0.988,0.006886508549330352,5.133933697245681
probit_dep_poor,entropy_sigma,20,q0.5,bayes,9.723972247181973,0.8867265705440877,-1.6290646333218124,3.1183284379907725,250,250,0.928,0.01634821091128934,7.587199006963292
probit_dep_poor,entropy_sigma,20,q0.95,bayes,17.976052661103466,1.5718830603391254,-1.9820886785682568,4.2398175268640355,250,250,0.864,0.021679852398021532,11.516574828580763
probit_dep_poor,entropy_sigma,20,q0.99,bayes,23.66185081049341,1.9593136229592336,-2.1809568649593922,4.864344849051453,250,250,0.916,0.017543545821754502,14.400900708324748
probit_dep_poor,entropy_sigma,20,mu,mle,4.974682690707775,0.5309875127157351,-0.410793245535016,2.2303996706213383,250,250,,,
probit_dep_poor,entropy_sigma,20,sigma,mle,3.863475327104573,0.24540977008043277,-0.9327717406419779,1.965572518912638,250,250,,,
probit_dep_poor,entropy_sigma,20,q0.5,mle,4.974682690707775,0.5309875127157351,-0.410793245535016,2.2303996706213383,250,250,,,
probit_dep_poor,entropy_sigma,20,q0.95,mle,20.28789932528374,1.87576346680499,-1.9450662262478147,4.504209067670343,250,250,,,
probit_dep_poor,entropy_sigma,20,q0.99,mle,32.75758275837584,2.7770130048291795,-2.5807448013428584,5.723424041461181,250,250,,,
probit_dep_poor,entropy_sigma,20,q0.01,bayes,,,,,0,250,,,
probit_dep_poor,entropy_sigma,20,q0.05,bayes,,,,,0,250,,,
probit_dep_poor,entropy_sigma,20,q0.01,mle,,,,,0,250,,,
probit_dep_poor,entropy_sigma,20,q0.05,mle,,,,,0,250,,,
probit_dep_poor,entropy_sigma,30,mu,bayes,3.0632066548364394,0.3871104547242536,-0.6793863761907993,1.7502018897362783,250,250,0.928,0.01634821091128934,5.277273898611681
probit_dep_poor,entropy_sigma,30,sigma,bayes,0.9201193924168579,0.06971754645471344,-0.24830195184860868,0.9592285402430736,250,250,0.964,0.011782020200288238,3.8639990087252767
probit_dep_poor,entropy_sigma,30,q0.5,bayes,3.0632066548364394,0.3871104547242536,-0.6793863761907993,1.7502018897362783,250,250,0.928,0.01634821091128934,5.277273898611681
probit_dep_poor,entropy_sigma,30,q0.95,bayes,6.964369047568958,0.82225451360536,-1.0153939150152431,2.639009103350907,250,250,0.9,0.018973665961010272,8.251930752626468
probit_dep_poor,entropy_sigma,30,q0.99,bayes,10.05686621217519,1.1037829560915002,-1.184677563702867,3.1712562514207505,250,250,0.912,0.01791714262933685,10.435279443513009
probit_dep_poor,entropy_sigma,30,mu,mle,2.294431579934552,0.3040769981756503,-0.1579010995443836,1.514738122559326,250,250,,,
probit_dep_poor,entropy_sigma,30,sigma,mle,2.1066665819576618,0.19950880384276734,-0.5678950887461228,1.4514360412907148,250,250,,,
probit_dep_poor,entropy_sigma,30,q0.5,mle,2.294431579934552,0.3040769981756503,-0.1579010995443836,1.514738122559326,250,250,,,
probit_dep_poor,entropy_sigma,30,q0.95,mle,9.375185793205564,1.2183135031002685,-1.092005395996375,3.0618925182320758,250,250,,,
probit_dep_poor,entropy_sigma,30,q0.99,mle,15.648771194202466,1.8754584579232962,-1.4790226319271638,3.9558527771142424,250,250,,,
probit_dep_poor,entropy_sigma,30,q0.01,bayes,,,,,0,250,,,
probit_dep_poor,entropy_sigma,30,q0.05,bayes,,,,,0,250,,,
probit_dep_poor,entropy_sigma,30,q0.01,mle,,,,,0,250,,,
probit_dep_poor,entropy_sigma,30,q0.05,mle,,,,,0,250,,,
probit_dep_poor,entropy_q0.95,20,mu,bayes,2.1189966438497443,0.18133314850724502,-0.39965598157401083,1.4556773831621292,250,250,0.94,0.015019986684414876,7.468895060695487
probit_dep_poor,entropy_q0.95,20,sigma,bayes,1.2392260034600568,0.12854666527196046,0.1630840368190067,1.113205283611274,250,250,0.98,0.008854377448471465,7.4635041824286406
probit_dep_poor,entropy_q0.95,20,q0.5,bayes,2.1189966438497443,0.18133314850724502,-0.39965598157401083,1.4556773831621292,250,250,0.94,0.015019986684414876,7.468895060695487
probit_dep_poor,entropy_q0.95,20,q0.95,bayes,2.3639793212687583,0.21848967117622792,-0.1838155850353131,1.537523762830597,250,250,0.976,0.009679669415842676,9.30223490311471
probit_dep_poor,entropy_q0.95,20,q0.99,bayes,4.4017786747465175,0.4540000131842822,-0.09485293701799384,2.0980416284589105,250,250,0.988,0.006886508549330352,13.604034163682005
probit_dep_poor,entropy_q0.95,20,mu,mle,2.642041501531902,0.2582178786357998,0.537594391602685,1.6254357881909398,250,250,,,
probit_dep_poor,entropy_q0.95,20,sigma,mle,1.982606231916296,0.15930891487976334,-0.6585216194326257,1.4080505075871022,250,250,,,
probit_dep_poor,entropy_q0.95,20,q0.5,mle,2.642041501531902,0.2582178786357998,0.537594391602685,1.6254357881909398,250,250,,,
probit_dep_poor,entropy_q0.95,20,q0.95,mle,2.904790663498317,0.2601634278297823,-0.5455772825470298,1.7043446434035332,250,250,,,
probit_dep_poor,entropy_q0.95,20,q0.99,mle,6.156862088408485,0.5472718798599255,-0.9943559777743379,2.481302498368243,250,250,,,
probit_dep_poor,entropy_q0.95,20,q0.01,bayes,,,,,0,250,,,
probit_dep_poor,entropy_q0.95,20,q0.05,bayes,,,,,0,250,,,
probit_dep_poor,entropy_q0.95,20,q0.01,mle,,,,,0,250,,,
probit_dep_poor,entropy_q0.95,20,q0.05,mle,,,,,0,250,,,
probit_dep_poor,entropy_q0.95,30,mu,bayes,1.81947325670751,0.15463664973044225,-0.409764006917631,1.3488785181429461,250,250,0.972,0.010433791257256401,6.336562975044946
probit_dep_poor,entropy_q0.95,30,sigma,bayes,0.9445267105904899,0.09590613416768108,0.17878192360329168,0.97186764046885,250,250,0.976,0.009679669415842676,5.725684268423673
probit_dep_poor,entropy_q0.95,30,q0.5,bayes,1.81947325670751,0.15463664973044225,-0.409764006917631,1.3488785181429461,250,250,0.972,0.010433791257256401,6.336562975044946
probit_dep_poor,entropy_q0.95,30,q0.95,bayes,1.7357540044191886,0.17152691512593785,-0.13559067504999414,1.3174801723059018,250,250,0.98,0.008854377448471465,6.8909891756260375
probit_dep_poor,entropy_q0.95,30,q0.99,bayes,3.186530453425646,0.33505282571087713,-0.03395972236194689,1.7850855591331318,250,250,0.976,0.009679669415842676,10.059046570199854
probit_dep_poor,entropy_q0.95,30,mu,mle,1.8200858581957537,0.15116067314908366,0.2911057040542761,1.3491055771123897,250,250,,,
probit_dep_poor,entropy_q0.95,30,sigma,mle,1.1286170500954422,0.0898934454070225,-0.3564825335168364,1.0623638972101048,250,250,,,
probit_dep_poor,entropy_q0.95,30,q0.5,mle,1.8200858581957537,0.15116067314908366,0.2911057040542761,1.3491055771123897,250,250,,,
probit_dep_poor,entropy_q0.95,30,q0.95,mle,1.8955984179360978,0.1806939142215994,-0.29525588414574544,1.376807327819001,250,250,,,
probit_dep_poor,entropy_q0.95,30,q0.99,mle,3.716185936764373,0.3471584211018098,-0.538196679925312,1.9277411487967915,250,250,,,
probit_dep_poor,entropy_q0.95,30,q0.01,bayes,,,,,0,250,,,
probit_dep_poor,entropy_q0.95,30,q0.05,bayes,,,,,0,250,,,
probit_dep_poor,entropy_q0.95,30,q0.01,mle,,,,,0,250,,,
probit_dep_poor,entropy_q0.95,30,q0.05,mle,,,,,0,250,,,
probit_ind_well,dror_steinberg,20,mu,bayes,1.2182110499128345,0.11648612442118485,0.008665268548470238,1.1037259849767216,250,250,0.916,0.017543545821754502,4.720334817963135
probit_ind_well,dror_steinberg,20,sigma,bayes,0.9947276128114851,0.07949264090577175,-0.06325578534295373,0.997360322456977,250,250,0.984,0.00793574193128784,6.010334579920254
probit_ind_well,dror_steinberg,20,q0.5,bayes,1.2182110499128345,0.11648612442118485,0.008665268548470238,1.1037259849767216,250,250,0.916,0.017543545821754502,4.720334817963135
probit_ind_well,dror_steinberg,20,q0.95,bayes,4.065660843313316,0.37137874911814595,-0.08465647340166357,2.0163483933371524,250,250,0.968,0.011131217363792701,10.987691154123768
probit_ind_well,dror_steinberg,20,q0.99,bayes,6.822598936797433,0.6097493391010619,-0.12918662859508453,2.6120105162111105,250,250,0.964,0.011782020200288238,14.835897950197621
probit_ind_well,dror_steinberg,20,mu,mle,1.2962730006866743,0.12478193136366669,0.013216089308381257,1.1385398546764511,250,250,,,
probit_ind_well,dror_steinberg,20,sigma,mle,1.2749451653228936,0.09193003194751236,-0.41134992185536307,1.1291346975994023,250,250,,,
probit_ind_well,dror_steinberg,20,q0.5,mle,1.2962730006866743,0.12478193136366669,0.013216089308381257,1.1385398546764511,250,250,,,
probit_ind_well,dror_steinberg,20,q0.95,mle,4.9107337082536695,0.4216592059292084,-0.6633943216016206,2.216017533381374,250,250,,,
probit_ind_well,dror_steinberg,20,q0.99,mle,8.429562504629157,0.6932526251633773,-0.9437269268867114,2.9033708865091894,250,250,,,
probit_ind_well,dror_steinberg,20,q0.01,bayes,,,,,0,250,,,
probit_ind_well,dror_steinberg,20,q0.05,bayes,,,,,0,250,,,
probit_ind_well,dror_steinberg,20,q0.01,mle,,,,,0,250,,,
probit_ind_well,dror_steinberg,20,q0.05,mle,,,,,0,250,,,
probit_ind_well,dror_steinberg,30,mu,bayes,0.787950053583615,0.07115248007796475,-0.005346935402105629,0.8876655077131335,250,250,0.96,0.01239354670786374,3.74436679685537
probit_ind_well,dror_steinberg,30,sigma,bayes,0.649888456197518,0.05559412589657596,-0.026113179325233275,0.8061565953321463,250,250,0.976,0.009679669415842676,4.398427966529025
probit_ind_well,dror_steinberg,30,q0.5,bayes,0.787950053583615,0.07115248007796475,-0.005346935402105629,0.8876655077131335,250,250,0.96,0.01239354670786374,3.74436679685537
probit_ind_well,dror_steinberg,30,q0.95,bayes,2.513569159429313,0.2263085773682943,-0.03689664060166588,1.585423968353359,250,250,0.944,0.014541526742402262,8.23747319988165
probit_ind_well,dror_steinberg,30,q0.99,bayes,4.256613327585523,0.37641574259439026,-0.054331454690644335,2.0631561568590784,250,250,0.948,0.014042222046385685,10.978877322638096
probit_ind_well,dror_steinberg,30,mu,mle,0.8253142441056268,0.07485514450943523,-0.004432650014064165,0.9084680754465876,250,250,,,
probit_ind_well,dror_steinberg,30,sigma,mle,0.7417355562487787,0.05796182569419363,-0.2616821616218971,0.8612407074963299,250,250,,,
probit_ind_well,dror_steinberg,30,q0.5,mle,0.8253142441056268,0.07485514450943523,-0.004432650014064165,0.9084680754465876,250,250,,,
probit_ind_well,dror_steinberg,30,q0.95,mle,2.794518595059525,0.23908939648316893,-0.4348615026663464,1.6716813676833049,250,250,,,
probit_ind_well,dror_steinberg,30,q0.99,mle,4.786339667757911,0.3994140865938668,-0.6131963903775791,2.1877704787655197,250,250,,,
probit_ind_well,dror_steinberg,30,q0.01,bayes,,,,,0,250,,,
probit_ind_well,dror_steinberg,30,q0.05,bayes,,,,,0,250,,,
probit_ind_well,dror_steinberg,30,q0.01,mle,,,,,0,250,,,
probit_ind_well,dror_steinberg,30,q0.05,mle,,,,,0,250,,,
probit_ind_well,entropy_vector,20,mu,bayes,1.1229506572598598,0.10615638448302842,-0.0949575989087971,1.0596936619890958,250,250,0.944,0.014541526742402262,4.621004574684423
probit_ind_well,entropy_vector,20,sigma,bayes,0.9728794114060033,0.08539832707726007,-0.09937211498159866,0.9863464966258071,250,250,0.972,0.010433791257256401,5.978114784441808
probit_ind_well,entropy_vector,20,q0.5,bayes,1.1229506572598598,0.10615638448302842,-0.0949575989087971,1.0596936619890958,250,250,0.944,0.014541526742402262,4.621004574684423
probit_ind_well,entropy_vector,20,q0.95,bayes,3.718451970424113,0.3186772509681008,-0.2521942316120841,1.9283288024670775,250,250,0.964,0.011782020200288238,10.933022396638702
probit_ind_well,entropy_vector,20,q0.99,bayes,6.33463301190481,0.5438338245578178,-0.32152721763457887,2.5168696851257137,250,250,0.972,0.010433791257256401,14.713354643860423
probit_ind_well,entropy_vector,20,mu,mle,1.200660229165408,0.11256001841262993,-0.09939769579302143,1.0957464255772902,250,250,,,
probit_ind_well,entropy_vector,20,sigma,mle,1.215855361734503,0.0972492697997888,-0.45349677928305004,1.1026583159503687,250,250,,,
probit_ind_well,entropy_vector,20,q0.5,mle,1.200660229165408,0.11256001841262993,-0.09939769579302143,1.0957464255772902,250,250,,,
probit_ind_well,entropy_vector,20,q0.95,mle,4.559508446788576,0.3625869933655481,-0.8453335180075608,2.135300551863502,250,250,,,
probit_ind_well,entropy_vector,20,q0.99,mle,7.8787515677849695,0.6216796039478691,-1.154388964162516,2.8069113929344063,250,250,,,
probit_ind_well,entropy_vector,20,q0.01,bayes,,,,,0,250,,,
probit_ind_well,entropy_vector,20,q0.05,bayes,,,,,0,250,,,
probit_ind_well,entropy_vector,20,q0.01,mle,,,,,0,250,,,
probit_ind_well,entropy_vector,20,q0.05,mle,,,,,0,250,,,
probit_ind_well,entropy_vector,30,mu,bayes,0.858515898614126,0.0751246817053628,-0.06865409232387516,0.9265613301957545,250,250,0.928,0.01634821091128934,3.6844192399267497
probit_ind_well,entropy_vector,30,sigma,bayes,0.7000481474221927,0.06584910467804,-0.048497726024565396,0.8366887996275513,250,250,0.964,0.011782020200288238,4.362078992071983
probit_ind_well,entropy_vector,30,q0.5,bayes,0.858515898614126,0.0751246817053628,-0.06865409232387516,0.9265613301957545,250,250,0.928,0.01634821091128934,3.6844192399267497
probit_ind_well,entropy_vector,30,q0.95,bayes,2.648271646518647,0.2372287560789208,-0.13853604495325886,1.6273511134720273,250,250,0.948,0.014042222046385685,8.112716640992799
probit_ind_well,entropy_vector,30,q0.99,bayes,4.499022616819434,0.4107939291513143,-0.17385560917328963,2.1210899596243986,250,250,0.948,0.014042222046385685,10.921480188052268
probit_ind_well,entropy_vector,30,mu,mle,0.8983623867995518,0.07876469504167152,-0.0728953342025623,0.94781980713612,250,250,,,
probit_ind_well,entropy_vector,30,sigma,mle,0.7889503543713329,0.06813778119687147,-0.2809556715093668,0.88822877366776,250,250,,,
probit_ind_well,entropy_vector,30,q0.5,mle,0.8983623867995518,0.07876469504167152,-0.0728953342025623,0.94781980713612,250,250,,,
probit_ind_well,entropy_vector,30,q0.95,mle,2.9694745423626365,0.2546827100637416,-0.5350262894973339,1.7232163364948223,250,250,,,
probit_ind_well,entropy_vector,30,q0.99,mle,5.078371959200365,0.4399071336625616,-0.7264959633180971,2.2535243418255693,250,250,,,
probit_ind_well,entropy_vector,30,q0.01,bayes,,,,,0,250,,,
probit_ind_well,entropy_vector,30,q0.05,bayes,,,,,0,250,,,
probit_ind_well,entropy_vector,30,q0.01,mle,,,,,0,250,,,
probit_ind_well,entropy_vector,30,q0.05,mle,,,,,0,250,,,
probit_ind_well,entropy_mu,20,mu,bayes,0.9365145485194248,0.08719469017526224,-0.018247367858727045,0.9677368177967731,250,250,0.96,0.01239354670786374,4.875267524375396
probit_ind_well,entropy_mu,20,sigma,bayes,1.8442504339121841,0.2231955068080977,0.006192303077341073,1.3580318236006783,250,250,0.956,0.012971353052014278,8.55249615509504
probit_ind_well,entropy_mu,20,q0.5,bayes,0.9365145485194248,0.08719469017526224,-0.018247367858727045,0.9677368177967731,250,250,0.96,0.01239354670786374,4.875267524375396
probit_ind_well,entropy_mu,20,q0.95,bayes,6.584372438145765,0.7810891399504697,-0.003863500535671932,2.566003203066155,250,250,0.968,0.011131217363792701,15.44639965013061
probit_ind_well,entropy_mu,20,q0.99,bayes,11.851255965258863,1.4291874868716876,0.00047351099699716317,3.4425653175007245,250,250,0.96,0.01239354670786374,21.123374196665818
probit_ind_well,entropy_mu,20,mu,mle,1.0137821793526616,0.10123696600176577,-0.054354805267112324,1.0068675083409244,250,250,,,
probit_ind_well,entropy_mu,20,sigma,mle,2.5312719581822005,0.34925505343765917,-0.5516320020960006,1.5909971584456712,250,250,,,
probit_ind_well,entropy_mu,20,q0.5,mle,1.0137821793526616,0.10123696600176577,-0.054354805267112324,1.0068675083409244,250,250,,,
probit_ind_well,entropy_mu,20,q0.95,mle,8.926292664679767,1.3328029637214442,-0.9617087046572239,2.987690188871625,250,250,,,
probit_ind_well,entropy_mu,20,q0.99,mle,16.21765682277633,2.4014200808159267,-1.3376427405960385,4.027115198597667,250,250,,,
probit_ind_well,entropy_mu,20,q0.01,bayes,,,,,0,250,,,
probit_ind_well,entropy_mu,20,q0.05,bayes,,,,,0,250,,,
probit_ind_well,entropy_mu,20,q0.01,mle,,,,,0,250,,,
probit_ind_well,entropy_mu,20,q0.05,mle,,,,,0,250,,,
probit_ind_well,entropy_mu,30,mu,bayes,0.5601209418031668,0.055465797329250686,-0.07065190688355195,0.7484122806335869,250,250,0.976,0.009679669415842676,3.770215285952993
probit_ind_well,entropy_mu,30,sigma,bayes,1.1610094350818732,0.11582721673741012,-0.009752445615579053,1.0775014779952152,250,250,0.964,0.011782020200288238,6.5673017791072
probit_ind_well,entropy_mu,30,q0.5,bayes,0.5601209418031668,0.055465797329250686,-0.07065190688355195,0.7484122806335869,250,250,0.976,0.009679669415842676,3.770215285952993
probit_ind_well,entropy_mu,30,q0.95,bayes,3.9969449304881173,0.3884177219074454,-0.08494261219368669,1.9992360867311587,250,250,0.964,0.011782020200288238,11.916199198566549
probit_ind_well,entropy_mu,30,q0.99,bayes,7.2597451818257,0.7181741396724752,-0.09197885605713736,2.6943914306992776,250,250,0.964,0.011782020200288238,16.221372985170362
probit_ind_well,entropy_mu,30,mu,mle,0.5937263708928878,0.060528712591259116,-0.11033398589047352,0.7705364176292304,250,250,,,
probit_ind_well,entropy_mu,30,sigma,mle,1.3865924180950078,0.11501520356697517,-0.46444912554413675,1.1775365888561629,250,250,,,
probit_ind_well,entropy_mu,30,q0.5,mle,0.5937263708928878,0.060528712591259116,-0.11033398589047352,0.7705364176292304,250,250,,,
probit_ind_well,entropy_mu,30,q0.95,mle,4.842408446255985,0.40633548871724623,-0.8742848145761897,2.2005473060709204,250,250,,,
probit_ind_well,entropy_mu,30,q0.99,mle,8.801011997152145,0.7326381562953818,-1.1908042217002062,2.966649962019811,250,250,,,
probit_ind_well,entropy_mu,30,q0.01,bayes,,,,,0,250,,,
probit_ind_well,entropy_mu,30,q0.05,bayes,,,,,0,250,,,
probit_ind_well,entropy_mu,30,q0.01,mle,,,,,0,250,,,
probit_ind_well,entropy_mu,30,q0.05,mle,,,,,0,250,,,
probit_ind_well,entropy_sigma,20,mu,bayes,0.008271620447883947,0.0007219098435067368,-0.0024370310065286132,0.09094844939790864,250,250,1.0,0.0,18.639501396535096
probit_ind_well,entropy_sigma,20,sigma,bayes,1.055123029215057,0.0027754191932688357,-1.0269701644076181,1.0271918171476333,250,250,1.0,0.0,6.282020371001598
probit_ind_well,entropy_sigma,20,q0.5,bayes,0.008271620447883947,0.0007219098435067368,-0.0024370310065286132,0.09094844939790864,250,250,1.0,0.0,18.639501396535096
probit_ind_well,entropy_sigma,20,q0.95,bayes,0.7887829410566533,0.01096703275362867,-0.8827884529606375,0.8881345286929527,250,250,1.0,0.0,21.096710861636897
probit_ind_well,entropy_sigma,20,q0.99,bayes,2.06096528608714,0.019515694864706126,-1.4316113422435524,1.4356062433993313,250,250,1.0,0.0,23.87756499695723
probit_ind_well,entropy_sigma,20,mu,mle,51.40052229560046,0.281070357453774,7.16274761306534,7.16941575692193,250,250,,,
probit_ind_well,entropy_sigma,20,sigma,mle,8.357895658836846,0.006426380788845502,-2.8909486981397294,2.89100253525258,250,250,,,
probit_ind_well,entropy_sigma,20,q0.5,mle,51.40052229560046,0.281070357453774,7.16274761306534,7.16941575692193,250,250,,,
probit_ind_well,entropy_sigma,20,q0.95,mle,5.884919125071637,0.09267770518104368,2.407560161599566,2.425885225040879,250,250,,,
probit_ind_well,entropy_sigma,20,q0.99,mle,0.2774828432870274,0.020079293742707706,0.43739525518684186,0.5267664029596301,250,250,,,
probit_ind_well,entropy_sigma,20,q0.01,bayes,,,,,0,250,,,
probit_ind_well,entropy_sigma,20,q0.05,bayes,,,,,0,250,,,
probit_ind_well,entropy_sigma,20,q0.01,mle,,,,,0,250,,,
probit_ind_well,entropy_sigma,20,q0.05,mle,,,,,0,250,,,
probit_ind_well,entropy_sigma,30,mu,bayes,0.013013463920472845,0.0014011753930971357,-0.00514568988266096,0.11407657042737937,250,250,1.0,0.0,18.05847166899983
probit_ind_well,entropy_sigma,30,sigma,bayes,1.20833201629581,0.00303157436933137,-1.0990269595225635,1.0992415641231048,250,250,1.0,0.0,5.644235078622547
probit_ind_well,entropy_sigma,30,q0.5,bayes,0.013013463920472845,0.0014011753930971357,-0.00514568988266096,0.11407657042737937,250,250,1.0,0.0,18.05847166899983
probit_ind_well,entropy_sigma,30,q0.95,bayes,1.098767651397009,0.01603468208125536,-1.0412800047592232,1.0482211843866776,250,250,1.0,0.0,20.021319809451544
probit_ind_well,entropy_sigma,30,q0.99,bayes,2.707665611490842,0.026690815435876727,-1.6405797514830553,1.6454985905465984,250,250,1.0,0.0,22.29797313008695
probit_ind_well,entropy_sigma,30,mu,mle,51.50549939077794,0.6338990327277637,7.1171535332914315,7.17673319768667,250,250,,,
probit_ind_well,entropy_sigma,30,sigma,mle,8.34247583738172,0.005757491880279235,-2.8882905602921687,2.888334440015858,250,250,,,
probit_ind_well,entropy_sigma,30,q0.5,mle,51.50549939077794,0.6338990327277637,7.1171535332914315,7.17673319768667,250,250,,,
probit_ind_well,entropy_sigma,30,q0.95,mle,6.431462571875111,0.16468856839783397,2.3663383295051545,2.536032841245379,250,250,,,
probit_ind_well,entropy_sigma,30,q0.99,mle,0.9825291839075985,0.2252291766772881,0.39798492874351316,0.9912261013046411,250,250,,,
probit_ind_well,entropy_sigma,30,q0.01,bayes,,,,,0,250,,,
probit_ind_well,entropy_sigma,30,q0.05,bayes,,,,,0,250,,,
probit_ind_well,entropy_sigma,30,q0.01,mle,,,,,0,250,,,
probit_ind_well,entropy_sigma,30,q0.05,mle,,,,,0,250,,,
probit_ind_well,entropy_q0.95,20,mu,bayes,1.8728023983565376,0.16267848012217778,0.154230788378993,1.3685037078344133,250,250,0.96,0.01239354670786374,7.260837414750491
probit_ind_well,entropy_q0.95,20,sigma,bayes,1.323427832737421,0.13698312074286584,-0.10527613128800191,1.1504033348080234,250,250,0.984,0.00793574193128784,7.0307505635731555
probit_ind_well,entropy_q0.95,20,q0.5,bayes,1.8728023983565376,0.16267848012217778,0.154230788378993,1.3685037078344133,250,250,0.96,0.01239354670786374,7.260837414750491
probit_ind_well,entropy_q0.95,20,q0.95,bayes,2.7272886490702017,0.2845137572691096,-0.06474077442713835,1.6514504682460815,250,250,0.964,0.011782020200288238,8.637912964719371
probit_ind_well,entropy_q0.95,20,q0.99,bayes,5.183288375181033,0.568942859066316,-0.15303451493551315,2.27668363528643,250,250,0.964,0.011782020200288238,12.645830115115347
probit_ind_well,entropy_q0.95,20,mu,mle,2.9750013395326325,0.2593793765237665,0.6548588126608372,1.724819219377101,250,250,,,
probit_ind_well,entropy_q0.95,20,sigma,mle,2.512545880040649,0.2596725644706175,-0.6488040371759147,1.5851012207555228,250,250,,,
probit_ind_well,entropy_q0.95,20,q0.5,mle,2.9750013395326325,0.2593793765237665,0.6548588126608372,1.724819219377101,250,250,,,
probit_ind_well,entropy_q0.95,20,q0.95,mle,3.5627991138517174,0.39238950423973706,-0.4123288610687269,1.8875378443495425,250,250,,,
probit_ind_well,entropy_q0.95,20,q0.99,mle,7.789706827708595,0.8917926208097541,-0.854485079892469,2.7910046269593667,250,250,,,
probit_ind_well,entropy_q0.95,20,q0.01,bayes,,,,,0,250,,,
probit_ind_well,entropy_q0.95,20,q0.05,bayes,,,,,0,250,,,
probit_ind_well,entropy_q0.95,20,q0.01,mle,,,,,0,250,,,
probit_ind_well,entropy_q0.95,20,q0.05,mle,,,,,0,250,,,
probit_ind_well,entropy_q0.95,30,mu,bayes,1.715193562833372,0.14630002987766627,0.07281195508330753,1.309653985918942,250,250,0.96,0.01239354670786374,6.102446074182272
probit_ind_well,entropy_q0.95,30,sigma,bayes,1.082863685818183,0.10677517953432268,-0.059996818297750235,1.0406073639073399,250,250,0.96,0.01239354670786374,5.390678085233685
probit_ind_well,entropy_q0.95,30,q0.5,bayes,1.715193562833372,0.14630002987766627,0.07281195508330753,1.309653985918942,250,250,0.96,0.01239354670786374,6.102446074182272
probit_ind_well,entropy_q0.95,30,q0.95,bayes,1.7712584521781218,0.17891947199875416,-0.04269748767542107,1.3308863408188252,250,250,0.956,0.012971353052014278,6.4262817468596545
probit_ind_well,entropy_q0.95,30,q0.99,bayes,3.5021580563692445,0.3607920701592474,-0.09638577353511275,1.8714053693332304,250,250,0.948,0.014042222046385685,9.376469789584563
probit_ind_well,entropy_q0.95,30,mu,mle,2.38117731144283,0.3018408015447875,0.39309602944272215,1.5431063837087933,250,250,,,
probit_ind_well,entropy_q0.95,30,sigma,mle,1.6129217398541855,0.21880532970303507,-0.37542619904739427,1.2700085589688699,250,250,,,
probit_ind_well,entropy_q0.95,30,q0.5,mle,2.38117731144283,0.3018408015447875,0.39309602944272215,1.5431063837087933,250,250,,,
probit_ind_well,entropy_q0.95,30,q0.95,mle,1.9971486632993005,0.19453252146899333,-0.22442511571299292,1.4132051030545072,250,250,,,
probit_ind_well,entropy_q0.95,30,q0.99,mle,4.395152606355021,0.4629112488679156,-0.4802759105704196,2.0964619258061954,250,250,,,
probit_ind_well,entropy_q0.95,30,q0.01,bayes,,,,,0,250,,,
probit_ind_well,entropy_q0.95,30,q0.05,bayes,,,,,0,250,,,
probit_ind_well,entropy_q0.95,30,q0.01,mle,,,,,0,250,,,
probit_ind_well,entropy_q0.95,30,q0.05,mle,,,,,0,250,,,
probit_ind_well,bruceton,20,mu,bayes,0.9203299554569252,0.09344373418572112,-0.03395832734237915,0.9593382904152868,250,250,0.972,0.010433791257256401,5.45067536544875
probit_ind_well,bruceton,20,sigma,bayes,1.6774173225529494,0.17226004411220106,0.2845546976599991,1.2951514670311537,250,250,0.976,0.009679669415842676,10.741292056199287
probit_ind_well,bruceton,20,q0.5,bayes,0.9203299554569252,0.09344373418572112,-0.03395832734237915,0.9593382904152868,250,250,0.972,0.010433791257256401,5.45067536544875
probit_ind_well,bruceton,20,q0.95,bayes,5.442944706778804,0.5603474850597218,0.4193943423493753,2.333011938841892,250,250,0.972,0.010433791257256401,18.59741323925359
probit_ind_well,bruceton,20,q0.99,bayes,9.997076570593995,1.0379299695058029,0.6199157091950359,3.1618153916055878,250,250,0.976,0.009679669415842676,25.712375617804774
probit_ind_well,bruceton,20,mu,mle,0.9722031928068074,0.09681048991559459,-0.03504505503681284,0.9860036474612086,250,250,,,
probit_ind_well,bruceton,20,sigma,mle,1.9653273349864808,0.20398129822761663,-0.4530403456625486,1.401901328548654,250,250,,,
probit_ind_well,bruceton,20,q0.5,mle,0.9722031928068074,0.09681048991559459,-0.03504505503681284,0.9860036474612086,250,250,,,
probit_ind_well,bruceton,20,q0.95,mle,6.399332908343961,0.6889766128249399,-0.780230110755208,2.5296902791337836,250,250,,,
probit_ind_well,bruceton,20,q0.99,mle,11.763711913741766,1.2628177742791176,-1.088974500023613,3.4298268052106895,250,250,,,
probit_ind_well,bruceton,20,q0.01,bayes,,,,,0,250,,,
probit_ind_well,bruceton,20,q0.05,bayes,,,,,0,250,,,
probit_ind_well,bruceton,20,q0.01,mle,,,,,0,250,,,
probit_ind_well,bruceton,20,q0.05,mle,,,,,0,250,,,
probit_ind_well,bruceton,30,mu,bayes,0.6000251522876433,0.06337834080719887,-0.024603571806845807,0.7746129048031948,250,250,0.976,0.009679669415842676,4.11042432528393
probit_ind_well,bruceton,30,sigma,bayes,1.3323512275333909,0.1367733532541772,0.21766885958263457,1.1542751957541975,250,250,0.964,0.011782020200288238,8.512691052486842
probit_ind_well,bruceton,30,q0.5,bayes,0.6000251522876433,0.06337834080719887,-0.024603571806845807,0.7746129048031948,250,250,0.976,0.009679669415842676,4.11042432528393
probit_ind_well,bruceton,30,q0.95,bayes,4.074550323350324,0.3852713038645773,0.32781380015709916,2.0185515409199546,250,250,0.972,0.010433791257256401,14.617891653779965
probit_ind_well,bruceton,30,q0.99,bayes,7.630869958507165,0.73984328200879,0.478051972884811,2.762402931961079,250,250,0.976,0.009679669415842676,20.26571317007915
probit_ind_well,bruceton,30,mu,mle,0.6126167866256365,0.06381500784845975,-0.02393880184475927,0.782698400806873,250,250,,,
probit_ind_well,bruceton,30,sigma,mle,1.2737407443239759,0.11005746029602588,-0.34607106632997,1.1286012335293525,250,250,,,
probit_ind_well,bruceton,30,q0.5,mle,0.6126167866256365,0.06381500784845975,-0.02393880184475927,0.782698400806873,250,250,,,
probit_ind_well,bruceton,30,q0.95,mle,3.9559574554641967,0.33053062580880826,-0.5931750504805771,1.988958887323767,250,250,,,
probit_ind_well,bruceton,30,q0.99,mle,7.360546565644303,0.6134599274067124,-0.8290204912685344,2.713032724764724,250,250,,,
probit_ind_well,bruceton,30,q0.01,bayes,,,,,0,250,,,
probit_ind_well,bruceton,30,q0.05,bayes,,,,,0,250,,,
probit_ind_well,bruceton,30,q0.01,mle,,,,,0,250,,,
probit_ind_well,bruceton,30,q0.05,mle,,,,,0,250,,,
probit_ind_poor,dror_steinberg,20,mu,bayes,1.111535749893474,0.10218712788510437,-0.2032136826472292,1.0542939580086164,250,250,0.924,0.016759952267235128,4.2661868992366205
probit_ind_poor,dror_steinberg,20,sigma,bayes,1.2761225222354582,0.11450353636608275,-0.3840088434798398,1.1296559309079284,250,250,0.936,0.01547953487673321,5.423212713158129
probit_ind_poor,dror_steinberg,20,q0.5,bayes,1.111535749893474,0.10218712788510437,-0.2032136826472292,1.0542939580086164,250,250,0.924,0.016759952267235128,4.2661868992366205
probit_ind_poor,dror_steinberg,20,q0.95,bayes,4.080113414884648,0.3545566289476377,-0.8326626915607096,2.01992906184466,250,250,0.932,0.01592180894245374,9.311577535736223
probit_ind_poor,dror_steinberg,20,q0.99,bayes,7.340401770562061,0.6456652580542735,-1.0947971088416402,2.709317583924421,250,250,0.936,0.01547953487673321,12.715247860509482
probit_ind_poor,dror_steinberg,20,mu,mle,1.0882781208741261,0.10337181307269477,0.0031346440556256423,1.0432056944218269,250,250,,,
probit_ind_poor,dror_steinberg,20,sigma,mle,1.825298234544694,0.17569691319151404,-0.6253223210762564,1.35103598565867,250,250,,,
probit_ind_poor,dror_steinberg,20,q0.5,mle,1.0882781208741261,0.10337181307269477,0.0031346440556256423,1.0432056944218269,250,250,,,
probit_ind_poor,dror_steinberg,20,q0.95,mle,5.771449017026165,0.5830283777675768,-1.025429043780371,2.402384027799503,250,250,,,
probit_ind_poor,dror_steinberg,20,q0.99,mle,10.605590573637226,1.0671452114158841,-1.45158260817041,3.256622571566626,250,250,,,
probit_ind_poor,dror_steinberg,20,q0.01,bayes,,,,,0,250,,,
probit_ind_poor,dror_steinberg,20,q0.05,bayes,,,,,0,250,,,
probit_ind_poor,dror_steinberg,20,q0.01,mle,,,,,0,250,,,
probit_ind_poor,dror_steinberg,20,q0.05,mle,,,,,0,250,,,
probit_ind_poor,dror_steinberg,30,mu,bayes,0.8626466983430693,0.07666294960423037,-0.12760322407509486,0.9287877574252739,250,250,0.924,0.016759952267235128,3.4201462860730008
probit_ind_poor,dror_steinberg,30,sigma,bayes,0.8712977241183344,0.07257872667646367,-0.27479034581045036,0.933433299233713,250,250,0.944,0.014541526742402262,4.060999910898966
probit_ind_poor,dror_steinberg,30,q0.5,bayes,0.8626466983430693,0.07666294960423037,-0.12760322407509486,0.9287877574252739,250,250,0.924,0.016759952267235128,3.4201462860730008
probit_ind_poor,dror_steinberg,30,q0.95,bayes,2.8954905936574704,0.2453467395731611,-0.5730432243740786,1.7016141142037668,250,250,0.944,0.014541526742402262,7.255114227306088
probit_ind_poor,dror_steinberg,30,q0.99,bayes,5.1163915270722855,0.43133078152683757,-0.7613770392444003,2.2619441918562635,250,250,0.944,0.014541526742402262,9.777991560020746
probit_ind_poor,dror_steinberg,30,mu,mle,0.8620335534760375,0.07929624199857102,0.016236891111606026,0.9284576207216124,250,250,,,
probit_ind_poor,dror_steinberg,30,sigma,mle,1.0676722308295914,0.0832783194632602,-0.4376252376540368,1.0332822609672496,250,250,,,
probit_ind_poor,dror_steinberg,30,q0.5,mle,0.8620335534760375,0.07929624199857102,0.016236891111606026,0.9284576207216124,250,250,,,
probit_ind_poor,dror_steinberg,30,q0.95,mle,3.524796777899303,0.29663869747477417,-0.7035925682891397,1.8774442143241707,250,250,,,
probit_ind_poor,dror_steinberg,30,q0.99,mle,6.320710149580311,0.52015199501342,-1.0018316501314828,2.514102255195741,250,250,,,
probit_ind_poor,dror_steinberg,30,q0.01,bayes,,,,,0,250,,,
probit_ind_poor,dror_steinberg,30,q0.05,bayes,,,,,0,250,,,
probit_ind_poor,dror_steinberg,30,q0.01,mle,,,,,0,250,,,
probit_ind_poor,dror_steinberg,30,q0.05,mle,,,,,0,250,,,
probit_ind_poor,entropy_vector,20,mu,bayes,1.1714036954280564,0.11661940773609845,-0.25019785351792484,1.082314046581701,250,250,0.924,0.016759952267235128,4.2732261769428375
probit_ind_poor,entropy_vector,20,sigma,bayes,1.043123063500425,0.09406226158595064,-0.310951818496971,1.02133396276655,250,250,0.964,0.011782020200288238,5.555969291957228
probit_ind_poor,entropy_vector,20,q0.5,bayes,1.1714036954280564,0.11661940773609845,-0.25019785351792484,1.082314046581701,250,250,0.924,0.016759952267235128,4.2732261769428375
probit_ind_poor,entropy_vector,20,q0.95,bayes,3.9693232254540827,0.3744015505943067,-0.7524261112065542,1.9923160455746178,250,250,0.94,0.015019986684414876,10.05548582899952
probit_ind_poor,entropy_vector,20,q0.99,bayes,6.791847743513283,0.6341899561699027,-0.9648411128810808,2.606117369481521,250,250,0.948,0.014042222046385685,13.576398204984045
probit_ind_poor,entropy_vector,20,mu,mle,1.1763754888869262,0.11911023969186967,-0.06899381917642228,1.0846084495738202,250,250,,,
probit_ind_poor,entropy_vector,20,sigma,mle,1.4739454069324311,0.13345837153333379,-0.5280424299029057,1.214061533420951,250,250,,,
probit_ind_poor,entropy_vector,20,q0.5,mle,1.1763754888869262,0.11911023969186967,-0.06899381917642228,1.0846084495738202,250,250,,,
probit_ind_poor,entropy_vector,20,q0.95,mle,5.4981692334773244,0.5628692594365388,-0.9375463251864886,2.3448175266910054,250,250,,,
probit_ind_poor,entropy_vector,20,q0.99,mle,9.625553134360253,0.9663232683425093,-1.2974042033844093,3.1025075558909205,250,250,,,
probit_ind_poor,entropy_vector,20,q0.01,bayes,,,,,0,250,,,
probit_ind_poor,entropy_vector,20,q0.05,bayes,,,,,0,250,,,
probit_ind_poor,entropy_vector,20,q0.01,mle,,,,,0,250,,,
probit_ind_poor,entropy_vector,20,q0.05,mle,,,,,0,250,,,
probit_ind_poor,entropy_vector,30,mu,bayes,0.8282016899138763,0.0847273782314886,-0.17031032064554535,0.9100558718638523,250,250,0.928,0.01634821091128934,3.4594632422879648
probit_ind_poor,entropy_vector,30,sigma,bayes,0.808086526965133,0.06369029795889566,-0.21134924879892908,0.8989363308739574,250,250,0.956,0.012971353052014278,4.117314705951947
probit_ind_poor,entropy_vector,30,q0.5,bayes,0.8282016899138763,0.0847273782314886,-0.17031032064554535,0.9100558718638523,250,250,0.928,0.01634821091128934,3.4594632422879648
probit_ind_poor,entropy_vector,30,q0.95,bayes,3.162725330797377,0.25584280669522647,-0.5102664267597731,1.778405277431828,250,250,0.928,0.01634821091128934,7.620600930073025
probit_ind_poor,entropy_vector,30,q0.99,bayes,5.417106643212637,0.42698454913550504,-0.6559292191470284,2.3274678608334503,250,250,0.936,0.01547953487673321,10.196936850346795
probit_ind_poor,entropy_vector,30,mu,mle,0.8355171608203928,0.08713678247875137,-0.03510336772151308,0.9140662781332615,250,250,,,
probit_ind_poor,entropy_vector,30,sigma,mle,0.9660221217021024,0.07293122989558808,-0.35313047914146106,0.9828642437804432,250,250,,,
probit_ind_poor,entropy_vector,30,q0.5,mle,0.8355171608203928,0.08713678247875137,-0.03510336772151308,0.9140662781332615,250,250,,,
probit_ind_poor,entropy_vector,30,q0.95,mle,3.7461546137383066,0.2969096151252519,-0.6159513171244597,1.9354985439773151,250,250,,,
probit_ind_poor,entropy_vector,30,q0.99,mle,6.483611668332352,0.4998592083727755,-0.856607707131277,2.5462937121102804,250,250,,,
probit_ind_poor,entropy_vector,30,q0.01,bayes,,,,,0,250,,,
probit_ind_poor,entropy_vector,30,q0.05,bayes,,,,,0,250,,,
probit_ind_poor,entropy_vector,30,q0.01,mle,,,,,0,250,,,
probit_ind_poor,entropy_vector,30,q0.05,mle,,,,,0,250,,,
probit_ind_poor,entropy_mu,20,mu,bayes,1.0050604170382482,0.10379158220142694,-0.28485915049566546,1.0025270156151644,250,250,0.924,0.016759952267235128,4.19026080553093
probit_ind_poor,entropy_mu,20,sigma,bayes,1.2236809220665577,0.09905536128564964,-0.4422548472232862,1.10620112188813,250,250,0.968,0.011131217363792701,6.9071224804508695
probit_ind_poor,entropy_mu,20,q0.5,bayes,1.0050604170382482,0.10379158220142694,-0.28485915049566546,1.0025270156151644,250,250,0.924,0.016759952267235128,4.19026080553093
probit_ind_poor,entropy_mu,20,q0.95,bayes,4.780754435521057,0.45053701441559046,-1.0085351449723678,2.1864936394879035,250,250,0.964,0.011782020200288238,12.370429408874287
probit_ind_poor,entropy_mu,20,q0.99,bayes,8.287086232534532,0.7455048867942999,-1.3044560912557153,2.878729968672736,250,250,0.968,0.011131217363792701,16.88480028405369
probit_ind_poor,entropy_mu,20,mu,mle,1.0775968292954143,0.13881800396055788,-0.1703605590532918,1.038073614583963,250,250,,,
probit_ind_poor,entropy_mu,20,sigma,mle,2.0150816723090825,0.1632628583421883,-0.7979571673026569,1.419535724210237,250,250,,,
probit_ind_poor,entropy_mu,20,q0.5,mle,1.0775968292954143,0.13881800396055788,-0.1703605590532918,1.038073614583963,250,250,,,
probit_ind_poor,entropy_mu,20,q0.95,mle,7.763900842568031,0.8803788561866505,-1.4828832998429928,2.7863777279055384,250,250,,,
probit_ind_poor,entropy_mu,20,q0.99,mle,13.72885995170857,1.4341544253680838,-2.0266865187834817,3.705247623534569,250,250,,,
probit_ind_poor,entropy_mu,20,q0.01,bayes,,,,,0,250,,,
probit_ind_poor,entropy_mu,20,q0.05,bayes,,,,,0,250,,,
probit_ind_poor,entropy_mu,20,q0.01,mle,,,,,0,250,,,
probit_ind_poor,entropy_mu,20,q0.05,mle,,,,,0,250,,,
probit_ind_poor,entropy_mu,30,mu,bayes,0.6528436624056979,0.06505801951178035,-0.20298199466032185,0.8079874147569985,250,250,0.932,0.01592180894245374,3.3614689925837893
probit_ind_poor,entropy_mu,30,sigma,bayes,0.9550465759277998,0.08661485844201261,-0.3113175495726423,0.9772648443118169,250,250,0.952,0.013519763311537675,5.746304257315915
probit_ind_poor,entropy_mu,30,q0.5,bayes,0.6528436624056979,0.06505801951178035,-0.20298199466032185,0.8079874147569985,250,250,0.932,0.01592180894245374,3.3614689925837893
probit_ind_poor,entropy_mu,30,q0.95,bayes,3.497140038639124,0.30475775754854634,-0.7103295322417296,1.8700641803529428,250,250,0.94,0.015019986684414876,10.396928100355991
probit_ind_poor,entropy_mu,30,q0.99,bayes,6.190227245191874,0.5407264650132073,-0.9216634737830343,2.4880167292829594,250,250,0.948,0.014042222046385685,14.211351672615528
probit_ind_poor,entropy_mu,30,mu,mle,0.6699442536913648,0.06805606906000582,-0.13184770708774476,0.8185012240011402,250,250,,,
probit_ind_poor,entropy_mu,30,sigma,mle,1.3462444937238607,0.11141220521857602,-0.5975858414269994,1.160277765762949,250,250,,,
probit_ind_poor,entropy_mu,30,q0.5,mle,0.6699442536913648,0.06805606906000582,-0.13184770708774476,0.8185012240011402,250,250,,,
probit_ind_poor,entropy_mu,30,q0.95,mle,4.934555036150355,0.4060717049504213,-1.1147889457737956,2.22138583684833,250,250,,,
probit_ind_poor,entropy_mu,30,q0.99,mle,8.835790849899466,0.7202614015792386,-1.5220402588483544,2.9725058199942125,250,250,,,
probit_ind_poor,entropy_mu,30,q0.01,bayes,,,,,0,250,,,
probit_ind_poor,entropy_mu,30,q0.05,bayes,,,,,0,250,,,
probit_ind_poor,entropy_mu,30,q0.01,mle,,,,,0,250,,,
probit_ind_poor,entropy_mu,30,q0.05,mle,,,,,0,250,,,
probit_ind_poor,entropy_sigma,20,mu,bayes,50.126192295539646,1.6315181981405273,-6.020346372844093,7.079985331590712,250,250,0.992,0.005634181395730885,16.78701997612655
probit_ind_poor,entropy_sigma,20,sigma,bayes,2.1223384002944576,0.07824404196658283,-0.8356378825753544,1.456824766502292,250,250,0.992,0.005634181395730885,5.948611222948352
probit_ind_poor,entropy_sigma,20,q0.5,bayes,50.126192295539646,1.6315181981405273,-6.020346372844093,7.079985331590712,250,250,0.992,0.005634181395730885,16.78701997612655
probit_ind_poor,entropy_sigma,20,q0.95,bayes,73.59425574255441,2.252857034472216,-6.817328652342288,8.57870944504792,250,250,0.976,0.009679669415842676,19.349898436879187
probit_ind_poor,entropy_sigma,20,q0.99,bayes,87.6243010049852,2.558435433540688,-7.2744821653431515,9.360785277154113,250,250,0.992,0.005634181395730885,21.866422479272515
probit_ind_poor,entropy_sigma,20,mu,mle,7.844471698963465,0.4338576746106389,-0.673060867039703,2.8007984038419234,250,250,,,
probit_ind_poor,entropy_sigma,20,sigma,mle,7.5933572229076045,0.244851470955297,-1.9648071302485948,2.755604692786613,250,250,,,
probit_ind_poor,entropy_sigma,20,q0.5,mle,7.844471698963465,0.4338576746106389,-0.673060867039703,2.8007984038419234,250,250,,,
probit_ind_poor,entropy_sigma,20,q0.95,mle,40.05540321108939,2.165058667707673,-3.9048810014892212,6.328933813138623,250,250,,,
probit_ind_poor,entropy_sigma,20,q0.99,mle,65.43945988719032,3.256310845133732,-5.24388575739381,8.08946598281928,250,250,,,
probit_ind_poor,entropy_sigma,20,q0.01,bayes,,,,,0,250,,,
probit_ind_poor,entropy_sigma,20,q0.05,bayes,,,,,0,250,,,
probit_ind_poor,entropy_sigma,20,q0.01,mle,,,,,0,250,,,
probit_ind_poor,entropy_sigma,20,q0.05,mle,,,,,0,250,,,
probit_ind_poor,entropy_sigma,30,mu,bayes,42.01107589474018,1.8895223231034068,-5.076488416834003,6.481595165909406,250,250,0.992,0.005634181395730885,14.508711213282691
probit_ind_poor,entropy_sigma,30,sigma,bayes,1.76104471995078,0.06309353339575426,-0.7355080825336601,1.3270436013751696,250,250,0.992,0.005634181395730885,5.193449774239124
probit_ind_poor,entropy_sigma,30,q0.5,bayes,42.01107589474018,1.8895223231034068,-5.076488416834003,6.481595165909406,250,250,0.992,0.005634181395730885,14.508711213282691
probit_ind_poor,entropy_sigma,30,q0.95,bayes,62.17914978784346,2.7733814153090206,-5.808366469219062,7.885375690976522,250,250,0.492,0.031618728627191825,16.432784838442203
probit_ind_poor,entropy_sigma,30,q0.99,bayes,74.05242434051328,3.242461031588405,-6.219636372799843,8.605371830462254,250,250,0.836,0.023418283455454204,18.56351738008671
probit_ind_poor,entropy_sigma,30,mu,mle,6.104995844955811,0.31508440786934666,-0.3573742747058227,2.470828979301443,250,250,,,
probit_ind_poor,entropy_sigma,30,sigma,mle,6.011276137851124,0.2263747409549027,-1.7221068406651265,2.4517903943549344,250,250,,,
probit_ind_poor,entropy_sigma,30,q0.5,mle,6.104995844955811,0.31508440786934666,-0.3573742747058227,2.470828979301443,250,250,,,
probit_ind_poor,entropy_sigma,30,q0.95,mle,28.323121423603133,1.6472008806229599,-3.1899879575718004,5.321947145885905,250,250,,,
probit_ind_poor,entropy_sigma,30,q0.99,mle,47.05874811268191,2.5175639824976748,-4.363593862358331,6.859937908806603,250,250,,,
probit_ind_poor,entropy_sigma,30,q0.01,bayes,,,,,0,250,,,
probit_ind_poor,entropy_sigma,30,q0.05,bayes,,,,,0,250,,,
probit_ind_poor,entropy_sigma,30,q0.01,mle,,,,,0,250,,,
probit_ind_poor,entropy_sigma,30,q0.05,mle,,,,,0,250,,,
probit_ind_poor,entropy_q0.95,20,mu,bayes,1.966527148309579,0.1758846461861141,-0.16185335117157618,1.402329186856488,250,250,0.936,0.01547953487673321,7.029492181303745
probit_ind_poor,entropy_q0.95,20,sigma,bayes,1.2920310556014647,0.10676798624367183,-0.07878150332242788,1.1366754398690353,250,250,0.976,0.009679669415842676,7.122433789597395
probit_ind_poor,entropy_q0.95,20,q0.5,bayes,1.966527148309579,0.1758846461861141,-0.16185335117157618,1.402329186856488,250,250,0.936,0.01547953487673321,7.029492181303745
probit_ind_poor,entropy_q0.95,20,q0.95,bayes,2.6328505700788254,0.22937819695530992,-0.32306776953280986,1.6226061044131521,250,250,0.956,0.012971353052014278,8.769624032207714
probit_ind_poor,entropy_q0.95,20,q0.99,bayes,4.96159552630008,0.43211581649783104,-0.38978450804339193,2.2274639225585853,250,250,0.96,0.01239354670786374,12.92785934824488
probit_ind_poor,entropy_q0.95,20,mu,mle,2.2812301472730634,0.2128238374360559,0.5276697083055076,1.510374174591536,250,250,,,
probit_ind_poor,entropy_q0.95,20,sigma,mle,1.90601223630943,0.14284364185949497,-0.6242545982209265,1.38058402001089,250,250,,,
probit_ind_poor,entropy_q0.95,20,q0.5,mle,2.2812301472730634,0.2128238374360559,0.5276697083055076,1.510374174591536,250,250,,,
probit_ind_poor,entropy_q0.95,20,q0.95,mle,3.2490725637804303,0.2874886644803248,-0.49913773171932097,1.8025183948521664,250,250,,,
probit_ind_poor,entropy_q0.95,20,q0.99,mle,6.671846018688071,0.5617021675008793,-0.9245636491259666,2.5829916799494477,250,250,,,
probit_ind_poor,entropy_q0.95,20,q0.01,bayes,,,,,0,250,,,
probit_ind_poor,entropy_q0.95,20,q0.05,bayes,,,,,0,250,,,
probit_ind_poor,entropy_q0.95,20,q0.01,mle,,,,,0,250,,,
probit_ind_poor,entropy_q0.95,20,q0.05,mle,,,,,0,250,,,
probit_ind_poor,entropy_q0.95,30,mu,bayes,1.7070763004976413,0.16393792274449662,-0.23191648832302014,1.306551300369657,250,250,0.932,0.01592180894245374,5.910365257090409
probit_ind_poor,entropy_q0.95,30,sigma,bayes,0.9598657510838823,0.09415631365371893,0.014510830873990414,0.9797273861048706,250,250,0.968,0.011131217363792701,5.395414236607341
probit_ind_poor,entropy_q0.95,30,q0.5,bayes,1.7070763004976413,0.16393792274449662,-0.23191648832302014,1.306551300369657,250,250,0.932,0.01592180894245374,5.910365257090409
probit_ind_poor,entropy_q0.95,30,q0.95,bayes,1.6760912313172904,0.15737878509694195,-0.22520694893430201,1.2946394213514782,250,250,0.952,0.013519763311537675,6.543235794648908
probit_ind_poor,entropy_q0.95,30,q0.99,bayes,3.1780167345980908,0.3106917408569815,-0.23088035361152287,1.782699283277494,250,250,0.956,0.012971353052014278,9.549043770190334
probit_ind_poor,entropy_q0.95,30,mu,mle,1.712301937246292,0.1495742652331734,0.29022434812666453,1.3085495547537709,250,250,,,
probit_ind_poor,entropy_q0.95,30,sigma,mle,1.149954422055212,0.09983163003511167,-0.3413507731674566,1.072359278439466,250,250,,,
probit_ind_poor,entropy_q0.95,30,q0.5,mle,1.712301937246292,0.1495742652331734,0.29022434812666453,1.3085495547537709,250,250,,,
probit_ind_poor,entropy_q0.95,30,q0.95,mle,1.890852123785796,0.18100362522345473,-0.2712477091805191,1.3750825879872801,250,250,,,
probit_ind_poor,entropy_q0.95,30,q0.99,mle,3.787958211298388,0.362125869735927,-0.5038762973336481,1.9462677645427897,250,250,,,
probit_ind_poor,entropy_q0.95,30,q0.01,bayes,,,,,0,250,,,
probit_ind_poor,entropy_q0.95,30,q0.05,bayes,,,,,0,250,,,
probit_ind_poor,entropy_q0.95,30,q0.01,mle,,,,,0,250,,,
probit_ind_poor,entropy_q0.95,30,q0.05,mle,,,,,0,250,,,
probit_ind_poor,bruceton,20,mu,bayes,1.1056477251345822,0.10261677208994902,-0.23162655655265463,1.0514978483737294,250,250,0.932,0.01592180894245374,4.44497693340693
probit_ind_poor,bruceton,20,sigma,bayes,1.057107070886002,0.07857932334962775,-0.28905443289023336,1.0281571236372395,250,250,0.992,0.005634181395730885,7.006730089711491
probit_ind_poor,bruceton,20,q0.5,bayes,1.1056477251345822,0.10261677208994902,-0.23162655655265463,1.0514978483737294,250,250,0.932,0.01592180894245374,4.44497693340693
probit_ind_poor,bruceton,20,q0.95,bayes,4.117127488699786,0.34034918746581855,-0.7106238376427282,2.029070597268559,250,250,0.968,0.011131217363792701,12.29197613897565
probit_ind_poor,bruceton,20,q0.99,bayes,7.03910150167644,0.5657196565453458,-0.9058616754783725,2.6531305097330664,250,250,0.98,0.008854377448471465,16.84436690011704
probit_ind_poor,bruceton,20,mu,mle,1.1622435971319964,0.10790432240700935,-0.07546308440149309,1.078074022102377,250,250,,,
probit_ind_poor,bruceton,20,sigma,mle,1.9020709263875393,0.14741518403674636,-0.6783614699152427,1.3791558745796428,250,250,,,
probit_ind_poor,bruceton,20,q0.5,mle,1.1622435971319964,0.10790432240700935,-0.07546308440149309,1.078074022102377,250,250,,,
probit_ind_poor,bruceton,20,q0.95,mle,6.957297233232492,0.5706903747215357,-1.1912684085757153,2.6376689013658425,250,250,,,
probit_ind_poor,bruceton,20,q0.99,mle,12.37382789219774,0.989730977120143,-1.6535678477700404,3.517645219773839,250,250,,,
probit_ind_poor,bruceton,20,q0.01,bayes,,,,,0,250,,,
probit_ind_poor,bruceton,20,q0.05,bayes,,,,,0,250,,,
probit_ind_poor,bruceton,20,q0.01,mle,,,,,0,250,,,
probit_ind_poor,bruceton,20,q0.05,mle,,,,,0,250,,,
probit_ind_poor,bruceton,30,mu,bayes,0.6604099334593954,0.06329645040792078,-0.14892961959579765,0.8126560979032861,250,250,0.952,0.013519763311537675,3.5447442578711827
probit_ind_poor,bruceton,30,sigma,bayes,0.9236926165743871,0.09714793673525537,-0.1591727283551634,0.9610892864736278,250,250,0.968,0.011131217363792701,5.989037856048052
probit_ind_poor,bruceton,30,q0.5,bayes,0.6604099334593954,0.06329645040792078,-0.14892961959579765,0.8126560979032861,250,250,0.952,0.013519763311537675,3.5447442578711827
probit_ind_poor,bruceton,30,q0.95,bayes,3.2168262641310763,0.27657573341016367,-0.41352597523637613,1.7935512995537866,250,250,0.968,0.011131217363792701,10.408251815955143
probit_ind_poor,bruceton,30,q0.99,bayes,5.748321385292349,0.5190619603848858,-0.5202257358643694,2.397565720745179,250,250,0.972,0.010433791257256401,14.315777803149107
probit_ind_poor,bruceton,30,mu,mle,0.6662766667218282,0.061458186725023255,-0.040560666835462854,0.8162577207731809,250,250,,,
probit_ind_poor,bruceton,30,sigma,mle,1.2915198857627215,0.13636632399504797,-0.4473230772979456,1.1364505645925482,250,250,,,
probit_ind_poor,bruceton,30,q0.5,mle,0.6662766667218282,0.061458186725023255,-0.040560666835462854,0.8162577207731809,250,250,,,
probit_ind_poor,bruceton,30,q0.95,mle,4.499096786586118,0.4262464325174426,-0.7763416529480855,2.121107443432821,250,250,,,
probit_ind_poor,bruceton,30,q0.99,mle,8.134673495194132,0.7970379131254426,-1.0811897567169482,2.852134901296594,250,250,,,
probit_ind_poor,bruceton,30,q0.01,bayes,,,,,0,250,,,
probit_ind_poor,bruceton,30,q0.05,bayes,,,,,0,250,,,
probit_ind_poor,bruceton,30,q0.01,mle,,,,,0,250,,,
probit_ind_poor,bruceton,30,q0.05,mle,,,,,0,250,,,
beta_ind_well,dror_steinberg,20,mu,bayes,2.0450815045576993,0.1982797657990643,0.22350826146892303,1.4300634617238843,250,250,0.92,0.01715808847162177,5.662809067523838
beta_ind_well,dror_steinberg,20,sigma,bayes,1.4817791148297794,0.1142416338251799,-0.2357968441450124,1.2172834981341771,250,250,0.98,0.008854377448471465,7.325684154234081
beta_ind_well,dror_steinberg,20,q0.5,bayes,2.0450815045576993,0.1982797657990643,0.22350826146892303,1.4300634617238843,250,250,0.92,0.01715808847162177,5.662809067523838
beta_ind_well,dror_steinberg,20,q0.95,bayes,6.825680926588911,0.580143240299777,-0.6524718404682323,2.6126004146422606,250,250,0.968,0.011131217363792701,13.428479443168994
beta_ind_well,dror_steinberg,20,q0.99,bayes,11.132454197884421,0.9207156793732253,-0.8123118161284799,3.3365332604193263,250,250,0.98,0.008854377448471465,18.120772285119006
beta_ind_well,dror_steinberg,20,mu,mle,2.241954073113062,0.21621124826873164,0.20933708360838818,1.4973156224100055,250,250,,,
beta_ind_well,dror_steinberg,20,sigma,mle,1.950724478580058,0.1429256864844407,-0.540678887230459,1.396683385230904,250,250,,,
beta_ind_well,dror_steinberg,20,q0.5,mle,2.241954073113062,0.21621124826873164,0.20933708360838818,1.4973156224100055,250,250,,,
beta_ind_well,dror_steinberg,20,q0.95,mle,8.685231682945524,0.713312397840657,-1.18217257432067,2.947071713234261,250,250,,,
beta_ind_well,dror_steinberg,20,q0.99,mle,14.415943267339607,1.1449031492998458,-1.5460717634229915,3.7968333209846867,250,250,,,
beta_ind_well,dror_steinberg,20,q0.01,bayes,9.355267588241638,0.746232358820938,-0.6002552303903564,3.058638191784317,250,250,0.98,0.008854377448471465,17.928151625636524
beta_ind_well,dror_steinberg,20,q0.05,bayes,5.36780819110648,0.4317400914827379,0.1075792369315416,2.3168530793096225,250,250,0.972,0.010433791257256401,13.293055092793653
beta_ind_well,dror_steinberg,20,q0.01,mle,10.331670447700308,0.8346964542635237,0.10459263530823235,3.214291593446417,250,250,,,
beta_ind_well,dror_steinberg,20,q0.05,mle,6.4515490643938325,0.5282821265478741,0.6076905321088317,2.5399899732860822,250,250,,,
beta_ind_well,dror_steinberg,30,mu,bayes,1.275717012251933,0.11110249821361359,0.24070260194553664,1.1294764328005844,250,250,0.936,0.01547953487673321,4.65491279474813
beta_ind_well,dror_steinberg,30,sigma,bayes,1.0566058445925064,0.09657932145139983,-0.08937572070853766,1.027913344884921,250,250,0.968,0.011131217363792701,5.568266231542025
beta_ind_well,dror_steinberg,30,q0.5,bayes,1.275717012251933,0.11110249821361359,0.24070260194553664,1.1294764328005844,250,250,0.936,0.01547953487673321,4.65491279474813
beta_ind_well,dror_steinberg,30,q0.95,bayes,4.473674812107304,0.40146250436262587,-0.39494240870652025,2.1151063358865207,250,250,0.964,0.011782020200288238,10.321236965870026
beta_ind_well,dror_steinberg,30,q0.99,bayes,7.462999236504379,0.6862368643109665,-0.45403794610384174,2.7318490508269995,250,250,0.964,0.011782020200288238,13.809520722836666
beta_ind_well,dror_steinberg,30,mu,mle,1.3652008916543197,0.11922410864122458,0.22689795320606373,1.1684181150830895,250,250,,,
beta_ind_well,dror_steinberg,30,sigma,mle,1.2391382455960545,0.1063437561746645,-0.293990576197141,1.11316586616553,250,250,,,
beta_ind_well,dror_steinberg,30,q0.5,mle,1.3652008916543197,0.11922410864122458,0.22689795320606373,1.1684181150830895,250,250,,,
beta_ind_well,dror_steinberg,30,q0.95,mle,5.28846043891276,0.45555180660309563,-0.7588455415933085,2.299665288452378,250,250,,,
beta_ind_well,dror_steinberg,30,q0.99,mle,8.85965046886312,0.7748448473408525,-0.9546280659022314,2.9765164990073747,250,250,,,
beta_ind_well,dror_steinberg,30,q0.01,bayes,7.415315352263124,0.6915033767775661,-0.9245246199875213,2.7231076644641,250,250,0.964,0.011782020200288238,13.78829765748012
beta_ind_well,dror_steinberg,30,q0.05,bayes,3.8447310561807337,0.33001014120282846,-0.11736341130954521,1.960798576136961,250,250,0.968,0.011131217363792701,10.304649723780985
beta_ind_well,dror_steinberg,30,q0.01,mle,7.359825780574536,0.6763401554623067,-0.4517293230171767,2.7128998839939773,250,250,,,
beta_ind_well,dror_steinberg,30,q0.05,mle,4.200398321606843,0.3487150901530576,0.2194852385768212,2.0494873314092095,250,250,,,
beta_ind_well,entropy_vector,20,mu,bayes,2.0479641076752326,0.19005610602446885,0.15727689525281716,1.4310709652827258,250,250,0.956,0.012971353052014278,5.746522144699775
beta_ind_well,entropy_vector,20,sigma,bayes,1.530716383834204,0.15036182236999565,-0.12936155594847307,1.2372212347976428,250,250,0.968,0.011131217363792701,7.601544899852654
beta_ind_well,entropy_vector,20,q0.5,bayes,2.0479641076752326,0.19005610602446885,0.15727689525281716,1.4310709652827258,250,250,0.956,0.012971353052014278,5.746522144699775
beta_ind_well,entropy_vector,20,q0.95,bayes,7.3366507995101005,0.6077287119597963,-0.5535043264509559,2.7086252600738443,250,250,0.96,0.01239354670786374,13.911945555645863
beta_ind_well,entropy_vector,20,q0.99,bayes,11.91448831601696,1.0237588402133,-0.6401531216051591,3.451736999833122,250,250,0.96,0.01239354670786374,18.738339164868147
beta_ind_well,entropy_vector,20,mu,mle,2.2312719736769977,0.2130717204054615,0.13587826772527176,1.49374427988093,250,250,,,
beta_ind_well,entropy_vector,20,sigma,mle,1.9556010782464208,0.18713089491948867,-0.43108356355715827,1.3984280740339923,250,250,,,
beta_ind_well,entropy_vector,20,q0.5,mle,2.2312719736769977,0.2130717204054615,0.13587826772527176,1.49374427988093,250,250,,,
beta_ind_well,entropy_vector,20,q0.95,mle,9.111466602377462,0.744563261696988,-1.0753631245628372,3.018520598302662,250,250,,,
beta_ind_well,entropy_vector,20,q0.99,mle,15.002023992106633,1.2681763732020868,-1.3645737310739072,3.873244633651047,250,250,,,
beta_ind_well,entropy_vector,20,q0.01,bayes,9.72801692713503,0.9987763106574495,-0.9172269832715201,3.1189769039117667,250,250,0.948,0.014042222046385685,18.65044360803962
beta_ind_well,entropy_vector,20,q0.05,bayes,5.196603832220468,0.4684457438206627,-0.13667632688435805,2.2796060695261513,250,250,0.96,0.01239354670786374,13.824409796203078
beta_ind_well,entropy_vector,20,q0.01,mle,10.491347957938782,1.1364642515331,-0.22382302880708477,3.239035034997118,250,250,,,
beta_ind_well,entropy_vector,20,q0.05,mle,6.172216180665982,0.5501397117252119,0.35396345058476614,2.4843945299943773,250,250,,,
beta_ind_well,entropy_vector,30,mu,bayes,1.4045401680097547,0.1309068108289256,0.16510159074104672,1.1851329748217094,250,250,0.936,0.01547953487673321,4.663049103271071
beta_ind_well,entropy_vector,30,sigma,bayes,1.1323557205205708,0.13434507546165644,-0.058954824036525195,1.0641220421176185,250,250,0.968,0.011131217363792701,5.552787638005872
beta_ind_well,entropy_vector,30,q0.5,bayes,1.4045401680097547,0.1309068108289256,0.16510159074104672,1.1851329748217094,250,250,0.936,0.01547953487673321,4.663049103271071
beta_ind_well,entropy_vector,30,q0.95,bayes,5.249548710275316,0.48289429550491075,-0.4201807456082717,2.2911893658699003,250,250,0.952,0.013519763311537675,10.317853391442183
beta_ind_well,entropy_vector,30,q0.99,bayes,8.59740183141779,0.8501062434802756,-0.4582498516307115,2.9321326421936966,250,250,0.956,0.012971353052014278,13.795608115691468
beta_ind_well,entropy_vector,30,mu,mle,1.492563165884087,0.14153113283180158,0.15014385895343269,1.2217050240889111,250,250,,,
beta_ind_well,entropy_vector,30,sigma,mle,1.3181692122540989,0.15525647337821086,-0.2523189226184253,1.1481155047529403,250,250,,,
beta_ind_well,entropy_vector,30,q0.5,mle,1.492563165884087,0.14153113283180158,0.15014385895343269,1.2217050240889111,250,250,,,
beta_ind_well,entropy_vector,30,q0.95,mle,6.136600034909602,0.559590376927998,-0.7670558653159237,2.4772161865508635,250,250,,,
beta_ind_well,entropy_vector,30,q0.99,mle,10.09996269024933,0.9875758998553729,-0.9344393974442508,3.178043846495723,250,250,,,
beta_ind_well,entropy_vector,30,q0.01,bayes,7.758047051886975,0.8811749780034305,-1.0732562917857105,2.7853270996216897,250,250,0.952,0.013519763311537675,13.760719728138076
beta_ind_well,entropy_vector,30,q0.05,bayes,3.8647897366507977,0.40906501565758546,-0.24338531031241234,1.9659068484164752,250,250,0.964,0.011782020200288238,10.286546067345327
beta_ind_well,entropy_vector,30,q0.01,mle,7.68290264467579,0.9552686447557038,-0.6254261799804196,2.771804943475603,250,250,,,
beta_ind_well,entropy_vector,30,q0.05,mle,4.185550598987205,0.4544232220533738,0.07418737379417441,2.045861823043581,250,250,,,
beta_ind_well,entropy_mu,20,mu,bayes,1.40550147254992,0.13066071128355733,0.06951954010463833,1.1855384736692098,250,250,0.948,0.014042222046385685,5.845947487486865
beta_ind_well,entropy_mu,20,sigma,bayes,2.7832513894260993,0.28480679876832865,-0.13384293031355748,1.6683079420257219,250,250,0.972,0.010433791257256401,10.52660800925044
beta_ind_well,entropy_mu,20,q0.5,bayes,1.40550147254992,0.13066071128355733,0.06951954010463833,1.1855384736692098,250,250,0.948,0.014042222046385685,5.845947487486865
beta_ind_well,entropy_mu,20,q0.95,bayes,10.536118115520827,0.9149639108426443,-0.6481904073488773,3.245938710992681,250,250,0.972,0.010433791257256401,18.880897301101598
beta_ind_well,entropy_mu,20,q0.99,bayes,18.67294980051163,1.6692835724219597,-0.7328695495474872,4.321220869211805,250,250,0.976,0.009679669415842676,25.888102407042272
beta_ind_well,entropy_mu,20,mu,mle,1.6344000987156655,0.16714959892503306,0.04357493584441805,1.278436583767715,250,250,,,
beta_ind_well,entropy_mu,20,sigma,mle,7.04810387247986,2.449822983846744,-0.5429133555797738,2.654826523989818,250,250,,,
beta_ind_well,entropy_mu,20,q0.5,mle,1.6344000987156655,0.16714959892503306,0.04357493584441805,1.278436583767715,250,250,,,
beta_ind_well,entropy_mu,20,q0.95,mle,24.50489161483421,7.768915002882359,-1.3516100954533186,4.950241571361363,250,250,,,
beta_ind_well,entropy_mu,20,q0.99,mle,45.05251998696214,14.829542313809595,-1.717032061881002,6.712117399670698,250,250,,,
beta_ind_well,entropy_mu,20,q0.01,bayes,15.506966551428409,1.951449377454816,-0.96694932146629,3.9378885905302616,250,250,0.952,0.013519763311537675,24.512833298082004
beta_ind_well,entropy_mu,20,q0.05,bayes,7.6383807700944235,0.9088700906721342,-0.18104833267398146,2.7637620682856228,250,250,0.964,0.011782020200288238,17.61686490081113
beta_ind_well,entropy_mu,20,q0.01,mle,34.260637819246945,12.377474061914937,-0.0559713617616974,5.853258735033584,250,250,,,
beta_ind_well,entropy_mu,20,q0.05,mle,17.328481739848378,5.708334744036167,0.4456037577135405,4.162749300624333,250,250,,,
beta_ind_well,entropy_mu,30,mu,bayes,0.9635340492020971,0.0927019534345614,0.03438733271863447,0.9815977023211174,250,250,0.948,0.014042222046385685,4.604018378618523
beta_ind_well,entropy_mu,30,sigma,bayes,2.131990693971259,0.22121722844219358,-0.12895553662695083,1.4601337931748786,250,250,0.96,0.01239354670786374,8.196324100059408
beta_ind_well,entropy_mu,30,q0.5,bayes,0.9635340492020971,0.0927019534345614,0.03438733271863447,0.9815977023211174,250,250,0.948,0.014042222046385685,4.604018378618523
beta_ind_well,entropy_mu,30,q0.95,bayes,7.8251277446882055,0.6670936420161699,-0.6772216747955259,2.7973429794517877,250,250,0.96,0.01239354670786374,14.818676258124297
beta_ind_well,entropy_mu,30,q0.99,bayes,13.955527686236117,1.2493354473336729,-0.759852166592589,3.7357097968439836,250,250,0.96,0.01239354670786374,20.19723402996018
beta_ind_well,entropy_mu,30,mu,mle,1.0190732645443925,0.0961940196451569,-0.010681073772796068,1.0094915871587997,250,250,,,
beta_ind_well,entropy_mu,30,sigma,mle,2.7699680939753795,0.30523329019949974,-0.5681866616614748,1.6643221124455985,250,250,,,
beta_ind_well,entropy_mu,30,q0.5,mle,1.0190732645443925,0.0961940196451569,-0.010681073772796068,1.0094915871587997,250,250,,,
beta_ind_well,entropy_mu,30,q0.95,mle,10.444271585223392,0.9136425516975786,-1.4474369942440735,3.2317598278992503,250,250,,,
beta_ind_well,entropy_mu,30,q0.99,mle,18.615122886685338,1.7294726382080587,-1.8300825733713646,4.314524642030143,250,250,,,
beta_ind_well,entropy_mu,30,q0.01,bayes,12.49391185640334,1.4941647552177444,-1.0242533119748436,3.534672807545748,250,250,0.924,0.016759952267235128,18.994133382995845
beta_ind_well,entropy_mu,30,q0.05,bayes,6.058311059340656,0.6809737881742965,-0.23867161636322945,2.4613636584910927,250,250,0.948,0.014042222046385685,13.64419632815149
beta_ind_well,entropy_mu,30,q0.01,mle,13.261883247177659,1.8870688628941648,-0.051432869505763125,3.6416868683589008,250,250,,,
beta_ind_well,entropy_mu,30,q0.05,mle,7.117783161956593,0.8905285549925535,0.4329186372698667,2.667917382895616,250,250,,,
beta_ind_well,entropy_sigma,20,mu,bayes,0.42005001506320555,0.007349754790211845,0.6417042416374138,0.648112656151078,250,250,1.0,0.0,18.639501396535096
beta_ind_well,entropy_sigma,20,sigma,bayes,3.7164136251795754,0.005211263158735383,-1.927682109308464,1.927800203646523,250,250,1.0,0.0,6.282020371001598
beta_ind_well,entropy_sigma,20,q0.5,bayes,0.42005001506320555,0.007349754790211845,0.6417042416374138,0.648112656151078,250,250,1.0,0.0,18.639501396535096
beta_ind_well,entropy_sigma,20,q0.95,bayes,4.9483448752470585,0.027467790485728602,-2.2223585189773143,2.224487553403493,250,250,1.0,0.0,21.096710861636893
beta_ind_well,entropy_sigma,20,q0.99,bayes,11.438835976682151,0.04593424016234967,-3.3804410549269157,3.3821348253258847,250,250,1.0,0.0,23.87756499695723
beta_ind_well,entropy_sigma,20,mu,mle,61.04308300093835,0.30629432365416914,7.806888885709283,7.81300729558973,250,250,,,
beta_ind_well,entropy_sigma,20,sigma,mle,14.37700171554392,0.008440505858293399,-3.7916606430405753,3.7917016912652715,250,250,,,
beta_ind_well,entropy_sigma,20,q0.5,mle,61.04308300093835,0.30629432365416914,7.806888885709283,7.81300729558973,250,250,,,
beta_ind_well,entropy_sigma,20,q0.95,mle,1.2291760376134568,0.042678825874437824,1.0679900955828896,1.1086821174770778,250,250,,,
beta_ind_well,entropy_sigma,20,q0.99,mle,2.370602353334868,0.05512723148911132,-1.5114344574965213,1.5396760546734718,250,250,,,
beta_ind_well,entropy_sigma,20,q0.01,bayes,7.956957964168703,0.0346391268937985,2.8191371766643534,2.8208080339095574,250,250,1.0,0.0,23.874456168896874
beta_ind_well,entropy_sigma,20,q0.05,bayes,6.384210169527927,0.02959317035921074,2.525002483216618,2.5266994616550513,250,250,1.0,0.0,21.08761446649272
beta_ind_well,entropy_sigma,20,q0.01,mle,233.13036313354743,0.634927497937846,15.265058933583552,15.268607111768494,250,250,,,
beta_ind_well,entropy_sigma,20,q0.05,mle,183.77806870755293,0.5534452355565646,13.552631466407064,13.556477002066316,250,250,,,
beta_ind_well,entropy_sigma,30,mu,bayes,0.421302340584534,0.009464297973819678,0.6389955827612814,0.6490780697146792,250,250,1.0,0.0,18.05847166899983
beta_ind_well,entropy_sigma,30,sigma,bayes,3.999427444402937,0.005510999126851849,-1.9997389044234093,1.9998568559781815,250,250,1.0,0.0,5.644235078622547
beta_ind_well,entropy_sigma,30,q0.5,bayes,0.421302340584534,0.009464297973819678,0.6389955827612814,0.6490780697146792,250,250,1.0,0.0,18.05847166899983
beta_ind_well,entropy_sigma,30,q0.95,bayes,5.682950662599249,0.03644391657363303,-2.3808500707759,2.3838940124508996,250,250,1.0,0.0,20.021319809451544
beta_ind_well,entropy_sigma,30,q0.99,bayes,12.900023991962092,0.05806660138791474,-3.5894094641664185,3.5916603391693505,250,250,1.0,0.0,22.29797313008695
beta_ind_well,entropy_sigma,30,mu,mle,61.08932203897466,0.7071186330544158,7.761294805935374,7.815965841722612,250,250,,,
beta_ind_well,entropy_sigma,30,sigma,mle,14.35679346106781,0.0075749631089575276,-3.789002505193015,3.7890359540479173,250,250,,,
beta_ind_well,entropy_sigma,30,q0.5,mle,61.08932203897466,0.7071186330544158,7.761294805935374,7.815965841722612,250,250,,,
beta_ind_well,entropy_sigma,30,q0.95,mle,1.8861585490970096,0.18063627554171113,1.0267682634884776,1.3733748756610518,250,250,,,
beta_ind_well,entropy_sigma,30,q0.99,mle,3.2292567242740584,0.41903772290922525,-1.5508447839398496,1.7970132788251896,250,250,,,
beta_ind_well,entropy_sigma,30,q0.01,bayes,9.158641261035225,0.045733430888169606,3.0240089082343253,3.0263247117642917,250,250,1.0,0.0,22.312229463554146
beta_ind_well,entropy_sigma,30,q0.05,bayes,7.2082557251048796,0.038809407394209,2.6824280545917647,2.684819495814361,250,250,1.0,0.0,20.028374354357823
beta_ind_well,entropy_sigma,30,q0.01,mle,232.32577818884155,1.5936698231395192,15.213281100479062,15.242236653091355,250,250,,,
beta_ind_well,entropy_sigma,30,q0.05,mle,183.19468190569592,1.3849056311685601,13.502665138953656,13.534942996026837,250,250,,,
beta_ind_well,entropy_q0.95,20,mu,bayes,3.1192994422006324,0.27872698456111866,0.6667370244440708,1.7661538557556735,250,250,0.936,0.01547953487673321,8.215067153340838
beta_ind_well,entropy_q0.95,20,sigma,bayes,2.045566068158535,0.1665915709659482,-0.27432587727581065,1.4302328720032045,250,250,0.976,0.009679669415842676,8.303971891538904
beta_ind_well,entropy_q0.95,20,q0.5,bayes,3.1192994422006324,0.27872698456111866,0.6667370244440708,1.7661538557556735,250,250,0.936,0.01547953487673321,8.215067153340838
beta_ind_well,entropy_q0.95,20,q0.95,bayes,4.71910508003258,0.397601313991357,-0.34151194272437596,2.172350128324755,250,250,0.956,0.012971353052014278,10.598995219660184
beta_ind_well,entropy_q0.95,20,q0.99,bayes,8.76881439272931,0.7276512333097037,-0.5418530106625455,2.9612183966619736,250,250,0.956,0.012971353052014278,15.425354046762095
beta_ind_well,entropy_q0.95,20,mu,mle,5.815733755840151,0.8394575241826157,0.9870732525774206,2.4115832467157654,250,250,,,
beta_ind_well,entropy_q0.95,20,sigma,mle,4.861932490445589,1.0771474951554811,-0.6076016272685286,2.2049790226769934,250,250,,,
beta_ind_well,entropy_q0.95,20,q0.5,mle,5.815733755840151,0.8394575241826157,0.9870732525774206,2.4115832467157654,250,250,,,
beta_ind_well,entropy_q0.95,20,q0.95,mle,6.736674005082486,0.781334120402652,-0.5145145170287869,2.59551035541808,250,250,,,
beta_ind_well,entropy_q0.95,20,q0.99,mle,15.124100464954234,2.394586499233285,-0.9240211684665111,3.888971646200861,250,250,,,
beta_ind_well,entropy_q0.95,20,q0.01,bayes,18.261435513268857,1.5573702253466963,-0.09933465082490939,4.273340088650663,250,250,0.98,0.008854377448471465,25.405395024618556
beta_ind_well,entropy_q0.95,20,q0.05,bayes,11.842070952743578,0.9538005663502669,0.5873232826952094,3.4412310228671914,250,250,0.98,0.008854377448471465,19.975871630378503
beta_ind_well,entropy_q0.95,20,q0.01,mle,45.118636012109555,11.403908608430879,1.0380143782898164,6.717040718360248,250,250,,,
beta_ind_well,entropy_q0.95,20,q0.05,mle,29.758101731319123,6.8337245542361185,1.495504812755014,5.455098691253818,250,250,,,
beta_ind_well,entropy_q0.95,30,mu,bayes,2.5508955924818983,0.19025536786605912,0.5086902006330841,1.5971523385331463,250,250,0.96,0.01239354670786374,7.304999246581886
beta_ind_well,entropy_q0.95,30,sigma,bayes,1.504985447370436,0.1365456866851165,-0.17989107851465339,1.2267784834151747,250,250,0.968,0.011131217363792701,6.612278524719429
beta_ind_well,entropy_q0.95,30,q0.5,bayes,2.5508955924818983,0.19025536786605912,0.5086902006330841,1.5971523385331463,250,250,0.96,0.01239354670786374,7.304999246581886
beta_ind_well,entropy_q0.95,30,q0.95,bayes,3.155211888644388,0.2536486278928408,-0.31054613725024705,1.776291611375899,250,250,0.952,0.013519763311537675,8.010840742647089
beta_ind_well,entropy_q0.95,30,q0.99,bayes,5.8792906076304465,0.4863128827259472,-0.44176013931350105,2.4247248519430915,250,250,0.94,0.015019986684414876,11.688352386754948
beta_ind_well,entropy_q0.95,30,mu,mle,3.89644883534413,0.3431416615780868,0.7258485857092419,1.9739424599881654,250,250,,,
beta_ind_well,entropy_q0.95,30,sigma,mle,2.4533977138041227,0.29068081967378495,-0.3862380510592326,1.5663325680723499,250,250,,,
beta_ind_well,entropy_q0.95,30,q0.5,mle,3.89644883534413,0.3431416615780868,0.7258485857092419,1.9739424599881654,250,250,,,
beta_ind_well,entropy_q0.95,30,q0.95,mle,3.686343777278304,0.31012255719820664,-0.4116285026941564,1.9199853586103994,250,250,,,
beta_ind_well,entropy_q0.95,30,q0.99,mle,7.680302027148907,0.7242549836046627,-0.6702771504301159,2.7713357839043806,250,250,,,
beta_ind_well,entropy_q0.95,30,q0.01,bayes,15.067301778569998,1.3878424815513666,-0.4714339448446497,3.8816622442672672,250,250,0.96,0.01239354670786374,21.089367098330275
beta_ind_well,entropy_q0.95,30,q0.05,bayes,9.602506942485949,0.8061091915858188,0.28502302023373205,3.0987912066620344,250,250,0.972,0.010433791257256401,16.767884955561623
beta_ind_well,entropy_q0.95,30,q0.01,mle,24.517072857114208,3.35875989640336,0.2618210265170641,4.951471786965388,250,250,,,
beta_ind_well,entropy_q0.95,30,q0.05,mle,16.447797689540412,1.9854417313713268,0.8701694646840256,4.055588451697289,250,250,,,
beta_ind_well,bruceton,20,mu,bayes,1.3423775606928523,0.12090199918076838,-0.0643375045088582,1.1586101849599166,250,250,0.948,0.014042222046385685,6.1679175240268895
beta_ind_well,bruceton,20,sigma,bayes,2.6024898175394635,0.2198983751746393,-0.017819065160430272,1.6132234245570152,250,250,0.98,0.008854377448471465,12.203964313695373
beta_ind_well,bruceton,20,q0.5,bayes,1.3423775606928523,0.12090199918076838,-0.0643375045088582,1.1586101849599166,250,250,0.948,0.014042222046385685,6.1679175240268895
beta_ind_well,bruceton,20,q0.95,bayes,8.751252269978906,0.6422189378803908,-0.6219484136962974,2.9582515562370464,250,250,0.98,0.008854377448471465,21.09351446308737
beta_ind_well,bruceton,20,q0.99,bayes,15.805555906193185,1.174845498253445,-0.6239327963987921,3.9756201913906697,250,250,0.98,0.008854377448471465,29.16011934302477
beta_ind_well,bruceton,20,mu,mle,1.532921073645749,0.1406242816798366,-0.10545914744851403,1.238111898677074,250,250,,,
beta_ind_well,bruceton,20,sigma,mle,4.611738741673699,0.5289233057683354,-0.6202410954859144,2.147495923552289,250,250,,,
beta_ind_well,bruceton,20,q0.5,mle,1.532921073645749,0.1406242816798366,-0.10545914744851403,1.238111898677074,250,250,,,
beta_ind_well,bruceton,20,q0.95,mle,14.867075135713822,1.1906137255554319,-1.6278369921948266,3.855784632952653,250,250,,,
beta_ind_well,bruceton,20,q0.99,mle,27.535998923300752,2.410656926045894,-2.045957368508968,5.247475480962322,250,250,,,
beta_ind_well,bruceton,20,q0.01,bayes,17.255038588278026,1.8035938939904852,-1.3721165396150663,4.153918461919784,250,250,0.952,0.013519763311537675,28.929315295505315
beta_ind_well,bruceton,20,q0.05,bayes,8.607442950970876,0.887406262981725,-0.5078430584619328,2.9338443978798323,250,250,0.96,0.01239354670786374,20.845704154761712
beta_ind_well,bruceton,20,q0.01,mle,25.446757735024324,4.033393782256383,-0.02511422171959606,5.044477944745553,250,250,,,
beta_ind_well,bruceton,20,q0.05,mle,13.878830984429493,2.062675876746988,0.42376248786918397,3.7254303086260374,250,250,,,
beta_ind_well,bruceton,30,mu,bayes,0.9249791858984927,0.07925026129476719,-0.006102376669469706,0.9617583822865765,250,250,0.944,0.014541526742402262,4.9346364659608986
beta_ind_well,bruceton,30,sigma,bayes,1.9977610642152708,0.17627247909920016,0.04874128420111419,1.4134217573729615,250,250,0.992,0.005634181395730885,10.501578217669326
beta_ind_well,bruceton,30,q0.5,bayes,0.9249791858984927,0.07925026129476719,-0.006102376669469706,0.9617583822865765,250,250,0.944,0.014541526742402262,4.9346364659608986
beta_ind_well,bruceton,30,q0.95,bayes,6.825969879917124,0.5320354037291941,-0.4422865125129774,2.6126557140038797,250,250,0.98,0.008854377448471465,18.003049817021836
beta_ind_well,bruceton,30,q0.99,bayes,12.335340343528795,0.9809722477156653,-0.4031097364939809,3.512170318126499,250,250,0.988,0.006886508549330352,24.98677235770807
beta_ind_well,bruceton,30,mu,mle,0.9710353085651489,0.08182391775584169,-0.025420329883015798,0.9854112382985841,250,250,,,
beta_ind_well,bruceton,30,sigma,mle,2.522818686756229,0.21213276035568981,-0.5098596975659547,1.5883383413984027,250,250,,,
beta_ind_well,bruceton,30,q0.5,mle,0.9710353085651489,0.08182391775584169,-0.025420329883015798,0.9854112382985841,250,250,,,
beta_ind_well,bruceton,30,q0.95,mle,9.18788151858375,0.6793062762447184,-1.3662369319127088,3.031151846837065,250,250,,,
beta_ind_well,bruceton,30,q0.99,mle,16.461232900156936,1.2423146150007824,-1.7091330205587152,4.057244495979622,250,250,,,
beta_ind_well,bruceton,30,q0.01,bayes,13.420938269396425,1.3611969378626194,-1.4756311254493102,3.6634598768645503,250,250,0.952,0.013519763311537675,24.84266410546052
beta_ind_well,bruceton,30,q0.05,bayes,6.294628178867162,0.6064433880999833,-0.567614884228044,2.508909759012301,250,250,0.98,0.008854377448471465,17.86786489804578
beta_ind_well,bruceton,30,q0.01,mle,12.934166932222517,1.4782819749622782,-0.20186093453885215,3.596410284189294,250,250,,,
beta_ind_well,bruceton,30,q0.05,mle,6.967880453093303,0.6867892739752084,0.3222400627180627,2.6396743081473715,250,250,,,
beta_ind_poor,dror_steinberg,20,mu,bayes,1.9473062895184134,0.1774457704314136,-0.1482196896235357,1.3954591679868005,250,250,0.9,0.018973665961010272,5.287513381706094
beta_ind_poor,dror_steinberg,20,sigma,bayes,2.126788451751192,0.16746928274212142,-0.5015272172967884,1.4583512785852357,250,250,0.952,0.013519763311537675,6.784502994630712
beta_ind_poor,dror_steinberg,20,q0.5,bayes,1.9473062895184134,0.1774457704314136,-0.1482196896235357,1.3954591679868005,250,250,0.9,0.018973665961010272,5.287513381706094
beta_ind_poor,dror_steinberg,20,q0.95,bayes,9.488952797081765,0.7361534786449707,-1.459233149273394,3.0804143872345757,250,250,0.924,0.016759952267235128,11.614656604269692
beta_ind_poor,dror_steinberg,20,q0.99,bayes,15.81043973020378,1.2273971575457705,-1.7964948741802387,3.976234365603187,250,250,0.928,0.01634821091128934,15.972022037985079
beta_ind_poor,dror_steinberg,20,mu,mle,2.226815816639457,0.2019860062823559,0.17771535225840973,1.4922519280066142,250,250,,,
beta_ind_poor,dror_steinberg,20,sigma,mle,2.997818857309363,0.2805415471675268,-0.6317726873661538,1.7314210514226063,250,250,,,
beta_ind_poor,dror_steinberg,20,q0.5,mle,2.226815816639457,0.2019860062823559,0.17771535225840973,1.4922519280066142,250,250,,,
beta_ind_poor,dror_steinberg,20,q0.95,mle,12.82777796794408,1.2714089727963838,-1.3636302732166383,3.5815887491369076,250,250,,,
beta_ind_poor,dror_steinberg,20,q0.99,mle,21.9257688671494,2.170981268044913,-1.7896093630569452,4.682496008236355,250,250,,,
beta_ind_poor,dror_steinberg,20,q0.01,bayes,11.660462714460955,1.0631996513168698,-0.34164261227648957,3.414741968943035,250,250,0.932,0.01592180894245374,17.429140590062936
beta_ind_poor,dror_steinberg,20,q0.05,bayes,6.6614762469152815,0.5891239472105247,0.18610198414796872,2.5809835812951776,250,250,0.94,0.015019986684414876,13.086539759322031
beta_ind_poor,dror_steinberg,20,q0.01,mle,13.876146100560145,1.352385210285893,0.28488677224222886,3.7250699457272134,250,250,,,
beta_ind_poor,dror_steinberg,20,q0.05,mle,8.010808272898561,0.7021573335627321,0.7259047683048434,2.8303371306080414,250,250,,,
beta_ind_poor,dror_steinberg,30,mu,bayes,1.3875521170572673,0.11346551868088339,-0.06452380121876677,1.17794402119,250,250,0.932,0.01592180894245374,4.410332474565639
beta_ind_poor,dror_steinberg,30,sigma,bayes,1.3278578496906335,0.12223824541107074,-0.2702369211644877,1.1523271452546076,250,250,0.956,0.012971353052014278,5.338174093516607
beta_ind_poor,dror_steinberg,30,q0.5,bayes,1.3875521170572673,0.11346551868088339,-0.06452380121876677,1.17794402119,250,250,0.932,0.01592180894245374,4.410332474565639
beta_ind_poor,dror_steinberg,30,q0.95,bayes,6.149832920383968,0.46570322116918716,-0.999015321590202,2.4798856667967515,250,250,0.924,0.016759952267235128,9.427551968655884
beta_ind_poor,dror_steinberg,30,q0.99,bayes,10.07832268208791,0.7868982065735194,-1.182305742676998,3.1746374095458383,250,250,0.928,0.01634821091128934,12.74677480660715
beta_ind_poor,dror_steinberg,30,mu,mle,1.535652669984629,0.1314620928293639,0.16471326506865958,1.2392145375134318,250,250,,,
beta_ind_poor,dror_steinberg,30,sigma,mle,1.6326302586872385,0.1563881729154218,-0.3741713221817932,1.2777442070646372,250,250,,,
beta_ind_poor,dror_steinberg,30,q0.5,mle,1.535652669984629,0.1314620928293639,0.16471326506865958,1.2392145375134318,250,250,,,
beta_ind_poor,dror_steinberg,30,q0.95,mle,7.347322312127586,0.5842853829959115,-0.9529158205752425,2.7105944573335914,250,250,,,
beta_ind_poor,dror_steinberg,30,q0.99,mle,12.296606402470166,1.0122440693514887,-1.20334106200004,3.5066517366955856,250,250,,,
beta_ind_poor,dror_steinberg,30,q0.01,bayes,8.293464853476838,0.9766822848788993,-0.8063670426030105,2.8798376435967423,250,250,0.928,0.01634821091128934,13.655720247604304
beta_ind_poor,dror_steinberg,30,q0.05,bayes,4.414335919379913,0.5030220921106001,-0.12112713711187967,2.10103210812684,250,250,0.94,0.015019986684414876,10.281301448948314
beta_ind_poor,dror_steinberg,30,q0.01,mle,8.431518671991228,1.0591774996342216,-0.3273857031941765,2.9037077456230382,250,250,,,
beta_ind_poor,dror_steinberg,30,q0.05,mle,4.738128736049233,0.543062570216191,0.2891861412839471,2.17672431328573,250,250,,,
beta_ind_poor,entropy_vector,20,mu,bayes,1.7041087755380895,0.15541950049957856,-0.15874498545745483,1.3054151736279496,250,250,0.896,0.019306372005117894,5.175409900804198
beta_ind_poor,entropy_vector,20,sigma,bayes,1.9335269330456417,0.15314224283733452,-0.5086475831034685,1.3905131905327766,250,250,0.944,0.014541526742402262,6.921370330369482
beta_ind_poor,entropy_vector,20,q0.5,bayes,1.7041087755380895,0.15541950049957856,-0.15874498545745483,1.3054151736279496,250,250,0.896,0.019306372005117894,5.175409900804198
beta_ind_poor,entropy_vector,20,q0.95,bayes,8.586132689762835,0.7080972963400144,-1.482089706086339,2.9302103490641818,250,250,0.916,0.017543545821754502,12.443068662037808
beta_ind_poor,entropy_vector,20,q0.99,bayes,14.349514502986668,1.1521252505472954,-1.8216933172156182,3.7880753032360204,250,250,0.928,0.01634821091128934,16.842615609177635
beta_ind_poor,entropy_vector,20,mu,mle,2.1060621820804304,0.26669110023399967,0.16807653173107054,1.4512278188073815,250,250,,,
beta_ind_poor,entropy_vector,20,sigma,mle,3.7428506632968146,0.6484603320713616,-0.5317042247744539,1.9346448416432445,250,250,,,
beta_ind_poor,entropy_vector,20,q0.5,mle,2.1060621820804304,0.26669110023399967,0.16807653173107054,1.4512278188073815,250,250,,,
beta_ind_poor,entropy_vector,20,q0.95,mle,15.634075053099027,2.540263950212843,-1.2086711201065619,3.9539948220880397,250,250,,,
beta_ind_poor,entropy_vector,20,q0.99,mle,27.123995809770925,4.529108891562798,-1.5664541283755478,5.208070257760634,250,250,,,
beta_ind_poor,entropy_vector,20,q0.01,bayes,10.554497629382036,1.025486926501548,-0.322585468121244,3.2487686327872036,250,250,0.944,0.014541526742402262,16.992517492690364
beta_ind_poor,entropy_vector,20,q0.05,bayes,6.054215424127495,0.5284935149476402,0.20093941202777924,2.4605315328455952,250,250,0.948,0.014042222046385685,12.589481555888415
beta_ind_poor,entropy_vector,20,q0.01,mle,16.93904863784899,3.1251885097298935,0.0424538965061534,4.115707550087711,250,250,,,
beta_ind_poor,entropy_vector,20,q0.05,mle,9.009898484532313,1.352852726138529,0.5516679741400888,3.0016492940602357,250,250,,,
beta_ind_poor,entropy_vector,30,mu,bayes,1.2664329731025723,0.11972813199398125,-0.036654307453866795,1.1253590418628947,250,250,0.9,0.018973665961010272,4.304481984250656
beta_ind_poor,entropy_vector,30,sigma,bayes,1.194075761600762,0.09885199907684135,-0.32521968315590877,1.0927377368796056,250,250,0.972,0.010433791257256401,5.240448954270307
beta_ind_poor,entropy_vector,30,q0.5,bayes,1.2664329731025723,0.11972813199398125,-0.036654307453866795,1.1253590418628947,250,250,0.9,0.018973665961010272,4.304481984250656
beta_ind_poor,entropy_vector,30,q0.95,bayes,5.833152146971754,0.49762900295804735,-1.063106982079076,2.4151919482665876,250,250,0.936,0.01547953487673321,9.67585176205723
beta_ind_poor,entropy_vector,30,q0.99,bayes,9.497623081994732,0.7950357803337026,-1.2823186203685346,3.081821390346094,250,250,0.944,0.014541526742402262,12.966366915407978
beta_ind_poor,entropy_vector,30,mu,mle,1.4110023543170618,0.13886923828643885,0.17420341524729463,1.1878562010264802,250,250,,,
beta_ind_poor,entropy_vector,30,sigma,mle,1.4800330230060543,0.12011069747892864,-0.4017706211618451,1.216566078355818,250,250,,,
beta_ind_poor,entropy_vector,30,q0.5,mle,1.4110023543170618,0.13886923828643885,0.17420341524729463,1.1878562010264802,250,250,,,
beta_ind_poor,entropy_vector,30,q0.95,mle,6.953715793926732,0.5868707170500372,-0.988822477425264,2.636989911608828,250,250,,,
beta_ind_poor,entropy_vector,30,q0.99,mle,11.553088546932704,0.9532870970573839,-1.2580564823286664,3.39898345787865,250,250,,,
beta_ind_poor,entropy_vector,30,q0.01,bayes,6.852304824262719,0.6347300277188624,-0.6475017665951677,2.617690742670478,250,250,0.944,0.014541526742402262,12.954824845945858
beta_ind_poor,entropy_vector,30,q0.05,bayes,3.701384518596085,0.32883293433773025,0.0008887231356125938,1.9238982609784971,250,250,0.948,0.014042222046385685,9.663551084975454
beta_ind_poor,entropy_vector,30,q0.01,mle,7.12768015657524,0.6688892695481116,-0.2536899825082802,2.6697715551288725,250,250,,,
beta_ind_poor,entropy_vector,30,q0.05,mle,4.038883100788815,0.35151301008948677,0.3440730984912385,2.009697265955451,250,250,,,
beta_ind_poor,entropy_mu,20,mu,bayes,1.6000209176202522,0.14031392493574574,-0.34321034011476054,1.264919332455731,250,250,0.9,0.018973665961010272,4.797750059347769
beta_ind_poor,entropy_mu,20,sigma,bayes,2.382487705697082,0.17567689443347878,-0.8673903066621251,1.5435309215228188,250,250,0.956,0.012971353052014278,8.044885684193714
beta_ind_poor,entropy_mu,20,q0.5,bayes,1.6000209176202522,0.14031392493574574,-0.34321034011476054,1.264919332455731,250,250,0.9,0.018973665961010272,4.797750059347769
beta_ind_poor,entropy_mu,20,q0.95,bayes,11.583259193872033,0.7905088028924748,-2.25922444841625,3.403418750884474,250,250,0.948,0.014042222046385685,14.287415613018117
beta_ind_poor,entropy_mu,20,q0.99,bayes,19.222414983012097,1.31604943546948,-2.8428604652838314,4.384337462264065,250,250,0.952,0.013519763311537675,19.555746782046516
beta_ind_poor,entropy_mu,20,mu,mle,1.8712550268448966,0.19636524729912883,-0.13579784165343234,1.367938239411742,250,250,,,
beta_ind_poor,entropy_mu,20,sigma,mle,4.067496257915384,0.3914894330709517,-1.0749917448091624,2.016803475283446,250,250,,,
beta_ind_poor,entropy_mu,20,q0.5,mle,1.8712550268448966,0.19636524729912883,-0.13579784165343234,1.367938239411742,250,250,,,
beta_ind_poor,entropy_mu,20,q0.95,mle,18.220411135048398,1.7141129046499672,-2.406173941297626,4.268537353127931,250,250,,,
beta_ind_poor,entropy_mu,20,q0.99,mle,31.25309788094484,2.9584498635405154,-3.134204268985716,5.5904470197780105,250,250,,,
beta_ind_poor,entropy_mu,20,q0.01,bayes,9.522122949883501,0.8612783258983371,0.3527492466739479,3.0857937309359325,250,250,0.964,0.011782020200288238,19.024652791573434
beta_ind_poor,entropy_mu,20,q0.05,bayes,5.667027381913926,0.5058114373100333,0.6368485021511144,2.3805519069984435,250,250,0.964,0.011782020200288238,13.784656212960156
beta_ind_poor,entropy_mu,20,q0.01,mle,14.798354870356084,1.7698122622183012,1.0024552903473154,3.8468629908480083,250,250,,,
beta_ind_poor,entropy_mu,20,q0.05,mle,8.334218620987226,0.8336971415829421,1.1414220485621474,2.886904678195528,250,250,,,
beta_ind_poor,entropy_mu,30,mu,bayes,1.1016485341634397,0.101861717325691,-0.22535927641265086,1.0495944617629418,250,250,0.92,0.01715808847162177,3.9670261132504567
beta_ind_poor,entropy_mu,30,sigma,bayes,1.8485205211905582,0.13803891147218797,-0.6447035992375963,1.359603074868014,250,250,0.944,0.014541526742402262,6.875513504254031
beta_ind_poor,entropy_mu,30,q0.5,bayes,1.1016485341634397,0.101861717325691,-0.22535927641265086,1.0495944617629418,250,250,0.92,0.01715808847162177,3.9670261132504567
beta_ind_poor,entropy_mu,30,q0.95,bayes,8.51869456175797,0.5730313032110342,-1.779755195569835,2.918680277412716,250,250,0.948,0.014042222046385685,12.36807204293731
beta_ind_poor,entropy_mu,30,q0.99,bayes,14.299967879446784,0.96753575885305,-2.212167921943169,3.7815298332086162,250,250,0.944,0.014541526742402262,16.882727155944828
beta_ind_poor,entropy_mu,30,mu,mle,1.203540367263146,0.11841523113816342,-0.09461378646261225,1.0970598740557171,250,250,,,
beta_ind_poor,entropy_mu,30,sigma,mle,2.704910714947676,0.20398032650828865,-0.8492640133019229,1.6446612766608437,250,250,,,
beta_ind_poor,entropy_mu,30,q0.5,mle,1.203540367263146,0.11841523113816342,-0.09461378646261225,1.0970598740557171,250,250,,,
beta_ind_poor,entropy_mu,30,q0.95,mle,11.877997256378036,0.8545983521189556,-1.9937008082335952,3.4464470482480993,250,250,,,
beta_ind_poor,entropy_mu,30,q0.99,mle,20.42162856436406,1.4726031542545945,-2.567898985490967,4.519029604280554,250,250,,,
beta_ind_poor,entropy_mu,30,q0.01,bayes,8.2006591280057,0.781771144410189,-0.0701041636821353,2.863679299084606,250,250,0.932,0.01592180894245374,16.026477854947753
beta_ind_poor,entropy_mu,30,q0.05,bayes,4.622641329420783,0.4203630033903672,0.3622061898315028,2.1500328670559394,250,250,0.94,0.015019986684414876,11.544010653180191
beta_ind_poor,entropy_mu,30,q0.01,mle,10.30124650401768,1.0098891064054016,0.5185181172342072,3.2095554994450057,250,250,,,
beta_ind_poor,entropy_mu,30,q0.05,mle,5.878022135033906,0.5083467886064854,0.8113170258797565,2.424463267412791,250,250,,,
beta_ind_poor,entropy_sigma,20,mu,bayes,30.589401231548685,1.628375586826724,-3.6379832430835353,5.530768593201914,250,250,0.988,0.006886508549330352,14.662985589903663
beta_ind_poor,entropy_sigma,20,sigma,bayes,3.690248204067071,0.16418833194066465,-0.8835864640932893,1.9210018750816125,250,250,0.992,0.005634181395730885,6.570213651099587
beta_ind_poor,entropy_sigma,20,q0.5,bayes,30.589401231548685,1.628375586826724,-3.6379832430835353,5.530768593201914,250,250,0.988,0.006886508549330352,14.662985589903663
beta_ind_poor,entropy_sigma,20,q0.95,bayes,67.01158097216192,3.6856422896284773,-5.191548041842685,8.18606016177269,250,250,0.456,0.03150009523795127,18.135944177248057
beta_ind_poor,entropy_sigma,20,q0.99,bayes,86.53232228938,4.666319294775873,-5.7295503764231235,9.302275113614948,250,250,0.456,0.03150009523795127,21.23295874815546
beta_ind_poor,entropy_sigma,20,mu,mle,8.519499387057346,0.9984373592850435,0.5966728925839425,2.918818149021509,250,250,,,
beta_ind_poor,entropy_sigma,20,sigma,mle,10.372531230404944,0.5773283742607551,-1.559858543862352,3.2206414315171665,250,250,,,
beta_ind_poor,entropy_sigma,20,q0.5,mle,8.519499387057346,0.9984373592850435,0.5966728925839425,2.918818149021509,250,250,,,
beta_ind_poor,entropy_sigma,20,q0.95,mle,47.35374869162401,4.424439895311069,-2.471238120071241,6.88140601124683,250,250,,,
beta_ind_poor,entropy_sigma,20,q0.99,mle,79.99957479940123,6.775091743568638,-3.529702381918716,8.944248140531501,250,250,,,
beta_ind_poor,entropy_sigma,20,q0.01,bayes,18.109422216473586,1.1632049894440961,-3.5080975948897066,4.25551668031904,250,250,0.976,0.009679669415842676,22.428181723348892
beta_ind_poor,entropy_sigma,20,q0.05,bayes,16.471055799890884,0.753619416114795,-3.148133760949742,4.058454853745559,250,250,0.988,0.006886508549330352,19.16514184335099
beta_ind_poor,entropy_sigma,20,q0.01,mle,42.916445062055615,3.111812596423408,2.8628948717550657,6.551064422065747,250,250,,,
beta_ind_poor,entropy_sigma,20,q0.05,mle,25.177391664772987,2.2785681479396387,2.671427695810512,5.0177078098244206,250,250,,,
beta_ind_poor,entropy_sigma,30,mu,bayes,20.551149485431296,1.5697704980208285,-2.243317608737244,4.5333375657931425,250,250,0.976,0.009679669415842676,11.392621468201705
beta_ind_poor,entropy_sigma,30,sigma,bayes,2.5278264727469635,0.16606675304431104,-0.6474598223440474,1.5899139828138387,250,250,0.988,0.006886508549330352,5.463520183237101
beta_ind_poor,entropy_sigma,30,q0.5,bayes,20.551149485431296,1.5697704980208285,-2.243317608737244,4.5333375657931425,250,250,0.976,0.009679669415842676,11.392621468201705
beta_ind_poor,entropy_sigma,30,q0.95,bayes,44.540106993883555,3.638776797044545,-3.538165298449282,6.673837501309389,250,250,0.64,0.030357865537616442,14.09080674739226
beta_ind_poor,entropy_sigma,30,q0.99,bayes,57.560088162026354,4.649737149065042,-3.950112170322014,7.586836505555286,250,250,0.64,0.030357865537616442,16.663500022843685
beta_ind_poor,entropy_sigma,30,mu,mle,6.172768686358751,0.5127383913155957,0.8332607892953485,2.484505722746227,250,250,,,
beta_ind_poor,entropy_sigma,30,sigma,mle,6.466741923126857,0.43732486939746434,-1.1651782810612732,2.5429789466542694,250,250,,,
beta_ind_poor,entropy_sigma,30,q0.5,mle,6.172768686358751,0.5127383913155957,0.8332607892953485,2.484505722746227,250,250,,,
beta_ind_poor,entropy_sigma,30,q0.95,mle,24.28582996105174,2.3687870322939695,-1.5854589616053198,4.928065539443621,250,250,,,
beta_ind_poor,entropy_sigma,30,q0.99,mle,42.263266571497155,3.814679230418727,-2.37495089491414,6.501020425402243,250,250,,,
beta_ind_poor,entropy_sigma,30,q0.01,bayes,13.243138567894338,0.977936481637287,-2.483093257344163,3.6391123324094212,250,250,0.956,0.012971353052014278,18.337825611381987
beta_ind_poor,entropy_sigma,30,q0.05,bayes,11.70217830695052,0.713697122475832,-1.992480662117384,3.420844677407982,250,250,0.976,0.009679669415842676,15.532731834734186
beta_ind_poor,entropy_sigma,30,q0.01,mle,34.39200469846051,2.868632236668025,2.1813191781733012,5.864469686038159,250,250,,,
beta_ind_poor,entropy_sigma,30,q0.05,mle,21.932820022079703,2.0942656512437536,2.258824330767403,4.683248874668066,250,250,,,
beta_ind_poor,entropy_q0.95,20,mu,bayes,2.8647727124128606,0.24593133041753,0.0971395823333177,1.6925639463290185,250,250,0.932,0.01592180894245374,7.964684683814199
beta_ind_poor,entropy_q0.95,20,sigma,bayes,2.1119444084838874,0.17559681134615562,-0.1962488085784331,1.453253043514407,250,250,0.972,0.010433791257256401,8.615000784411334
beta_ind_poor,entropy_q0.95,20,q0.5,bayes,2.8647727124128606,0.24593133041753,0.0971395823333177,1.6925639463290185,250,250,0.932,0.01592180894245374,7.964684683814199
beta_ind_poor,entropy_q0.95,20,q0.95,bayes,5.378579026367338,0.5182664911669055,-0.7770611415181613,2.319176368102982,250,250,0.952,0.013519763311537675,11.012719306657054
beta_ind_poor,entropy_q0.95,20,q0.99,bayes,9.696440936822933,0.9025401829170391,-0.9192392402916689,3.113910874900393,250,250,0.964,0.011782020200288238,16.133315934481814
beta_ind_poor,entropy_q0.95,20,mu,mle,3.8283986616168595,0.34983273101218504,0.800147506738483,1.956629413460009,250,250,,,
beta_ind_poor,entropy_q0.95,20,sigma,mle,3.398722305765996,0.37250202772390584,-0.6136979739282036,1.8435623954089528,250,250,,,
beta_ind_poor,entropy_q0.95,20,q0.5,mle,3.8283986616168595,0.34983273101218504,0.800147506738483,1.956629413460009,250,250,,,
beta_ind_poor,entropy_q0.95,20,q0.95,mle,8.195790846393171,1.753828794046045,-0.7114678607820445,2.862829168216848,250,250,,,
beta_ind_poor,entropy_q0.95,20,q0.99,mle,15.61176376828866,2.950217309918774,-1.125129137396599,3.95117245489091,250,250,,,
beta_ind_poor,entropy_q0.95,20,q0.01,bayes,19.941183151720544,1.7699258077330036,-0.8516394307280352,4.4655551896399786,250,250,0.956,0.012971353052014278,25.889908579492463
beta_ind_poor,entropy_q0.95,20,q0.05,bayes,12.1082360996831,1.0144597780055877,-0.110713794822386,3.4796890808925873,250,250,0.972,0.010433791257256401,20.219991671942044
beta_ind_poor,entropy_q0.95,20,q0.01,mle,25.489711678060644,2.2042267693554627,0.8652708555420295,5.048733670739688,250,250,,,
beta_ind_poor,entropy_q0.95,20,q0.05,mle,16.778274532178756,1.3283608606831805,1.318606664830396,4.0961292133157565,250,250,,,
beta_ind_poor,entropy_q0.95,30,mu,bayes,2.231802287460281,0.19236705594791673,0.07725874927232303,1.493921780904302,250,250,0.928,0.01634821091128934,6.789721660020523
beta_ind_poor,entropy_q0.95,30,sigma,bayes,1.697145070699048,0.16613773655850747,-0.07881416930972768,1.3027452055943434,250,250,0.948,0.014042222046385685,6.597788362853733
beta_ind_poor,entropy_q0.95,30,q0.5,bayes,2.231802287460281,0.19236705594791673,0.07725874927232303,1.493921780904302,250,250,0.928,0.01634821091128934,6.789721660020523
beta_ind_poor,entropy_q0.95,30,q0.95,bayes,3.693282866519537,0.3065531577447459,-0.5886313930703972,1.9217915772839511,250,250,0.948,0.014042222046385685,8.293680009847314
beta_ind_poor,entropy_q0.95,30,q0.99,bayes,6.9049021725850395,0.6023892598348691,-0.6560745782232159,2.6277180542411775,250,250,0.948,0.014042222046385685,12.068723692298345
beta_ind_poor,entropy_q0.95,30,mu,mle,2.6430021893595166,0.2093829126175703,0.6090829225812138,1.62573127833585,250,250,,,
beta_ind_poor,entropy_q0.95,30,sigma,mle,2.1883099183604022,0.2075283211153992,-0.37278266714173297,1.4792937228151826,250,250,,,
beta_ind_poor,entropy_q0.95,30,q0.5,mle,2.6430021893595166,0.2093829126175703,0.6090829225812138,1.62573127833585,250,250,,,
beta_ind_poor,entropy_q0.95,30,q0.95,mle,4.423706997426847,0.4032348509203345,-0.5062620287834607,2.103261038822059,250,250,,,
beta_ind_poor,entropy_q0.95,30,q0.99,mle,8.77285791135353,0.815565292284715,-0.7557409097872655,2.961901063734832,250,250,,,
beta_ind_poor,entropy_q0.95,30,q0.01,bayes,17.54824200543242,1.760876940185751,-1.1521577907809715,4.189062186866223,250,250,0.94,0.015019986684414876,20.462277392391208
beta_ind_poor,entropy_q0.95,30,q0.05,bayes,10.317069695303163,0.9743029564590372,-0.32740207959008216,3.2120195664570854,250,250,0.948,0.014042222046385685,16.14711318921608
beta_ind_poor,entropy_q0.95,30,q0.01,mle,18.536922580123417,1.8907679376223951,0.1137534596181576,4.305452656820583,250,250,,,
beta_ind_poor,entropy_q0.95,30,q0.05,mle,12.000565942725451,1.0898334297633496,0.7312716645172737,3.4641833009708725,250,250,,,
beta_ind_poor,bruceton,20,mu,bayes,1.4636602586940548,0.1265398251116954,-0.2944850548510268,1.2098182750702913,250,250,0.916,0.017543545821754502,5.004646236575798
beta_ind_poor,bruceton,20,sigma,bayes,2.233537563938305,0.1607479047172638,-0.7633024184259054,1.4945024469495876,250,250,0.94,0.015019986684414876,8.154722770674761
beta_ind_poor,bruceton,20,q0.5,bayes,1.4636602586940548,0.1265398251116954,-0.2944850548510268,1.2098182750702913,250,250,0.916,0.017543545821754502,5.004646236575798
beta_ind_poor,bruceton,20,q0.95,bayes,10.189134761839279,0.6655796522385545,-2.048991189005338,3.192042412287042,250,250,0.94,0.015019986684414876,14.091022061888799
beta_ind_poor,bruceton,20,q0.99,bayes,17.095296366726878,1.1149237038909894,-2.5602598029908177,4.134645857473997,250,250,0.94,0.015019986684414876,19.40363890739208
beta_ind_poor,bruceton,20,mu,mle,1.5811334730686666,0.1371736348101739,-0.08299958672046753,1.2574312995423116,250,250,,,
beta_ind_poor,bruceton,20,sigma,mle,3.8386771593172124,0.30706160731603305,-1.0185544089066134,1.959254235498092,250,250,,,
beta_ind_poor,bruceton,20,q0.5,mle,1.5811334730686666,0.1371736348101739,-0.08299958672046753,1.2574312995423116,250,250,,,
beta_ind_poor,bruceton,20,q0.95,mle,15.561294607980955,1.001820501138977,-2.260544529709875,3.9447806793256524,250,250,,,
beta_ind_poor,bruceton,20,q0.99,mle,27.273346479518125,1.8166669946629177,-2.9501131376593275,5.222388962871123,250,250,,,
beta_ind_poor,bruceton,20,q0.01,bayes,10.093598843654268,1.0986141767410618,0.14718129512223146,3.1770424680281293,250,250,0.956,0.012971353052014278,19.713658287743293
beta_ind_poor,bruceton,20,q0.05,bayes,5.929969719515227,0.611758457088242,0.5001577123370321,2.435152915016884,250,250,0.964,0.011782020200288238,14.402694864973917
beta_ind_poor,bruceton,20,q0.01,mle,15.751871394205631,1.973756766981367,0.9239606688868568,3.968862733101969,250,250,,,
beta_ind_poor,bruceton,20,q0.05,mle,9.067981020325998,1.019876896718479,1.1013891468403263,3.0113088550206863,250,250,,,
beta_ind_poor,bruceton,30,mu,bayes,0.9740095612730159,0.08375414254613597,-0.15937865026845072,0.9869192273296816,250,250,0.92,0.01715808847162177,4.146643176082944
beta_ind_poor,bruceton,30,sigma,bayes,1.698189529746648,0.1237451191575263,-0.5148891411238083,1.3031460124432135,250,250,0.952,0.013519763311537675,7.309738910556442
beta_ind_poor,bruceton,30,q0.5,bayes,0.9740095612730159,0.08375414254613597,-0.15937865026845072,0.9869192273296816,250,250,0.92,0.01715808847162177,4.146643176082944
beta_ind_poor,bruceton,30,q0.95,bayes,7.4134019304262075,0.5381157625131868,-1.505694294961506,2.7227563112453175,250,250,0.92,0.01715808847162177,12.6036771214895
beta_ind_poor,bruceton,30,q0.99,bayes,12.582091628123534,0.9045092276192614,-1.8488806172965642,3.5471244167809415,250,250,0.932,0.01592180894245374,17.419224883501077
beta_ind_poor,bruceton,30,mu,mle,1.035623332674685,0.08602472746269196,-0.008205114173888887,1.01765580265367,250,250,,,
beta_ind_poor,bruceton,30,sigma,mle,2.3862163066043878,0.16989772005434592,-0.7377362636771211,1.5447382647569743,250,250,,,
beta_ind_poor,bruceton,30,q0.5,mle,1.035623332674685,0.08602472746269196,-0.008205114173888887,1.01765580265367,250,250,,,
beta_ind_poor,bruceton,30,q0.95,mle,9.94783653671775,0.6799546326942236,-1.7238453124687807,3.1540191084896345,250,250,,,
beta_ind_poor,bruceton,30,q0.99,mle,17.295198572718274,1.1770579740924492,-2.222037969966027,4.15874964054321,250,250,,,
beta_ind_poor,bruceton,30,q0.01,bayes,8.315690385654595,0.7972492857493179,-0.30644899469603754,2.8836938786311204,250,250,0.964,0.011782020200288238,17.543369658804657
beta_ind_poor,bruceton,30,q0.05,bayes,4.537281686792372,0.4022692257618151,0.2164441639385114,2.1300895959542108,250,250,0.976,0.009679669415842676,12.767908997443541
beta_ind_poor,bruceton,30,q0.01,mle,9.769721274346043,0.981326021805314,0.3454744462867135,3.125655335181095,250,250,,,
beta_ind_poor,bruceton,30,q0.05,mle,5.572126275204439,0.4936840195944949,0.7142788746923886,2.36053516711877,250,250,,,
