cell,block,dgp,pol,prior_name,scale,n,backend,target,n_rep,coverage,coverage_se,bias,rmse,mean_width,median_width,w_star,frac_narrow,false_certainty,false_certainty_se,delta,curve_scale,dangerous_error,dangerous_error_se,decision_loss_10to1,unresolved_rate,frac_all_equal,x_min_mean,x_max_mean,target_true,target_outside_sampled
II|beta_cdf|entropy_q0.95|shifted|s3,II,beta_cdf,entropy_q0.95,shifted,s3,20,particle,q0.5,22,0.9545454545454546,0.04440947367810882,0.331504743896017,1.6773048198259795,7.590471260990513,7.794993168286391,,0.0,,,1.950355972450423,3.900711944900846,0.09090909090909091,0.061290896587567464,5.971927564632824,0.0,0.0,21.22613065326633,35.283691183188665,29.355858727356058,0.0
II|beta_cdf|entropy_q0.95|shifted|s3,II,beta_cdf,entropy_q0.95,shifted,s3,20,particle,q0.95,22,1.0,0.0,-1.1169626158942934,1.9979246958064643,10.002442096837695,9.338463290204631,,0.0,,,1.950355972450423,3.900711944900846,0.2727272727272727,0.09495144870310791,13.794808203340246,0.0,0.0,21.22613065326633,35.283691183188665,36.2741309468711,1.0
II|beta_cdf|entropy_q0.95|shifted|s3,II,beta_cdf,entropy_q0.95,shifted,s3,20,particle,q0.99,22,1.0,0.0,-1.4982098159878516,2.738745704292412,14.677805568831458,13.919195937508714,,0.0,,,1.950355972450423,3.900711944900846,0.5,0.10660035817780522,19.36339196754798,0.0,0.0,21.22613065326633,35.283691183188665,38.92787333480589,1.0
II|beta_cdf|entropy_q0.95|shifted|s3,II,beta_cdf,entropy_q0.95,shifted,s3,30,particle,q0.5,22,0.9090909090909091,0.06129089658756747,0.3326065685816534,1.612654578165481,6.279213987198247,6.115954689902342,,0.0,,,1.950355972450423,3.900711944900846,0.09090909090909091,0.061290896587567464,5.874397186186963,0.0,0.0,19.806304248515303,35.5011420740064,29.355858727356058,0.0
II|beta_cdf|entropy_q0.95|shifted|s3,II,beta_cdf,entropy_q0.95,shifted,s3,30,particle,q0.95,22,0.9545454545454546,0.04440947367810882,-1.047746086062123,2.0564831849375804,7.240649003766484,6.445733492274547,,0.0,,,1.950355972450423,3.900711944900846,0.36363636363636365,0.10255928633050294,14.566347804133704,0.0,0.0,19.806304248515303,35.5011420740064,36.2741309468711,1.0
II|beta_cdf|entropy_q0.95|shifted|s3,II,beta_cdf,entropy_q0.95,shifted,s3,30,particle,q0.99,22,1.0,0.0,-1.415034379742959,2.7639866313749795,10.507207459197996,9.308962085840575,,0.0,,,1.950355972450423,3.900711944900846,0.45454545454545453,0.10615894693111677,19.720041437083793,0.0,0.0,19.806304248515303,35.5011420740064,38.92787333480589,1.0
II|beta_cdf|entropy_q0.95|shifted|s3,II,beta_cdf,entropy_q0.95,shifted,s3,50,particle,q0.5,22,0.9545454545454546,0.04440947367810882,0.17147370218702288,1.1747489421180688,5.194609845223116,5.475769797442343,2.5238625928067258,0.0,0.0,0.0,1.950355972450423,3.900711944900846,0.0,0.0,4.737528170634994,0.0,0.0,19.3905893101873,35.661032434901784,29.355858727356058,0.0
II|beta_cdf|entropy_q0.95|shifted|s3,II,beta_cdf,entropy_q0.95,shifted,s3,50,particle,q0.95,22,0.8181818181818182,0.08223036670302644,-0.7355067657634006,1.6352700626189223,5.457016037334015,5.353283513709595,4.962188850452113,0.4090909090909091,0.18181818181818182,0.08223036670302644,1.950355972450423,3.900711944900846,0.2727272727272727,0.09495144870310791,10.923357790024731,0.0,0.0,19.3905893101873,35.661032434901784,36.2741309468711,1.0
II|beta_cdf|entropy_q0.95|shifted|s3,II,beta_cdf,entropy_q0.95,shifted,s3,50,particle,q0.99,22,0.8181818181818182,0.08223036670302644,-0.9084867387644696,2.2881874880925515,7.8434730849790375,7.695798251232997,6.505481304742142,0.3181818181818182,0.18181818181818182,0.08223036670302644,1.950355972450423,3.900711944900846,0.3181818181818182,0.09930260198923899,14.741235153830774,0.0,0.0,19.3905893101873,35.661032434901784,38.92787333480589,1.0
II|beta_cdf|entropy_q0.95|shifted|s3,II,beta_cdf,entropy_q0.95,shifted,s3,50,ref,q0.5,22,0.9545454545454546,0.04440947367810882,0.009961719788681737,1.1873502174143886,5.189833297359525,5.477558192017158,2.5238625928067258,0.0,0.0,0.0,1.950355972450423,3.900711944900846,0.045454545454545456,0.04440947367810884,5.533782543958261,0.0,0.0,19.3905893101873,35.661032434901784,29.355858727356058,0.0
II|beta_cdf|entropy_q0.95|shifted|s3,II,beta_cdf,entropy_q0.95,shifted,s3,50,ref,q0.95,22,0.8181818181818182,0.08223036670302644,-0.5486969719731217,1.6233358787435723,5.480848812376524,5.359026469795637,4.962188850452113,0.4090909090909091,0.18181818181818182,0.08223036670302644,1.950355972450423,3.900711944900846,0.2727272727272727,0.09495144870310791,9.976027559053687,0.0,0.0,19.3905893101873,35.661032434901784,36.2741309468711,1.0
II|beta_cdf|entropy_q0.95|shifted|s3,II,beta_cdf,entropy_q0.95,shifted,s3,50,ref,q0.99,22,0.8181818181818182,0.08223036670302644,-0.5675301121420641,2.28066669302097,7.876857498461335,7.685360926471553,6.505481304742142,0.3181818181818182,0.18181818181818182,0.08223036670302644,1.950355972450423,3.900711944900846,0.2727272727272727,0.09495144870310791,13.091361714056843,0.0,0.0,19.3905893101873,35.661032434901784,38.92787333480589,1.0
II|beta_cdf|entropy_vector|shifted|s3,II,beta_cdf,entropy_vector,shifted,s3,20,particle,q0.5,22,0.8636363636363636,0.0731650049984536,-0.28219023832024637,1.192412257109903,4.847886519144949,4.833806103022301,,0.0,,,1.950355972450423,3.900711944900846,0.09090909090909091,0.061290896587567464,6.670860303256444,0.0,0.0,21.571493832800368,33.39698492462312,29.355858727356058,0.045454545454545456
II|beta_cdf|entropy_vector|shifted|s3,II,beta_cdf,entropy_vector,shifted,s3,20,particle,q0.95,22,0.8636363636363636,0.0731650049984536,-2.029935501162704,3.1402693841653484,11.116374887370917,11.161499083955022,,0.0,,,1.950355972450423,3.900711944900846,0.5,0.10660035817780522,23.383200098016484,0.0,0.0,21.571493832800368,33.39698492462312,36.2741309468711,1.0
II|beta_cdf|entropy_vector|shifted|s3,II,beta_cdf,entropy_vector,shifted,s3,20,particle,q0.99,22,0.8636363636363636,0.0731650049984536,-2.558464435159244,4.001096952834625,14.97452958928429,15.090370927068818,,0.0,,,1.950355972450423,3.900711944900846,0.5909090909090909,0.10482356110715556,29.640647980510447,0.0,0.0,21.571493832800368,33.39698492462312,38.92787333480589,1.0
II|beta_cdf|entropy_vector|shifted|s3,II,beta_cdf,entropy_vector,shifted,s3,30,particle,q0.5,22,0.9090909090909091,0.06129089658756747,-0.16127122863479426,1.0341468306245474,4.435087027152791,4.524897746039375,,0.0,,,1.950355972450423,3.900711944900846,0.09090909090909091,0.061290896587567464,5.210841521709086,0.0,0.0,21.571493832800368,34.279579716765646,29.355858727356058,0.0
II|beta_cdf|entropy_vector|shifted|s3,II,beta_cdf,entropy_vector,shifted,s3,30,particle,q0.95,22,0.9090909090909091,0.06129089658756747,-1.0058272122485306,2.433702447194881,10.283318241949171,10.04097748126096,,0.0,,,1.950355972450423,3.900711944900846,0.3181818181818182,0.09930260198923899,15.08757195715841,0.0,0.0,21.571493832800368,34.279579716765646,36.2741309468711,1.0
II|beta_cdf|entropy_vector|shifted|s3,II,beta_cdf,entropy_vector,shifted,s3,30,particle,q0.99,22,0.9090909090909091,0.06129089658756747,-1.154914350081877,3.0418445587447493,13.81414306217991,13.499066616256005,,0.0,,,1.950355972450423,3.900711944900846,0.45454545454545453,0.10615894693111677,18.58326454915074,0.0,0.0,21.571493832800368,34.279579716765646,38.92787333480589,1.0
II|beta_cdf|entropy_vector|shifted|s3,II,beta_cdf,entropy_vector,shifted,s3,50,particle,q0.5,22,0.9090909090909091,0.06129089658756747,-0.10672474553089292,0.818766033935437,3.362796221181307,3.2059249824186242,2.5238625928067258,0.09090909090909091,0.045454545454545456,0.04440947367810884,1.950355972450423,3.900711944900846,0.0,0.0,3.9469278549646445,0.0,0.0,21.45637277295569,34.804020100502505,29.355858727356058,0.0
II|beta_cdf|entropy_vector|shifted|s3,II,beta_cdf,entropy_vector,shifted,s3,50,particle,q0.95,22,0.9545454545454546,0.04440947367810882,-0.9883975118993976,1.8390131805398402,6.892992126356512,7.033760922357111,4.962188850452113,0.09090909090909091,0.0,0.0,1.950355972450423,3.900711944900846,0.2727272727272727,0.09495144870310791,12.613338759163783,0.0,0.0,21.45637277295569,34.804020100502505,36.2741309468711,1.0
II|beta_cdf|entropy_vector|shifted|s3,II,beta_cdf,entropy_vector,shifted,s3,50,particle,q0.99,22,0.9545454545454546,0.04440947367810882,-1.1489222557760732,2.2882487309206874,9.122628150790597,9.27985408993429,6.505481304742142,0.09090909090909091,0.0,0.0,1.950355972450423,3.900711944900846,0.4090909090909091,0.10482356110715554,15.36923834865133,0.0,0.0,21.45637277295569,34.804020100502505,38.92787333480589,1.0
II|beta_cdf|entropy_vector|shifted|s3,II,beta_cdf,entropy_vector,shifted,s3,50,ref,q0.5,22,0.9090909090909091,0.06129089658756747,-0.10382914226248326,0.8167387473397247,3.357948788966,3.2256636486277834,2.5238625928067258,0.09090909090909091,0.045454545454545456,0.04440947367810884,1.950355972450423,3.900711944900846,0.0,0.0,3.9151294971286164,0.0,0.0,21.45637277295569,34.804020100502505,29.355858727356058,0.0
II|beta_cdf|entropy_vector|shifted|s3,II,beta_cdf,entropy_vector,shifted,s3,50,ref,q0.95,22,0.9545454545454546,0.04440947367810882,-0.7243661833630335,1.767234407523687,6.919741531131826,6.97417285245233,4.962188850452113,0.045454545454545456,0.0,0.0,1.950355972450423,3.900711944900846,0.22727272727272727,0.08934606739851096,11.040917920410068,0.0,0.0,21.45637277295569,34.804020100502505,36.2741309468711,1.0
II|beta_cdf|entropy_vector|shifted|s3,II,beta_cdf,entropy_vector,shifted,s3,50,ref,q0.99,22,0.9545454545454546,0.04440947367810882,-0.768836704513967,2.2089903479725774,9.168578743145488,9.234341655717273,6.505481304742142,0.09090909090909091,0.0,0.0,1.950355972450423,3.900711944900846,0.2727272727272727,0.09495144870310791,13.411162236172053,0.0,0.0,21.45637277295569,34.804020100502505,38.92787333480589,1.0
II|beta_cdf|fixed_design|shifted|s3,II,beta_cdf,fixed_design,shifted,s3,20,particle,q0.5,22,1.0,0.0,-1.3919546834040475,1.988172384195522,10.106721702814927,11.624011193550865,,0.0,,,1.950355972450423,3.900711944900846,0.4090909090909091,0.10482356110715554,14.104715305994615,0.8636363636363636,0.5454545454545454,19.360000000000003,24.639999999999997,29.355858727356058,1.0
II|beta_cdf|fixed_design|shifted|s3,II,beta_cdf,fixed_design,shifted,s3,20,particle,q0.95,22,1.0,0.0,-5.254085268158539,5.490043933386886,16.071700039584,15.688590660029082,,0.0,,,1.950355972450423,3.900711944900846,1.0,0.0,52.54085268158538,0.8636363636363636,0.5454545454545454,19.360000000000003,24.639999999999997,36.2741309468711,1.0
II|beta_cdf|fixed_design|shifted|s3,II,beta_cdf,fixed_design,shifted,s3,20,particle,q0.99,22,1.0,0.0,-6.705083895201147,6.960947471262534,19.000704857329502,18.337329673187945,,0.0,,,1.950355972450423,3.900711944900846,1.0,0.0,67.05083895201147,0.8636363636363636,0.5454545454545454,19.360000000000003,24.639999999999997,38.92787333480589,1.0
II|beta_cdf|fixed_design|shifted|s3,II,beta_cdf,fixed_design,shifted,s3,30,particle,q0.5,22,1.0,0.0,-1.4386187167411717,1.974974640214047,9.52410877528258,9.217084823515075,,0.0,,,1.950355972450423,3.900711944900846,0.45454545454545453,0.10615894693111677,14.664616328964133,0.7727272727272727,0.36363636363636365,19.360000000000003,24.639999999999997,29.355858727356058,1.0
II|beta_cdf|fixed_design|shifted|s3,II,beta_cdf,fixed_design,shifted,s3,30,particle,q0.95,22,1.0,0.0,-5.059976658719344,5.4374182953354255,15.986316018299727,15.431167874953887,,0.0,,,1.950355972450423,3.900711944900846,0.8636363636363636,0.0731650049984536,50.68384894908566,0.7727272727272727,0.36363636363636365,19.360000000000003,24.639999999999997,36.2741309468711,1.0
II|beta_cdf|fixed_design|shifted|s3,II,beta_cdf,fixed_design,shifted,s3,30,particle,q0.99,22,1.0,0.0,-6.381081841616541,6.8281253293705735,19.01425578144975,18.325245346734057,,0.0,,,1.950355972450423,3.900711944900846,0.8636363636363636,0.0731650049984536,64.01793266390192,0.7727272727272727,0.36363636363636365,19.360000000000003,24.639999999999997,38.92787333480589,1.0
II|beta_cdf|fixed_design|shifted|s3,II,beta_cdf,fixed_design,shifted,s3,50,particle,q0.5,22,1.0,0.0,-1.5518427995956594,2.034785149007639,8.810024346896018,8.175194755446622,2.5238625928067258,0.0,0.0,0.0,1.950355972450423,3.900711944900846,0.5909090909090909,0.10482356110715556,16.374948864749967,0.5909090909090909,0.18181818181818182,19.360000000000003,24.639999999999997,29.355858727356058,1.0
II|beta_cdf|fixed_design|shifted|s3,II,beta_cdf,fixed_design,shifted,s3,50,particle,q0.95,22,1.0,0.0,-4.872606778022007,5.364582317432343,15.730041623396692,15.297752159764947,4.962188850452113,0.0,0.0,0.0,1.950355972450423,3.900711944900846,0.8636363636363636,0.0731650049984536,49.10611910827824,0.5909090909090909,0.18181818181818182,19.360000000000003,24.639999999999997,36.2741309468711,1.0
II|beta_cdf|fixed_design|shifted|s3,II,beta_cdf,fixed_design,shifted,s3,50,particle,q0.99,22,1.0,0.0,-6.068226027929223,6.6521499652946146,18.72457170143319,17.773381460933955,6.505481304742142,0.0,0.0,0.0,1.950355972450423,3.900711944900846,0.8636363636363636,0.0731650049984536,61.10770590574236,0.5909090909090909,0.18181818181818182,19.360000000000003,24.639999999999997,38.92787333480589,1.0
II|beta_cdf|fixed_design|shifted|s3,II,beta_cdf,fixed_design,shifted,s3,50,ref,q0.5,22,1.0,0.0,-1.0178381045383011,1.7024108684207753,8.814774897191972,8.032210868729798,2.5238625928067258,0.0,0.0,0.0,1.950355972450423,3.900711944900846,0.18181818181818182,0.08223036670302644,12.94470202018502,0.5909090909090909,0.18181818181818182,19.360000000000003,24.639999999999997,29.355858727356058,1.0
II|beta_cdf|fixed_design|shifted|s3,II,beta_cdf,fixed_design,shifted,s3,50,ref,q0.95,22,1.0,0.0,-3.9879182486262255,4.570426949096318,15.700723244156414,15.404154654032048,4.962188850452113,0.0,0.0,0.0,1.950355972450423,3.900711944900846,0.8181818181818182,0.08223036670302644,40.71601169281892,0.5909090909090909,0.18181818181818182,19.360000000000003,24.639999999999997,36.2741309468711,1.0
II|beta_cdf|fixed_design|shifted|s3,II,beta_cdf,fixed_design,shifted,s3,50,ref,q0.99,22,1.0,0.0,-5.005849314678093,5.710686812069484,18.745155401520574,18.069477458175598,6.505481304742142,0.0,0.0,0.0,1.950355972450423,3.900711944900846,0.8636363636363636,0.0731650049984536,51.12489414744403,0.5909090909090909,0.18181818181818182,19.360000000000003,24.639999999999997,38.92787333480589,1.0
II|beta_cdf|uniform_grid|shifted|s3,II,beta_cdf,uniform_grid,shifted,s3,20,particle,q0.5,22,0.9090909090909091,0.06129089658756747,0.0065392441241924485,1.6023668615944897,6.667633918114654,6.436106274930822,,0.0,,,1.950355972450423,3.900711944900846,0.045454545454545456,0.04440947367810884,7.22221418279381,0.22727272727272727,0.045454545454545456,9.419826404751028,33.94700776610324,29.355858727356058,0.0
II|beta_cdf|uniform_grid|shifted|s3,II,beta_cdf,uniform_grid,shifted,s3,20,particle,q0.95,22,0.9090909090909091,0.06129089658756747,-2.176908462295875,3.621620585116947,11.806978597415888,10.855304568901818,,0.0,,,1.950355972450423,3.900711944900846,0.45454545454545453,0.10615894693111677,25.662942326483247,0.22727272727272727,0.045454545454545456,9.419826404751028,33.94700776610324,36.2741309468711,1.0
II|beta_cdf|uniform_grid|shifted|s3,II,beta_cdf,uniform_grid,shifted,s3,20,particle,q0.99,22,0.9090909090909091,0.06129089658756747,-2.8554130067093646,4.619430287632499,15.4051582764682,14.293873217083416,,0.0,,,1.950355972450423,3.900711944900846,0.6818181818181818,0.09930260198923899,33.57888015847368,0.22727272727272727,0.045454545454545456,9.419826404751028,33.94700776610324,38.92787333480589,1.0
II|beta_cdf|uniform_grid|shifted|s3,II,beta_cdf,uniform_grid,shifted,s3,30,particle,q0.5,22,1.0,0.0,0.03856264333527306,1.2086828085308365,5.71063943609681,5.359511972765604,,0.0,,,1.950355972450423,3.900711944900846,0.045454545454545456,0.04440947367810884,5.270148114173037,0.09090909090909091,0.0,8.888990406578346,34.45865692096848,29.355858727356058,0.0
II|beta_cdf|uniform_grid|shifted|s3,II,beta_cdf,uniform_grid,shifted,s3,30,particle,q0.95,22,0.9090909090909091,0.06129089658756747,-1.5143361309479766,2.7482934983280547,11.014591439813078,10.735959194970297,,0.0,,,1.950355972450423,3.900711944900846,0.5,0.10660035817780522,19.195384712753985,0.09090909090909091,0.0,8.888990406578346,34.45865692096848,36.2741309468711,1.0
II|beta_cdf|uniform_grid|shifted|s3,II,beta_cdf,uniform_grid,shifted,s3,30,particle,q0.99,22,0.9090909090909091,0.06129089658756747,-1.9193676665364414,3.5468813624155135,14.406810640498891,14.249074991852142,,0.0,,,1.950355972450423,3.900711944900846,0.5909090909090909,0.10482356110715556,24.170749952811867,0.09090909090909091,0.0,8.888990406578346,34.45865692096848,38.92787333480589,1.0
II|beta_cdf|uniform_grid|shifted|s3,II,beta_cdf,uniform_grid,shifted,s3,50,particle,q0.5,22,0.9090909090909091,0.06129089658756747,0.06457197013186092,1.2447661974378263,4.553877747616999,4.309349813562724,2.5238625928067258,0.0,0.0,0.0,1.950355972450423,3.900711944900846,0.045454545454545456,0.04440947367810884,5.409041524991671,0.0,0.0,8.441297396071265,35.43079031521243,29.355858727356058,0.0
II|beta_cdf|uniform_grid|shifted|s3,II,beta_cdf,uniform_grid,shifted,s3,50,particle,q0.95,22,0.9090909090909091,0.06129089658756747,-1.1240597427275931,2.506784941329688,9.156685235837498,8.681471008663985,4.962188850452113,0.0,0.0,0.0,1.950355972450423,3.900711944900846,0.36363636363636365,0.10255928633050294,15.295269485193524,0.0,0.0,8.441297396071265,35.43079031521243,36.2741309468711,1.0
II|beta_cdf|uniform_grid|shifted|s3,II,beta_cdf,uniform_grid,shifted,s3,50,particle,q0.99,22,0.9545454545454546,0.04440947367810882,-1.3931533256218929,3.1527288746368822,12.001276294993545,11.256021630320632,6.505481304742142,0.0,0.0,0.0,1.950355972450423,3.900711944900846,0.45454545454545453,0.10615894693111677,19.659729238811465,0.0,0.0,8.441297396071265,35.43079031521243,38.92787333480589,1.0
II|beta_cdf|uniform_grid|shifted|s3,II,beta_cdf,uniform_grid,shifted,s3,50,ref,q0.5,22,0.9090909090909091,0.06129089658756747,0.09076738910096922,1.2658927195607113,4.57104484001857,4.33965996741466,2.5238625928067258,0.0,0.0,0.0,1.950355972450423,3.900711944900846,0.045454545454545456,0.04440947367810884,5.272490492857873,0.0,0.0,8.441297396071265,35.43079031521243,29.355858727356058,0.0
II|beta_cdf|uniform_grid|shifted|s3,II,beta_cdf,uniform_grid,shifted,s3,50,ref,q0.95,22,0.9090909090909091,0.06129089658756747,-0.7089310865742497,2.4611616754213115,9.205624390114629,8.65048704431592,4.962188850452113,0.0,0.0,0.0,1.950355972450423,3.900711944900846,0.2727272727272727,0.09495144870310791,13.085112921236277,0.0,0.0,8.441297396071265,35.43079031521243,36.2741309468711,1.0
II|beta_cdf|uniform_grid|shifted|s3,II,beta_cdf,uniform_grid,shifted,s3,50,ref,q0.99,22,0.9545454545454546,0.04440947367810882,-0.8276316090835426,3.0840359609516463,11.99981113611516,11.253390718623415,6.505481304742142,0.0,0.0,0.0,1.950355972450423,3.900711944900846,0.36363636363636365,0.10255928633050294,16.176890840234815,0.0,0.0,8.441297396071265,35.43079031521243,38.92787333480589,1.0
II|probit_center|entropy_q0.95|shifted|s3,II,probit_center,entropy_q0.95,shifted,s3,20,particle,q0.5,22,1.0,0.0,-0.29035671252097184,1.3665702902884906,7.285850304491979,7.4032403991026285,,0.0,,,1.5,3.0,0.22727272727272727,0.08934606739851096,7.892837793921319,0.045454545454545456,0.0,21.57788944723618,35.142987665600735,30.0,0.0
II|probit_center|entropy_q0.95|shifted|s3,II,probit_center,entropy_q0.95,shifted,s3,20,particle,q0.95,22,1.0,0.0,-0.18064048691451004,1.3259077466426203,9.28733866728702,8.991298761808698,,0.0,,,1.5,3.0,0.22727272727272727,0.08934606739851096,7.111729065327484,0.045454545454545456,0.0,21.57788944723618,35.142987665600735,34.93456088085442,0.36363636363636365
II|probit_center|entropy_q0.95|shifted|s3,II,probit_center,entropy_q0.95,shifted,s3,20,particle,q0.99,22,1.0,0.0,-0.13991790619750785,1.948952943417958,13.697500792417559,13.01332725709187,,0.0,,,1.5,3.0,0.22727272727272727,0.08934606739851096,9.272963798692484,0.045454545454545456,0.0,21.57788944723618,35.142987665600735,36.979043622122525,1.0
II|probit_center|entropy_q0.95|shifted|s3,II,probit_center,entropy_q0.95,shifted,s3,30,particle,q0.5,22,1.0,0.0,-0.16821102263333385,1.3455902175819554,5.732597141324073,5.479421920203457,,0.0,,,1.5,3.0,0.13636363636363635,0.0731650049984536,7.133413343960763,0.0,0.0,21.27729556875286,35.38602101416172,30.0,0.0
II|probit_center|entropy_q0.95|shifted|s3,II,probit_center,entropy_q0.95,shifted,s3,30,particle,q0.95,22,1.0,0.0,-0.5003621724225705,1.1209718957700467,5.97726028436997,5.9953102266495915,,0.0,,,1.5,3.0,0.13636363636363635,0.0731650049984536,7.746396976060296,0.0,0.0,21.27729556875286,35.38602101416172,34.93456088085442,0.22727272727272727
II|probit_center|entropy_q0.95|shifted|s3,II,probit_center,entropy_q0.95,shifted,s3,30,particle,q0.99,22,1.0,0.0,-0.6488842122155535,1.52505872263467,8.73898193369322,8.876787662167715,,0.0,,,1.5,3.0,0.2727272727272727,0.09495144870310791,10.356847335076607,0.0,0.0,21.27729556875286,35.38602101416172,36.979043622122525,1.0
II|probit_center|entropy_q0.95|shifted|s3,II,probit_center,entropy_q0.95,shifted,s3,50,particle,q0.5,22,1.0,0.0,-0.22591538923817128,0.8949644266254906,4.510261384438818,4.414467069894034,2.5238625928067258,0.0,0.0,0.0,1.5,3.0,0.09090909090909091,0.061290896587567464,4.824091087932837,0.0,0.0,21.14938328003655,35.558702603928744,30.0,0.0
II|probit_center|entropy_q0.95|shifted|s3,II,probit_center,entropy_q0.95,shifted,s3,50,particle,q0.95,22,0.9545454545454546,0.04440947367810882,-0.3928366126194989,0.9784123495332655,4.3493286351282965,4.571889139014612,4.962188850452113,0.7727272727272727,0.045454545454545456,0.04440947367810884,1.5,3.0,0.13636363636363635,0.0731650049984536,5.968702817177961,0.0,0.0,21.14938328003655,35.558702603928744,34.93456088085442,0.09090909090909091
II|probit_center|entropy_q0.95|shifted|s3,II,probit_center,entropy_q0.95,shifted,s3,50,particle,q0.99,22,0.9545454545454546,0.04440947367810882,-0.47343582407058643,1.3555706407179386,6.266669152868355,6.542421342194697,6.505481304742142,0.5,0.045454545454545456,0.04440947367810884,1.5,3.0,0.22727272727272727,0.08934606739851096,8.086628387738555,0.0,0.0,21.14938328003655,35.558702603928744,36.979043622122525,1.0
II|probit_center|entropy_q0.95|shifted|s3,II,probit_center,entropy_q0.95,shifted,s3,50,ref,q0.5,22,1.0,0.0,-0.37832409307402415,0.9734358833839784,4.525330501255624,4.391200445356912,2.5238625928067258,0.0,0.0,0.0,1.5,3.0,0.09090909090909091,0.061290896587567464,5.84496415924611,0.0,0.0,21.14938328003655,35.558702603928744,30.0,0.0
II|probit_center|entropy_q0.95|shifted|s3,II,probit_center,entropy_q0.95,shifted,s3,50,ref,q0.95,22,0.9545454545454546,0.04440947367810882,-0.25734405552661277,0.9574703296694748,4.34101532565482,4.532780357550386,4.962188850452113,0.8181818181818182,0.045454545454545456,0.04440947367810884,1.5,3.0,0.09090909090909091,0.061290896587567464,5.3404274898689295,0.0,0.0,21.14938328003655,35.558702603928744,34.93456088085442,0.09090909090909091
II|probit_center|entropy_q0.95|shifted|s3,II,probit_center,entropy_q0.95,shifted,s3,50,ref,q0.99,22,0.9545454545454546,0.04440947367810882,-0.20721971725701172,1.3472243704441744,6.24625322818214,6.468150105946943,6.505481304742142,0.5454545454545454,0.045454545454545456,0.04440947367810884,1.5,3.0,0.18181818181818182,0.08223036670302644,6.815079064069806,0.0,0.0,21.14938328003655,35.558702603928744,36.979043622122525,1.0
II|probit_center|entropy_vector|shifted|s3,II,probit_center,entropy_vector,shifted,s3,20,particle,q0.5,22,1.0,0.0,0.01059337969488054,0.9036979674122534,4.448974904014433,4.685999205323421,,0.0,,,1.5,3.0,0.0,0.0,3.6614705307277506,0.0,0.0,21.98720877112837,33.75513933302878,30.0,0.0
II|probit_center|entropy_vector|shifted|s3,II,probit_center,entropy_vector,shifted,s3,20,particle,q0.95,22,0.9090909090909091,0.06129089658756747,-0.2704383943820027,1.9441211985420714,10.552041570071868,10.407731909719846,,0.0,,,1.5,3.0,0.22727272727272727,0.08934606739851096,9.633065784477521,0.0,0.0,21.98720877112837,33.75513933302878,34.93456088085442,0.7272727272727273
II|probit_center|entropy_vector|shifted|s3,II,probit_center,entropy_vector,shifted,s3,20,particle,q0.99,22,0.9090909090909091,0.06129089658756747,-0.39678345371004653,2.507490557679071,14.269479299170435,14.06891406321692,,0.0,,,1.5,3.0,0.2727272727272727,0.09495144870310791,12.369894759367826,0.0,0.0,21.98720877112837,33.75513933302878,36.979043622122525,1.0
II|probit_center|entropy_vector|shifted|s3,II,probit_center,entropy_vector,shifted,s3,30,particle,q0.5,22,0.9545454545454546,0.04440947367810882,0.04072729419193231,0.7807267918322943,3.52422876310506,3.5623666266728833,,0.0,,,1.5,3.0,0.0,0.0,3.081627819818446,0.0,0.0,21.98720877112837,34.20922795797168,30.0,0.0
II|probit_center|entropy_vector|shifted|s3,II,probit_center,entropy_vector,shifted,s3,30,particle,q0.95,22,0.9545454545454546,0.04440947367810882,-0.2528252634357291,1.66702667841782,7.805106375455162,7.143801763080489,,0.0,,,1.5,3.0,0.18181818181818182,0.08223036670302644,8.657321406971421,0.0,0.0,21.98720877112837,34.20922795797168,34.93456088085442,0.6818181818181818
II|probit_center|entropy_vector|shifted|s3,II,probit_center,entropy_vector,shifted,s3,30,particle,q0.99,22,0.9545454545454546,0.04440947367810882,-0.3781621002155514,2.155205244243681,10.48340097498397,9.515217052450136,,0.0,,,1.5,3.0,0.2727272727272727,0.09495144870310791,11.412627027565662,0.0,0.0,21.98720877112837,34.20922795797168,36.979043622122525,1.0
II|probit_center|entropy_vector|shifted|s3,II,probit_center,entropy_vector,shifted,s3,50,particle,q0.5,22,0.9545454545454546,0.04440947367810882,0.051654059514042026,0.6002451846600187,2.5808833775392643,2.527227799053513,2.5238625928067258,0.5,0.0,0.0,1.5,3.0,0.0,0.0,2.3967194279059387,0.0,0.0,21.98720877112837,34.535404294198266,30.0,0.0
II|probit_center|entropy_vector|shifted|s3,II,probit_center,entropy_vector,shifted,s3,50,particle,q0.95,22,1.0,0.0,-0.3565403956078693,1.1457520618475414,5.1198809797437725,4.99409729913819,4.962188850452113,0.45454545454545453,0.0,0.0,1.5,3.0,0.18181818181818182,0.08223036670302644,7.119747787688727,0.0,0.0,21.98720877112837,34.535404294198266,34.93456088085442,0.5909090909090909
II|probit_center|entropy_vector|shifted|s3,II,probit_center,entropy_vector,shifted,s3,50,particle,q0.99,22,1.0,0.0,-0.5278904260695573,1.4863861746705,6.763970625540105,6.530848106809156,6.505481304742142,0.45454545454545453,0.0,0.0,1.5,3.0,0.2727272727272727,0.09495144870310791,9.53112825800418,0.0,0.0,21.98720877112837,34.535404294198266,36.979043622122525,1.0
II|probit_center|entropy_vector|shifted|s3,II,probit_center,entropy_vector,shifted,s3,50,ref,q0.5,22,1.0,0.0,0.052943089230400565,0.5981883135308294,2.583786501989603,2.519055919426709,2.5238625928067258,0.5,0.0,0.0,1.5,3.0,0.0,0.0,2.381487943546967,0.0,0.0,21.98720877112837,34.535404294198266,30.0,0.0
II|probit_center|entropy_vector|shifted|s3,II,probit_center,entropy_vector,shifted,s3,50,ref,q0.95,22,1.0,0.0,-0.16850221964197523,1.1200127011465613,5.134545217042902,4.984024519681576,4.962188850452113,0.5,0.0,0.0,1.5,3.0,0.18181818181818182,0.08223036670302644,6.211245364042137,0.0,0.0,21.98720877112837,34.535404294198266,34.93456088085442,0.5909090909090909
II|probit_center|entropy_vector|shifted|s3,II,probit_center,entropy_vector,shifted,s3,50,ref,q0.99,22,1.0,0.0,-0.26025123704307196,1.4451774096137815,6.7727318904781475,6.533214845829203,6.505481304742142,0.45454545454545453,0.0,0.0,1.5,3.0,0.22727272727272727,0.08934606739851096,8.235661539752872,0.0,0.0,21.98720877112837,34.535404294198266,36.979043622122525,1.0
II|probit_center|fixed_design|shifted|s3,II,probit_center,fixed_design,shifted,s3,20,particle,q0.5,22,1.0,0.0,-1.2604073553173982,1.6140044137672043,11.17805586153819,11.703796881932991,,0.0,,,1.5,3.0,0.13636363636363635,0.0731650049984536,12.604073553173981,0.9545454545454546,0.8181818181818182,19.360000000000003,24.639999999999997,30.0,1.0
II|probit_center|fixed_design|shifted|s3,II,probit_center,fixed_design,shifted,s3,20,particle,q0.95,22,1.0,0.0,-3.443244304683445,3.675885270795572,15.929694517829647,15.688590660029082,,0.0,,,1.5,3.0,0.9545454545454546,0.04440947367810882,34.92875909690479,0.9545454545454546,0.8181818181818182,19.360000000000003,24.639999999999997,34.93456088085442,1.0
II|probit_center|fixed_design|shifted|s3,II,probit_center,fixed_design,shifted,s3,20,particle,q0.99,22,1.0,0.0,-4.417392963784966,4.684935703883699,18.456737422131354,18.05183740960087,,0.0,,,1.5,3.0,0.9545454545454546,0.04440947367810882,45.0697859631798,0.9545454545454546,0.8181818181818182,19.360000000000003,24.639999999999997,36.979043622122525,1.0
II|probit_center|fixed_design|shifted|s3,II,probit_center,fixed_design,shifted,s3,30,particle,q0.5,22,1.0,0.0,-1.2545769312924693,1.7110275721702592,10.78128053970997,11.581316909896875,,0.0,,,1.5,3.0,0.22727272727272727,0.08934606739851096,12.545769312924694,0.9545454545454546,0.7272727272727273,19.360000000000003,24.639999999999997,30.0,1.0
II|probit_center|fixed_design|shifted|s3,II,probit_center,fixed_design,shifted,s3,30,particle,q0.95,22,1.0,0.0,-3.5100330138909004,3.788336683477115,15.581143074185768,15.387678690318022,,0.0,,,1.5,3.0,0.9545454545454546,0.04440947367810882,35.803181204226874,0.9545454545454546,0.7272727272727273,19.360000000000003,24.639999999999997,34.93456088085442,1.0
II|probit_center|fixed_design|shifted|s3,II,probit_center,fixed_design,shifted,s3,30,particle,q0.99,22,1.0,0.0,-4.485070649555155,4.792573931503695,18.06363353956745,17.770725845766624,,0.0,,,1.5,3.0,0.9545454545454546,0.04440947367810882,45.9809599797845,0.9545454545454546,0.7272727272727273,19.360000000000003,24.639999999999997,36.979043622122525,1.0
II|probit_center|fixed_design|shifted|s3,II,probit_center,fixed_design,shifted,s3,50,particle,q0.5,22,1.0,0.0,-1.3746275183344538,1.902600929761764,10.190117151813688,11.394374190794993,2.5238625928067258,0.0,0.0,0.0,1.5,3.0,0.36363636363636365,0.10255928633050294,13.879683664883673,0.9545454545454546,0.5909090909090909,19.360000000000003,24.639999999999997,30.0,1.0
II|probit_center|fixed_design|shifted|s3,II,probit_center,fixed_design,shifted,s3,50,particle,q0.95,22,1.0,0.0,-3.6720570497626297,4.009778670729355,15.162620650499003,15.084940577052103,4.962188850452113,0.0,0.0,0.0,1.5,3.0,0.9545454545454546,0.04440947367810882,37.68866166053157,0.9545454545454546,0.5909090909090909,19.360000000000003,24.639999999999997,34.93456088085442,1.0
II|probit_center|fixed_design|shifted|s3,II,probit_center,fixed_design,shifted,s3,50,particle,q0.99,22,1.0,0.0,-4.6658815640528015,5.023743373540203,17.54618138450104,17.492082840553863,6.505481304742142,0.0,0.0,0.0,1.5,3.0,0.9545454545454546,0.04440947367810882,48.008459034656624,0.9545454545454546,0.5909090909090909,19.360000000000003,24.639999999999997,36.979043622122525,1.0
II|probit_center|fixed_design|shifted|s3,II,probit_center,fixed_design,shifted,s3,50,ref,q0.5,22,1.0,0.0,-0.7733637333089173,1.5640434579626492,10.417499417010406,11.986735270575359,2.5238625928067258,0.0,0.0,0.0,1.5,3.0,0.36363636363636365,0.10255928633050294,9.418676915137544,0.9545454545454546,0.5909090909090909,19.360000000000003,24.639999999999997,30.0,1.0
II|probit_center|fixed_design|shifted|s3,II,probit_center,fixed_design,shifted,s3,50,ref,q0.95,22,1.0,0.0,-2.8697966551563243,3.2697430466046313,15.377576431393834,15.404154654032048,4.962188850452113,0.0,0.0,0.0,1.5,3.0,0.9545454545454546,0.04440947367810882,30.165328057019988,0.9545454545454546,0.5909090909090909,19.360000000000003,24.639999999999997,34.93456088085442,1.0
II|probit_center|fixed_design|shifted|s3,II,probit_center,fixed_design,shifted,s3,50,ref,q0.99,22,1.0,0.0,-3.738388821801409,4.158582065380672,17.744805623856916,17.266135502693047,6.505481304742142,0.0,0.0,0.0,1.5,3.0,0.9545454545454546,0.04440947367810882,39.30085781775669,0.9545454545454546,0.5909090909090909,19.360000000000003,24.639999999999997,36.979043622122525,1.0
II|probit_center|uniform_grid|shifted|s3,II,probit_center,uniform_grid,shifted,s3,20,particle,q0.5,22,0.9090909090909091,0.06129089658756747,0.04306030606995667,1.5556127857487467,6.254867450069568,5.993154484395834,,0.0,,,1.5,3.0,0.09090909090909091,0.061290896587567464,6.14972764176617,0.36363636363636365,0.045454545454545456,9.343079031521244,33.9725902238465,30.0,0.045454545454545456
II|probit_center|uniform_grid|shifted|s3,II,probit_center,uniform_grid,shifted,s3,20,particle,q0.95,22,0.9545454545454546,0.04440947367810882,-1.0433317725878426,2.592225941655582,10.675417936143129,10.127534348653903,,0.0,,,1.5,3.0,0.4090909090909091,0.10482356110715554,15.985176570218005,0.36363636363636365,0.045454545454545456,9.343079031521244,33.9725902238465,34.93456088085442,0.6363636363636364
II|probit_center|uniform_grid|shifted|s3,II,probit_center,uniform_grid,shifted,s3,20,particle,q0.99,22,0.9545454545454546,0.04440947367810882,-1.4849802277794049,3.2868109122603606,13.870391378637231,13.674753375707681,,0.0,,,1.5,3.0,0.4090909090909091,0.10482356110715554,20.68922034859961,0.36363636363636365,0.045454545454545456,9.343079031521244,33.9725902238465,36.979043622122525,1.0
II|probit_center|uniform_grid|shifted|s3,II,probit_center,uniform_grid,shifted,s3,30,particle,q0.5,22,1.0,0.0,-0.06209805095951282,1.0570349090456301,5.14942757991488,4.947646197488012,,0.0,,,1.5,3.0,0.09090909090909091,0.061290896587567464,4.985578269859505,0.22727272727272727,0.0,8.773869346733669,34.516217450890814,30.0,0.045454545454545456
II|probit_center|uniform_grid|shifted|s3,II,probit_center,uniform_grid,shifted,s3,30,particle,q0.95,22,0.8636363636363636,0.0731650049984536,-0.8556702148537801,2.557203082065928,9.400759252137052,8.33264727786747,,0.0,,,1.5,3.0,0.4090909090909091,0.10482356110715554,15.671702844814918,0.22727272727272727,0.0,8.773869346733669,34.516217450890814,34.93456088085442,0.5
II|probit_center|uniform_grid|shifted|s3,II,probit_center,uniform_grid,shifted,s3,30,particle,q0.99,22,0.9090909090909091,0.06129089658756747,-1.1591456537229965,3.3167062882339735,12.269919184067213,11.447552644115383,,0.0,,,1.5,3.0,0.45454545454545453,0.10615894693111677,20.580815460387612,0.22727272727272727,0.0,8.773869346733669,34.516217450890814,36.979043622122525,1.0
II|probit_center|uniform_grid|shifted|s3,II,probit_center,uniform_grid,shifted,s3,50,particle,q0.5,22,1.0,0.0,0.1627493988636826,0.8116119517074027,3.9137894715731236,3.7918929263637153,2.5238625928067258,0.045454545454545456,0.0,0.0,1.5,3.0,0.0,0.0,2.960992826349653,0.0,0.0,8.268615806304249,35.32206486980356,30.0,0.0
II|probit_center|uniform_grid|shifted|s3,II,probit_center,uniform_grid,shifted,s3,50,particle,q0.95,22,0.9090909090909091,0.06129089658756747,-0.5993115813384221,1.8990593738645551,7.6124464381667885,6.982654269343419,4.962188850452113,0.13636363636363635,0.09090909090909091,0.061290896587567464,1.5,3.0,0.36363636363636365,0.10255928633050294,11.74128548112139,0.0,0.0,8.268615806304249,35.32206486980356,34.93456088085442,0.3181818181818182
II|probit_center|uniform_grid|shifted|s3,II,probit_center,uniform_grid,shifted,s3,50,particle,q0.99,22,0.9090909090909091,0.06129089658756747,-0.8974632712401468,2.478662986982921,9.99083414026969,9.591632226471795,6.505481304742142,0.09090909090909091,0.09090909090909091,0.061290896587567464,1.5,3.0,0.45454545454545453,0.10615894693111677,15.70634023985044,0.0,0.0,8.268615806304249,35.32206486980356,36.979043622122525,1.0
II|probit_center|uniform_grid|shifted|s3,II,probit_center,uniform_grid,shifted,s3,50,ref,q0.5,22,1.0,0.0,0.17382729743723696,0.8397911951631065,3.9225109257574826,3.8057706000668077,2.5238625928067258,0.045454545454545456,0.0,0.0,1.5,3.0,0.0,0.0,2.9640500915067545,0.0,0.0,8.268615806304249,35.32206486980356,30.0,0.0
II|probit_center|uniform_grid|shifted|s3,II,probit_center,uniform_grid,shifted,s3,50,ref,q0.95,22,0.9090909090909091,0.06129089658756747,-0.22891194935364434,1.9495228036679995,7.618660648408616,7.081027048895397,4.962188850452113,0.13636363636363635,0.09090909090909091,0.061290896587567464,1.5,3.0,0.36363636363636365,0.10255928633050294,10.404133743952379,0.0,0.0,8.268615806304249,35.32206486980356,34.93456088085442,0.3181818181818182
II|probit_center|uniform_grid|shifted|s3,II,probit_center,uniform_grid,shifted,s3,50,ref,q0.99,22,0.9090909090909091,0.06129089658756747,-0.395774504943918,2.51116620602739,9.955285838836595,9.475249559177012,6.505481304742142,0.09090909090909091,0.09090909090909091,0.061290896587567464,1.5,3.0,0.36363636363636365,0.10255928633050294,13.843056158262444,0.0,0.0,8.268615806304249,35.32206486980356,36.979043622122525,1.0
II|probit_shift38|entropy_q0.95|shifted|s3,II,probit_shift38,entropy_q0.95,shifted,s3,20,particle,q0.5,22,0.9090909090909091,0.06129089658756747,-1.074028668390964,1.323712090966204,5.335801773205952,5.299408980633292,,0.0,,,1.5,3.0,0.36363636363636365,0.10255928633050294,11.19233881454389,0.6818181818181818,0.045454545454545456,22.038373686614893,36.0,38.0,1.0
II|probit_shift38|entropy_q0.95|shifted|s3,II,probit_shift38,entropy_q0.95,shifted,s3,20,particle,q0.95,22,1.0,0.0,-2.3579918701760687,2.995343349418639,11.899209760616948,11.158490704898853,,0.0,,,1.5,3.0,0.8181818181818182,0.08223036670302644,26.184650876991256,0.6818181818181818,0.045454545454545456,22.038373686614893,36.0,42.93456088085442,1.0
II|probit_shift38|entropy_q0.95|shifted|s3,II,probit_shift38,entropy_q0.95,shifted,s3,20,particle,q0.99,22,1.0,0.0,-2.8784005320615154,3.8617293275247304,15.260423134021723,14.230001389828878,,0.0,,,1.5,3.0,0.8181818181818182,0.08223036670302644,32.97311063363415,0.6818181818181818,0.045454545454545456,22.038373686614893,36.0,44.979043622122525,1.0
II|probit_shift38|entropy_q0.95|shifted|s3,II,probit_shift38,entropy_q0.95,shifted,s3,30,particle,q0.5,22,0.9090909090909091,0.06129089658756747,-0.8684236127624264,1.112508991589814,4.876911472133866,4.682778948326863,,0.0,,,1.5,3.0,0.22727272727272727,0.08934606739851096,9.11289239381936,0.5454545454545454,0.0,22.038373686614893,36.0,38.0,1.0
II|probit_shift38|entropy_q0.95|shifted|s3,II,probit_shift38,entropy_q0.95,shifted,s3,30,particle,q0.95,22,1.0,0.0,-2.1085253694801462,2.944082507199977,11.198344214302894,10.719476445779588,,0.0,,,1.5,3.0,0.7272727272727273,0.09495144870310791,24.300438229025882,0.5454545454545454,0.0,22.038373686614893,36.0,42.93456088085442,1.0
II|probit_shift38|entropy_q0.95|shifted|s3,II,probit_shift38,entropy_q0.95,shifted,s3,30,particle,q0.99,22,1.0,0.0,-2.610877788922136,3.8055223558723674,14.195151795437095,13.26398354305741,,0.0,,,1.5,3.0,0.7727272727272727,0.08934606739851096,30.679379576645285,0.5454545454545454,0.0,22.038373686614893,36.0,44.979043622122525,1.0
II|probit_shift38|entropy_q0.95|shifted|s3,II,probit_shift38,entropy_q0.95,shifted,s3,50,particle,q0.5,22,1.0,0.0,-0.7370192851725758,0.9395519650966072,4.3807043780860715,4.336482610334571,2.5238625928067258,0.0,0.0,0.0,1.5,3.0,0.13636363636363635,0.0731650049984536,7.602134774433988,0.2727272727272727,0.0,22.038373686614893,36.0,38.0,1.0
II|probit_shift38|entropy_q0.95|shifted|s3,II,probit_shift38,entropy_q0.95,shifted,s3,50,particle,q0.95,22,1.0,0.0,-1.7906126843829726,2.417763549112334,10.286793803363908,10.532460193418903,4.962188850452113,0.0,0.0,0.0,1.5,3.0,0.5909090909090909,0.10482356110715556,19.75752846704078,0.2727272727272727,0.0,22.038373686614893,36.0,42.93456088085442,1.0
II|probit_shift38|entropy_q0.95|shifted|s3,II,probit_shift38,entropy_q0.95,shifted,s3,50,particle,q0.99,22,1.0,0.0,-2.2218779372929442,3.155982461859533,12.953730746424215,12.956598200843686,6.505481304742142,0.0,0.0,0.0,1.5,3.0,0.6818181818181818,0.09930260198923899,25.157014808400902,0.2727272727272727,0.0,22.038373686614893,36.0,44.979043622122525,1.0
II|probit_shift38|entropy_q0.95|shifted|s3,II,probit_shift38,entropy_q0.95,shifted,s3,50,ref,q0.5,22,1.0,0.0,-0.5139515378036514,0.8166437030402083,4.402541678444371,4.393344389408107,2.5238625928067258,0.045454545454545456,0.0,0.0,1.5,3.0,0.045454545454545456,0.04440947367810884,5.898902270719253,0.2727272727272727,0.0,22.038373686614893,36.0,38.0,1.0
II|probit_shift38|entropy_q0.95|shifted|s3,II,probit_shift38,entropy_q0.95,shifted,s3,50,ref,q0.95,22,1.0,0.0,-1.2425373076591326,2.087224939937591,10.295676634291134,10.397472221030569,4.962188850452113,0.0,0.0,0.0,1.5,3.0,0.45454545454545453,0.10615894693111677,15.088559177489067,0.2727272727272727,0.0,22.038373686614893,36.0,42.93456088085442,1.0
II|probit_shift38|entropy_q0.95|shifted|s3,II,probit_shift38,entropy_q0.95,shifted,s3,50,ref,q0.99,22,1.0,0.0,-1.5444042960232773,2.782053702362078,12.982257002395999,12.944829945628967,6.505481304742142,0.0,0.0,0.0,1.5,3.0,0.5454545454545454,0.10615894693111677,19.514052074816902,0.2727272727272727,0.0,22.038373686614893,36.0,44.979043622122525,1.0
II|probit_shift38|entropy_vector|shifted|s3,II,probit_shift38,entropy_vector,shifted,s3,20,particle,q0.5,22,0.9545454545454546,0.04440947367810882,-0.9776618032870904,1.2442464781246338,4.831362836096031,4.7550691677349555,,0.0,,,1.5,3.0,0.18181818181818182,0.08223036670302644,10.484287005891758,0.5454545454545454,0.045454545454545456,21.98720877112837,36.0,38.0,1.0
II|probit_shift38|entropy_vector|shifted|s3,II,probit_shift38,entropy_vector,shifted,s3,20,particle,q0.95,22,1.0,0.0,-2.7751279766524526,3.0119763303481863,12.157706245748688,11.939106597259318,,0.0,,,1.5,3.0,0.9090909090909091,0.06129089658756747,27.87075999773333,0.5454545454545454,0.045454545454545456,21.98720877112837,36.0,42.93456088085442,1.0
II|probit_shift38|entropy_vector|shifted|s3,II,probit_shift38,entropy_vector,shifted,s3,20,particle,q0.99,22,1.0,0.0,-3.5256248574612914,3.8268680885016244,15.594467035447217,15.227062358325195,,0.0,,,1.5,3.0,0.9090909090909091,0.06129089658756747,35.410137470760695,0.5454545454545454,0.045454545454545456,21.98720877112837,36.0,44.979043622122525,1.0
II|probit_shift38|entropy_vector|shifted|s3,II,probit_shift38,entropy_vector,shifted,s3,30,particle,q0.5,22,0.9545454545454546,0.04440947367810882,-1.0231160579301366,1.1462713566655316,4.333579864278142,4.348038140944741,,0.0,,,1.5,3.0,0.13636363636363635,0.0731650049984536,10.385809863170733,0.4090909090909091,0.0,21.98720877112837,36.0,38.0,1.0
II|probit_shift38|entropy_vector|shifted|s3,II,probit_shift38,entropy_vector,shifted,s3,30,particle,q0.95,22,1.0,0.0,-2.729095533133437,3.0458770847501433,11.864468472246385,10.929670289978816,,0.0,,,1.5,3.0,0.8181818181818182,0.08223036670302644,27.496087484233673,0.4090909090909091,0.0,21.98720877112837,36.0,42.93456088085442,1.0
II|probit_shift38|entropy_vector|shifted|s3,II,probit_shift38,entropy_vector,shifted,s3,30,particle,q0.99,22,1.0,0.0,-3.4440448294450956,3.884428100635643,15.036637632787643,13.80828867956349,,0.0,,,1.5,3.0,0.8181818181818182,0.08223036670302644,34.719010994682115,0.4090909090909091,0.0,21.98720877112837,36.0,44.979043622122525,1.0
II|probit_shift38|entropy_vector|shifted|s3,II,probit_shift38,entropy_vector,shifted,s3,50,particle,q0.5,22,1.0,0.0,-0.6980558628039756,0.8824073131235386,4.248831535812135,4.252185016177286,2.5238625928067258,0.045454545454545456,0.0,0.0,1.5,3.0,0.0,0.0,7.498883447292372,0.09090909090909091,0.0,21.98720877112837,36.0,38.0,1.0
II|probit_shift38|entropy_vector|shifted|s3,II,probit_shift38,entropy_vector,shifted,s3,50,particle,q0.95,22,1.0,0.0,-1.7925525309895363,2.3958981798122907,11.045228665942254,10.743616458913252,4.962188850452113,0.0,0.0,0.0,1.5,3.0,0.5909090909090909,0.10482356110715556,19.010960176963174,0.09090909090909091,0.0,21.98720877112837,36.0,42.93456088085442,1.0
II|probit_shift38|entropy_vector|shifted|s3,II,probit_shift38,entropy_vector,shifted,s3,50,particle,q0.99,22,1.0,0.0,-2.251109878782527,3.070515920451495,14.022640273210254,13.700261367317857,6.505481304742142,0.0,0.0,0.0,1.5,3.0,0.6818181818181818,0.09930260198923899,24.20367831367164,0.09090909090909091,0.0,21.98720877112837,36.0,44.979043622122525,1.0
II|probit_shift38|entropy_vector|shifted|s3,II,probit_shift38,entropy_vector,shifted,s3,50,ref,q0.5,22,1.0,0.0,-0.4674384849861168,0.7483952436698715,4.249926401285785,4.219881117096236,2.5238625928067258,0.045454545454545456,0.0,0.0,1.5,3.0,0.0,0.0,5.7756610935812,0.09090909090909091,0.0,21.98720877112837,36.0,38.0,1.0
II|probit_shift38|entropy_vector|shifted|s3,II,probit_shift38,entropy_vector,shifted,s3,50,ref,q0.95,22,1.0,0.0,-1.1568527185199278,2.0412507258733488,11.033628455326651,10.676082764289369,4.962188850452113,0.0,0.0,0.0,1.5,3.0,0.5454545454545454,0.10615894693111677,14.886585165670873,0.09090909090909091,0.0,21.98720877112837,36.0,42.93456088085442,1.0
II|probit_shift38|entropy_vector|shifted|s3,II,probit_shift38,entropy_vector,shifted,s3,50,ref,q0.99,22,1.0,0.0,-1.4424901918588733,2.6343207674601445,14.00410109879783,13.596449434471268,6.505481304742142,0.0,0.0,0.0,1.5,3.0,0.5909090909090909,0.10482356110715556,19.06590641833428,0.09090909090909091,0.0,21.98720877112837,36.0,44.979043622122525,1.0
II|probit_shift38|fixed_design|shifted|s3,II,probit_shift38,fixed_design,shifted,s3,20,particle,q0.5,22,0.0,0.0,-8.840151668279445,8.841263432806631,11.801572640699208,11.72743168084984,,0.0,,,1.5,3.0,1.0,0.0,88.40151668279445,1.0,1.0,19.360000000000003,24.639999999999997,38.0,1.0
II|probit_shift38|fixed_design|shifted|s3,II,probit_shift38,fixed_design,shifted,s3,20,particle,q0.95,22,0.0,0.0,-11.3016509674345,11.302039843119926,15.734584317720948,15.72923640429516,,0.0,,,1.5,3.0,1.0,0.0,113.01650967434499,1.0,1.0,19.360000000000003,24.639999999999997,42.93456088085442,1.0
II|probit_shift38|fixed_design|shifted|s3,II,probit_shift38,fixed_design,shifted,s3,20,particle,q0.99,22,0.3181818181818182,0.09930260198923899,-12.387689052900244,12.388213765016435,17.94108578885118,17.910706290277002,,0.0,,,1.5,3.0,1.0,0.0,123.87689052900242,1.0,1.0,19.360000000000003,24.639999999999997,44.979043622122525,1.0
II|probit_shift38|fixed_design|shifted|s3,II,probit_shift38,fixed_design,shifted,s3,30,particle,q0.5,22,0.0,0.0,-8.634621269783228,8.635790306932078,11.77393929552889,11.709305669352782,,0.0,,,1.5,3.0,1.0,0.0,86.34621269783227,1.0,1.0,19.360000000000003,24.639999999999997,38.0,1.0
II|probit_shift38|fixed_design|shifted|s3,II,probit_shift38,fixed_design,shifted,s3,30,particle,q0.95,22,0.0,0.0,-11.20621691713422,11.206695056552885,15.509527329863461,15.489480188605054,,0.0,,,1.5,3.0,1.0,0.0,112.06216917134219,1.0,1.0,19.360000000000003,24.639999999999997,42.93456088085442,1.0
II|probit_shift38|fixed_design|shifted|s3,II,probit_shift38,fixed_design,shifted,s3,30,particle,q0.99,22,0.13636363636363635,0.0731650049984536,-12.334069930901489,12.33464924924786,17.57801351973529,17.4818603575558,,0.0,,,1.5,3.0,1.0,0.0,123.34069930901484,1.0,1.0,19.360000000000003,24.639999999999997,44.979043622122525,1.0
II|probit_shift38|fixed_design|shifted|s3,II,probit_shift38,fixed_design,shifted,s3,50,particle,q0.5,22,0.0,0.0,-8.431912316281814,8.433267625467545,11.717628158519965,11.670111686513533,2.5238625928067258,0.0,0.0,0.0,1.5,3.0,1.0,0.0,84.31912316281814,1.0,1.0,19.360000000000003,24.639999999999997,38.0,1.0
II|probit_shift38|fixed_design|shifted|s3,II,probit_shift38,fixed_design,shifted,s3,50,particle,q0.95,22,0.0,0.0,-11.106454823102613,11.106956904375696,15.30532039351893,15.233606347681896,4.962188850452113,0.0,0.0,0.0,1.5,3.0,1.0,0.0,111.06454823102614,1.0,1.0,19.360000000000003,24.639999999999997,42.93456088085442,1.0
II|probit_shift38|fixed_design|shifted|s3,II,probit_shift38,fixed_design,shifted,s3,50,particle,q0.99,22,0.0,0.0,-12.27571996716145,12.276353866273483,17.208015440723003,17.277839890478983,6.505481304742142,0.0,0.0,0.0,1.5,3.0,1.0,0.0,122.75719967161453,1.0,1.0,19.360000000000003,24.639999999999997,44.979043622122525,1.0
II|probit_shift38|fixed_design|shifted|s3,II,probit_shift38,fixed_design,shifted,s3,50,ref,q0.5,22,0.0,0.0,-7.799561294272536,7.799561294272537,11.98673527057536,11.986735270575359,2.5238625928067258,0.0,0.0,0.0,1.5,3.0,1.0,0.0,77.99561294272534,1.0,1.0,19.360000000000003,24.639999999999997,38.0,1.0
II|probit_shift38|fixed_design|shifted|s3,II,probit_shift38,fixed_design,shifted,s3,50,ref,q0.95,22,0.0,0.0,-10.432563974658427,10.432563974658429,15.404154654032043,15.404154654032048,4.962188850452113,0.0,0.0,0.0,1.5,3.0,1.0,0.0,104.32563974658429,1.0,1.0,19.360000000000003,24.639999999999997,42.93456088085442,1.0
II|probit_shift38|fixed_design|shifted|s3,II,probit_shift38,fixed_design,shifted,s3,50,ref,q0.99,22,0.0,0.0,-11.523467231855557,11.523467231855557,17.266135502693043,17.266135502693047,6.505481304742142,0.0,0.0,0.0,1.5,3.0,1.0,0.0,115.23467231855555,1.0,1.0,19.360000000000003,24.639999999999997,44.979043622122525,1.0
II|probit_shift38|uniform_grid|shifted|s3,II,probit_shift38,uniform_grid,shifted,s3,20,particle,q0.5,22,0.9545454545454546,0.04440947367810882,-2.283074382165459,2.9303407934595547,8.22065846176062,8.249485479552073,,0.0,,,1.5,3.0,0.8181818181818182,0.08223036670302644,25.033759802257055,0.7727272727272727,0.7272727272727273,9.170397441754226,34.37551393330288,38.0,1.0
II|probit_shift38|uniform_grid|shifted|s3,II,probit_shift38,uniform_grid,shifted,s3,20,particle,q0.95,22,1.0,0.0,-3.9206984491642918,4.360262635311085,12.885109715146314,12.623032835844732,,0.0,,,1.5,3.0,0.9090909090909091,0.06129089658756747,39.86967524017569,0.7727272727272727,0.7272727272727273,9.170397441754226,34.37551393330288,42.93456088085442,1.0
II|probit_shift38|uniform_grid|shifted|s3,II,probit_shift38,uniform_grid,shifted,s3,20,particle,q0.99,22,1.0,0.0,-4.619648072476572,5.115878512584746,16.033996653334096,15.259050659756078,,0.0,,,1.5,3.0,0.9090909090909091,0.06129089658756747,46.220985334968596,0.7727272727272727,0.7272727272727273,9.170397441754226,34.37551393330288,44.979043622122525,1.0
II|probit_shift38|uniform_grid|shifted|s3,II,probit_shift38,uniform_grid,shifted,s3,30,particle,q0.5,22,1.0,0.0,-1.8274153089790912,2.548314819731204,8.105260051631834,7.735256245092074,,0.0,,,1.5,3.0,0.6363636363636364,0.10255928633050294,20.477169070393376,0.7272727272727273,0.7272727272727273,8.524440383736867,34.59936043855642,38.0,1.0
II|probit_shift38|uniform_grid|shifted|s3,II,probit_shift38,uniform_grid,shifted,s3,30,particle,q0.95,22,1.0,0.0,-3.6488543299902316,4.129571412745215,12.581727295557743,12.39515928600376,,0.0,,,1.5,3.0,0.9090909090909091,0.06129089658756747,37.15123404843511,0.7272727272727273,0.7272727272727273,8.524440383736867,34.59936043855642,42.93456088085442,1.0
II|probit_shift38|uniform_grid|shifted|s3,II,probit_shift38,uniform_grid,shifted,s3,30,particle,q0.99,22,1.0,0.0,-4.427125752574329,4.951825682693854,15.211097808920174,14.947690197531518,,0.0,,,1.5,3.0,0.9090909090909091,0.06129089658756747,44.63864205701095,0.7272727272727273,0.7272727272727273,8.524440383736867,34.59936043855642,44.979043622122525,1.0
II|probit_shift38|uniform_grid|shifted|s3,II,probit_shift38,uniform_grid,shifted,s3,50,particle,q0.5,22,0.9545454545454546,0.04440947367810882,-1.5670969929023277,1.8519373646065822,7.265665978243376,7.149217063421794,2.5238625928067258,0.0,0.0,0.0,1.5,3.0,0.5,0.10660035817780522,15.736923562408974,0.5454545454545454,0.5,8.28140703517588,35.30287802649612,38.0,1.0
II|probit_shift38|uniform_grid|shifted|s3,II,probit_shift38,uniform_grid,shifted,s3,50,particle,q0.95,22,1.0,0.0,-3.2801584076266113,3.475360591588839,12.180631129372857,11.840571517606147,4.962188850452113,0.0,0.0,0.0,1.5,3.0,0.9545454545454546,0.04440947367810882,32.935541680957506,0.5454545454545454,0.5,8.28140703517588,35.30287802649612,42.93456088085442,1.0
II|probit_shift38|uniform_grid|shifted|s3,II,probit_shift38,uniform_grid,shifted,s3,50,particle,q0.99,22,1.0,0.0,-4.018605456348516,4.288446614520254,14.664604058254831,13.991408939672024,6.505481304742142,0.0,0.0,0.0,1.5,3.0,0.9545454545454546,0.04440947367810882,40.625731283205944,0.5454545454545454,0.5,8.28140703517588,35.30287802649612,44.979043622122525,1.0
II|probit_shift38|uniform_grid|shifted|s3,II,probit_shift38,uniform_grid,shifted,s3,50,ref,q0.5,22,0.9545454545454546,0.04440947367810882,-1.1908635930021132,1.5939648644774922,7.177833342652266,7.613451903143442,2.5238625928067258,0.0,0.0,0.0,1.5,3.0,0.45454545454545453,0.10615894693111677,12.225398395578317,0.5454545454545454,0.5,8.28140703517588,35.30287802649612,38.0,1.0
II|probit_shift38|uniform_grid|shifted|s3,II,probit_shift38,uniform_grid,shifted,s3,50,ref,q0.95,22,1.0,0.0,-2.7259026272818905,2.955021318166811,11.87835380313836,11.527507657140763,4.962188850452113,0.0,0.0,0.0,1.5,3.0,0.9090909090909091,0.06129089658756747,27.79103126521045,0.5454545454545454,0.5,8.28140703517588,35.30287802649612,42.93456088085442,1.0
II|probit_shift38|uniform_grid|shifted|s3,II,probit_shift38,uniform_grid,shifted,s3,50,ref,q0.99,22,1.0,0.0,-3.361898592988661,3.6990334202196653,14.457355597510922,13.712408632911842,6.505481304742142,0.0,0.0,0.0,1.5,3.0,0.9090909090909091,0.06129089658756747,34.54541804706536,0.5454545454545454,0.5,8.28140703517588,35.30287802649612,44.979043622122525,1.0
II|tail_1.0|entropy_q0.95|shifted|s3,II,tail_1.0,entropy_q0.95,shifted,s3,20,particle,q0.5,22,0.9545454545454546,0.04440947367810882,-0.13538020006316015,1.7001439339897233,7.1587357243364265,7.4032403991026285,,0.0,,,1.8825082281539385,3.765016456307877,0.13636363636363635,0.0731650049984536,8.047814306379129,0.045454545454545456,0.0,21.52032891731384,35.142987665600735,30.0,0.0
II|tail_1.0|entropy_q0.95|shifted|s3,II,tail_1.0,entropy_q0.95,shifted,s3,20,particle,q0.95,22,0.8181818181818182,0.08223036670302644,-2.997819406891293,3.4207362132302768,9.475811477894148,8.919297344357023,,0.0,,,1.8825082281539385,3.765016456307877,0.7727272727272727,0.08934606739851096,30.605859875187527,0.045454545454545456,0.0,21.52032891731384,35.142987665600735,37.93456088085442,1.0
II|tail_1.0|entropy_q0.95|shifted|s3,II,tail_1.0,entropy_q0.95,shifted,s3,20,particle,q0.99,22,0.8181818181818182,0.08223036670302644,-5.8207606482046685,6.235047230397828,13.905242862808892,12.610769509189566,,0.0,,,1.8825082281539385,3.765016456307877,0.9090909090909091,0.06129089658756747,58.20760648204669,0.045454545454545456,0.0,21.52032891731384,35.142987665600735,42.85904362212253,1.0
II|tail_1.0|entropy_q0.95|shifted|s3,II,tail_1.0,entropy_q0.95,shifted,s3,30,particle,q0.5,22,0.9545454545454546,0.04440947367810882,-0.06289450520099651,1.459201190645723,5.701249161589021,5.479421920203457,,0.0,,,1.8825082281539385,3.765016456307877,0.13636363636363635,0.0731650049984536,6.967135563315884,0.0,0.0,21.002284148012794,35.38602101416172,30.0,0.0
II|tail_1.0|entropy_q0.95|shifted|s3,II,tail_1.0,entropy_q0.95,shifted,s3,30,particle,q0.95,22,0.5454545454545454,0.10615894693111677,-3.1770029170560976,3.5644049696666533,6.365081030603875,6.071679546134851,,0.0,,,1.8825082281539385,3.765016456307877,0.8181818181818182,0.08223036670302644,32.598583949759195,0.0,0.0,21.002284148012794,35.38602101416172,37.93456088085442,1.0
II|tail_1.0|entropy_q0.95|shifted|s3,II,tail_1.0,entropy_q0.95,shifted,s3,30,particle,q0.99,22,0.4090909090909091,0.10482356110715554,-6.112709256697548,6.468571836615819,9.257204235237184,8.977836652450765,,0.0,,,1.8825082281539385,3.765016456307877,0.9090909090909091,0.06129089658756747,61.12709256697549,0.0,0.0,21.002284148012794,35.38602101416172,42.85904362212253,1.0
II|tail_1.0|entropy_q0.95|shifted|s3,II,tail_1.0,entropy_q0.95,shifted,s3,50,particle,q0.5,22,0.9545454545454546,0.04440947367810882,0.05498016560752703,1.1747126479816488,4.528066957961338,4.3937515186128735,2.5238625928067258,0.0,0.0,0.0,1.8825082281539385,3.765016456307877,0.045454545454545456,0.04440947367810884,4.418763209239702,0.0,0.0,20.83599817268159,35.62905436272271,30.0,0.0
II|tail_1.0|entropy_q0.95|shifted|s3,II,tail_1.0,entropy_q0.95,shifted,s3,50,particle,q0.95,22,0.5454545454545454,0.10615894693111677,-2.6923331512886888,3.0681974081626064,4.782460889320929,4.696927809981666,4.962188850452113,0.6363636363636364,0.45454545454545453,0.10615894693111677,1.8825082281539385,3.765016456307877,0.7272727272727273,0.09495144870310791,26.95687284385524,0.0,0.0,20.83599817268159,35.62905436272271,37.93456088085442,1.0
II|tail_1.0|entropy_q0.95|shifted|s3,II,tail_1.0,entropy_q0.95,shifted,s3,50,particle,q0.99,22,0.36363636363636365,0.10255928633050294,-5.472846656312989,5.810797059277115,6.9192840257625186,6.744515689334889,6.505481304742142,0.36363636363636365,0.36363636363636365,0.10255928633050294,1.8825082281539385,3.765016456307877,1.0,0.0,54.7284665631299,0.0,0.0,20.83599817268159,35.62905436272271,42.85904362212253,1.0
II|tail_1.0|entropy_q0.95|shifted|s3,II,tail_1.0,entropy_q0.95,shifted,s3,50,ref,q0.5,22,0.9545454545454546,0.04440947367810882,-0.08775588407852876,1.203857377636043,4.5465269083409785,4.357034351657015,2.5238625928067258,0.0,0.0,0.0,1.8825082281539385,3.765016456307877,0.09090909090909091,0.061290896587567464,5.213922756617884,0.0,0.0,20.83599817268159,35.62905436272271,30.0,0.0
II|tail_1.0|entropy_q0.95|shifted|s3,II,tail_1.0,entropy_q0.95,shifted,s3,50,ref,q0.95,22,0.5454545454545454,0.10615894693111677,-2.5180211651628785,2.9419392049404482,4.7913173446535815,4.612785261420129,4.962188850452113,0.6363636363636364,0.45454545454545453,0.10615894693111677,1.8825082281539385,3.765016456307877,0.6818181818181818,0.09930260198923899,25.301759320883885,0.0,0.0,20.83599817268159,35.62905436272271,37.93456088085442,1.0
II|tail_1.0|entropy_q0.95|shifted|s3,II,tail_1.0,entropy_q0.95,shifted,s3,50,ref,q0.99,22,0.36363636363636365,0.10255928633050294,-5.161969198625421,5.550872509460419,6.931369662379684,6.74704146141811,6.505481304742142,0.36363636363636365,0.36363636363636365,0.10255928633050294,1.8825082281539385,3.765016456307877,0.9545454545454546,0.04440947367810882,51.619691986254196,0.0,0.0,20.83599817268159,35.62905436272271,42.85904362212253,1.0
II|tail_1.0|entropy_vector|shifted|s3,II,tail_1.0,entropy_vector,shifted,s3,20,particle,q0.5,22,0.9545454545454546,0.04440947367810882,0.06177569691642921,1.0616852455149381,4.51940965788942,4.685999205323421,,0.0,,,1.8825082281539385,3.765016456307877,0.0,0.0,3.7126528479493004,0.0,0.0,21.98720877112837,33.75513933302878,30.0,0.0
II|tail_1.0|entropy_vector|shifted|s3,II,tail_1.0,entropy_vector,shifted,s3,20,particle,q0.95,22,0.8636363636363636,0.0731650049984536,-3.1432554929213996,3.8769097845240292,10.765961308161826,10.407731909719846,,0.0,,,1.8825082281539385,3.765016456307877,0.7727272727272727,0.08934606739851096,33.36688071996687,0.0,0.0,21.98720877112837,33.75513933302878,37.93456088085442,1.0
II|tail_1.0|entropy_vector|shifted|s3,II,tail_1.0,entropy_vector,shifted,s3,20,particle,q0.99,22,0.8181818181818182,0.08223036670302644,-6.117801039264385,6.761401033089501,14.542177930428824,14.06891406321692,,0.0,,,1.8825082281539385,3.765016456307877,0.9545454545454546,0.04440947367810882,62.348769747766966,0.0,0.0,21.98720877112837,33.75513933302878,42.85904362212253,1.0
II|tail_1.0|entropy_vector|shifted|s3,II,tail_1.0,entropy_vector,shifted,s3,30,particle,q0.5,22,0.9545454545454546,0.04440947367810882,0.1348921384259752,0.848471199749218,3.5558261133651956,3.59404495124012,,0.0,,,1.8825082281539385,3.765016456307877,0.0,0.0,2.787490235733383,0.0,0.0,21.98720877112837,34.356327089995425,30.0,0.0
II|tail_1.0|entropy_vector|shifted|s3,II,tail_1.0,entropy_vector,shifted,s3,30,particle,q0.95,22,0.8636363636363636,0.0731650049984536,-3.0760687310874872,3.5773103238105475,7.848630411403139,7.601808409886601,,0.0,,,1.8825082281539385,3.765016456307877,0.7272727272727273,0.09495144870310791,31.65494106296145,0.0,0.0,21.98720877112837,34.356327089995425,37.93456088085442,1.0
II|tail_1.0|entropy_vector|shifted|s3,II,tail_1.0,entropy_vector,shifted,s3,30,particle,q0.99,22,0.5909090909090909,0.10482356110715556,-6.043435485825622,6.463879955644708,10.519546386356886,10.077659898926544,,0.0,,,1.8825082281539385,3.765016456307877,0.9545454545454546,0.04440947367810882,60.434354858256235,0.0,0.0,21.98720877112837,34.356327089995425,42.85904362212253,1.0
II|tail_1.0|entropy_vector|shifted|s3,II,tail_1.0,entropy_vector,shifted,s3,50,particle,q0.5,22,0.9545454545454546,0.04440947367810882,0.16740454639251678,0.7361439991237579,2.6816194027576903,2.5834642661509104,2.5238625928067258,0.45454545454545453,0.0,0.0,1.8825082281539385,3.765016456307877,0.0,0.0,2.2904593159281337,0.0,0.0,21.98720877112837,34.6313385107355,30.0,0.0
II|tail_1.0|entropy_vector|shifted|s3,II,tail_1.0,entropy_vector,shifted,s3,50,particle,q0.95,22,0.45454545454545453,0.10615894693111677,-3.017013664076275,3.353219696534846,5.413059155418418,5.009622131915435,4.962188850452113,0.4090909090909091,0.4090909090909091,0.10482356110715554,1.8825082281539385,3.765016456307877,0.7272727272727273,0.09495144870310791,30.23548739630218,0.0,0.0,21.98720877112837,34.6313385107355,37.93456088085442,1.0
II|tail_1.0|entropy_vector|shifted|s3,II,tail_1.0,entropy_vector,shifted,s3,50,particle,q0.99,22,0.3181818181818182,0.09930260198923899,-5.973862082849295,6.256759980495465,7.164060528069464,6.600510778160086,6.505481304742142,0.4090909090909091,0.4090909090909091,0.10482356110715554,1.8825082281539385,3.765016456307877,1.0,0.0,59.738620828492955,0.0,0.0,21.98720877112837,34.6313385107355,42.85904362212253,1.0
II|tail_1.0|entropy_vector|shifted|s3,II,tail_1.0,entropy_vector,shifted,s3,50,ref,q0.5,22,0.9545454545454546,0.04440947367810882,0.1692832284039775,0.7408342444719164,2.6902885543398045,2.5905574139965992,2.5238625928067258,0.45454545454545453,0.0,0.0,1.8825082281539385,3.765016456307877,0.0,0.0,2.27952681110235,0.0,0.0,21.98720877112837,34.6313385107355,30.0,0.0
II|tail_1.0|entropy_vector|shifted|s3,II,tail_1.0,entropy_vector,shifted,s3,50,ref,q0.95,22,0.45454545454545453,0.10615894693111677,-2.811303884181309,3.1929275585716397,5.4294230149522855,5.035859247699598,4.962188850452113,0.45454545454545453,0.45454545454545453,0.10615894693111677,1.8825082281539385,3.765016456307877,0.7272727272727273,0.09495144870310791,28.340213565897113,0.0,0.0,21.98720877112837,34.6313385107355,37.93456088085442,1.0
II|tail_1.0|entropy_vector|shifted|s3,II,tail_1.0,entropy_vector,shifted,s3,50,ref,q0.99,22,0.3181818181818182,0.09930260198923899,-5.683260754460967,6.001633615466277,7.176288638246237,6.622258259485282,6.505481304742142,0.4090909090909091,0.4090909090909091,0.10482356110715554,1.8825082281539385,3.765016456307877,1.0,0.0,56.832607544609665,0.0,0.0,21.98720877112837,34.6313385107355,42.85904362212253,1.0
II|tail_1.0|fixed_design|shifted|s3,II,tail_1.0,fixed_design,shifted,s3,20,particle,q0.5,22,1.0,0.0,-1.2604073553173982,1.6140044137672043,11.17805586153819,11.703796881932991,,0.0,,,1.8825082281539385,3.765016456307877,0.13636363636363635,0.0731650049984536,12.604073553173981,0.9545454545454546,0.8181818181818182,19.360000000000003,24.639999999999997,30.0,1.0
II|tail_1.0|fixed_design|shifted|s3,II,tail_1.0,fixed_design,shifted,s3,20,particle,q0.95,22,1.0,0.0,-6.443244304683446,6.570509748273151,15.929694517829647,15.688590660029082,,0.0,,,1.8825082281539385,3.765016456307877,1.0,0.0,64.43244304683445,0.9545454545454546,0.8181818181818182,19.360000000000003,24.639999999999997,37.93456088085442,1.0
II|tail_1.0|fixed_design|shifted|s3,II,tail_1.0,fixed_design,shifted,s3,20,particle,q0.99,22,1.0,0.0,-10.29739296378497,10.414968257447331,18.456737422131354,18.05183740960087,,0.0,,,1.8825082281539385,3.765016456307877,1.0,0.0,102.9739296378497,0.9545454545454546,0.8181818181818182,19.360000000000003,24.639999999999997,42.85904362212253,1.0
II|tail_1.0|fixed_design|shifted|s3,II,tail_1.0,fixed_design,shifted,s3,30,particle,q0.5,22,1.0,0.0,-1.2545769312924693,1.7110275721702592,10.78128053970997,11.581316909896875,,0.0,,,1.8825082281539385,3.765016456307877,0.22727272727272727,0.08934606739851096,12.545769312924694,0.9545454545454546,0.7272727272727273,19.360000000000003,24.639999999999997,30.0,1.0
II|tail_1.0|fixed_design|shifted|s3,II,tail_1.0,fixed_design,shifted,s3,30,particle,q0.95,22,1.0,0.0,-6.510033013890901,6.664209848941118,15.581143074185768,15.387678690318022,,0.0,,,1.8825082281539385,3.765016456307877,0.9545454545454546,0.04440947367810882,65.10033013890902,0.9545454545454546,0.7272727272727273,19.360000000000003,24.639999999999997,37.93456088085442,1.0
II|tail_1.0|fixed_design|shifted|s3,II,tail_1.0,fixed_design,shifted,s3,30,particle,q0.99,22,1.0,0.0,-10.365070649555157,10.501790120150824,18.06363353956745,17.770725845766624,,0.0,,,1.8825082281539385,3.765016456307877,1.0,0.0,103.65070649555159,0.9545454545454546,0.7272727272727273,19.360000000000003,24.639999999999997,42.85904362212253,1.0
II|tail_1.0|fixed_design|shifted|s3,II,tail_1.0,fixed_design,shifted,s3,50,particle,q0.5,22,1.0,0.0,-1.3746275183344538,1.902600929761764,10.190117151813688,11.394374190794993,2.5238625928067258,0.0,0.0,0.0,1.8825082281539385,3.765016456307877,0.36363636363636365,0.10255928633050294,13.879683664883673,0.9545454545454546,0.5909090909090909,19.360000000000003,24.639999999999997,30.0,1.0
II|tail_1.0|fixed_design|shifted|s3,II,tail_1.0,fixed_design,shifted,s3,50,particle,q0.95,22,1.0,0.0,-6.672057049762629,6.863721096228477,15.162620650499003,15.084940577052103,4.962188850452113,0.0,0.0,0.0,1.8825082281539385,3.765016456307877,0.9545454545454546,0.04440947367810882,66.72057049762628,0.9545454545454546,0.5909090909090909,19.360000000000003,24.639999999999997,37.93456088085442,1.0
II|tail_1.0|fixed_design|shifted|s3,II,tail_1.0,fixed_design,shifted,s3,50,particle,q0.99,22,0.9545454545454546,0.04440947367810882,-10.545881564052804,10.709022582684664,17.54618138450104,17.492082840553863,6.505481304742142,0.0,0.0,0.0,1.8825082281539385,3.765016456307877,1.0,0.0,105.45881564052806,0.9545454545454546,0.5909090909090909,19.360000000000003,24.639999999999997,42.85904362212253,1.0
II|tail_1.0|fixed_design|shifted|s3,II,tail_1.0,fixed_design,shifted,s3,50,ref,q0.5,22,1.0,0.0,-0.7733637333089173,1.5640434579626492,10.417499417010406,11.986735270575359,2.5238625928067258,0.0,0.0,0.0,1.8825082281539385,3.765016456307877,0.36363636363636365,0.10255928633050294,9.418676915137544,0.9545454545454546,0.5909090909090909,19.360000000000003,24.639999999999997,30.0,1.0
II|tail_1.0|fixed_design|shifted|s3,II,tail_1.0,fixed_design,shifted,s3,50,ref,q0.95,22,1.0,0.0,-5.869796655156324,6.075360032274408,15.377576431393834,15.404154654032048,4.962188850452113,0.0,0.0,0.0,1.8825082281539385,3.765016456307877,0.9545454545454546,0.04440947367810882,58.69796655156325,0.9545454545454546,0.5909090909090909,19.360000000000003,24.639999999999997,37.93456088085442,1.0
II|tail_1.0|fixed_design|shifted|s3,II,tail_1.0,fixed_design,shifted,s3,50,ref,q0.99,22,0.9545454545454546,0.04440947367810882,-9.61838882180141,9.789364501278436,17.744805623856916,17.266135502693047,6.505481304742142,0.0,0.0,0.0,1.8825082281539385,3.765016456307877,1.0,0.0,96.1838882180141,0.9545454545454546,0.5909090909090909,19.360000000000003,24.639999999999997,42.85904362212253,1.0
II|tail_1.0|uniform_grid|shifted|s3,II,tail_1.0,uniform_grid,shifted,s3,20,particle,q0.5,22,0.9090909090909091,0.06129089658756747,0.04306030606995667,1.5556127857487467,6.254867450069568,5.993154484395834,,0.0,,,1.8825082281539385,3.765016456307877,0.09090909090909091,0.061290896587567464,6.14972764176617,0.36363636363636365,0.045454545454545456,9.343079031521244,33.9725902238465,30.0,0.045454545454545456
II|tail_1.0|uniform_grid|shifted|s3,II,tail_1.0,uniform_grid,shifted,s3,20,particle,q0.95,22,0.6818181818181818,0.09930260198923899,-4.043331772587843,4.688243377654281,10.675417936143129,10.127534348653903,,0.0,,,1.8825082281539385,3.765016456307877,0.8181818181818182,0.08223036670302644,40.83743572507476,0.36363636363636365,0.045454545454545456,9.343079031521244,33.9725902238465,37.93456088085442,1.0
II|tail_1.0|uniform_grid|shifted|s3,II,tail_1.0,uniform_grid,shifted,s3,20,particle,q0.99,22,0.6363636363636364,0.10255928633050294,-7.364980227779409,7.927224826611115,13.870391378637231,13.674753375707681,,0.0,,,1.8825082281539385,3.765016456307877,0.9545454545454546,0.04440947367810882,73.64980227779407,0.36363636363636365,0.045454545454545456,9.343079031521244,33.9725902238465,42.85904362212253,1.0
II|tail_1.0|uniform_grid|shifted|s3,II,tail_1.0,uniform_grid,shifted,s3,30,particle,q0.5,22,1.0,0.0,-0.012816903754151131,1.033343776330835,5.260830129767052,5.076334482097392,,0.0,,,1.8825082281539385,3.765016456307877,0.045454545454545456,0.04440947367810884,4.512583977901005,0.18181818181818182,0.0,8.773869346733669,34.516217450890814,30.0,0.045454545454545456
II|tail_1.0|uniform_grid|shifted|s3,II,tail_1.0,uniform_grid,shifted,s3,30,particle,q0.95,22,0.7727272727272727,0.08934606739851096,-3.6335656986331126,4.307422590543093,9.64414998232747,8.8804115559091,,0.0,,,1.8825082281539385,3.765016456307877,0.7272727272727273,0.09495144870310791,36.335656986331124,0.18181818181818182,0.0,8.773869346733669,34.516217450890814,37.93456088085442,1.0
II|tail_1.0|uniform_grid|shifted|s3,II,tail_1.0,uniform_grid,shifted,s3,30,particle,q0.99,22,0.5909090909090909,0.10482356110715556,-6.741083797912725,7.370369995831593,12.589041987492822,11.891052231565425,,0.0,,,1.8825082281539385,3.765016456307877,0.9545454545454546,0.04440947367810882,67.41083797912728,0.18181818181818182,0.0,8.773869346733669,34.516217450890814,42.85904362212253,1.0
II|tail_1.0|uniform_grid|shifted|s3,II,tail_1.0,uniform_grid,shifted,s3,50,particle,q0.5,22,1.0,0.0,0.28204288201704775,0.7790371381090964,3.9947594754447975,4.0014921293144265,2.5238625928067258,0.045454545454545456,0.0,0.0,1.8825082281539385,3.765016456307877,0.0,0.0,2.1981060477851395,0.0,0.0,8.29419826404751,35.36043855641845,30.0,0.0
II|tail_1.0|uniform_grid|shifted|s3,II,tail_1.0,uniform_grid,shifted,s3,50,particle,q0.95,22,0.6818181818181818,0.09930260198923899,-3.3470142405246097,3.750145354827609,7.793019493378758,7.3373589383768465,4.962188850452113,0.09090909090909091,0.09090909090909091,0.061290896587567464,1.8825082281539385,3.765016456307877,0.8181818181818182,0.08223036670302644,33.491879838035594,0.0,0.0,8.29419826404751,35.36043855641845,37.93456088085442,1.0
II|tail_1.0|uniform_grid|shifted|s3,II,tail_1.0,uniform_grid,shifted,s3,50,particle,q0.99,22,0.5,0.10660035817780522,-6.467731669763037,6.8264952660959395,10.223769815320805,10.102819095370375,6.505481304742142,0.09090909090909091,0.09090909090909091,0.061290896587567464,1.8825082281539385,3.765016456307877,1.0,0.0,64.67731669763037,0.0,0.0,8.29419826404751,35.36043855641845,42.85904362212253,1.0
II|tail_1.0|uniform_grid|shifted|s3,II,tail_1.0,uniform_grid,shifted,s3,50,ref,q0.5,22,1.0,0.0,0.29568520654157465,0.8041647498413131,3.9979432679005926,3.988479669823862,2.5238625928067258,0.045454545454545456,0.0,0.0,1.8825082281539385,3.765016456307877,0.0,0.0,2.1473324840807217,0.0,0.0,8.29419826404751,35.36043855641845,30.0,0.0
II|tail_1.0|uniform_grid|shifted|s3,II,tail_1.0,uniform_grid,shifted,s3,50,ref,q0.95,22,0.6818181818181818,0.09930260198923899,-2.9682259044461614,3.4828899425176596,7.792701800283947,7.328164068501536,4.962188850452113,0.09090909090909091,0.09090909090909091,0.061290896587567464,1.8825082281539385,3.765016456307877,0.6818181818181818,0.09930260198923899,29.996488864035918,0.0,0.0,8.29419826404751,35.36043855641845,37.93456088085442,1.0
II|tail_1.0|uniform_grid|shifted|s3,II,tail_1.0,uniform_grid,shifted,s3,50,ref,q0.99,22,0.5,0.10660035817780522,-5.957569314056662,6.404479722760502,10.176579256638597,9.920845193841046,6.505481304742142,0.09090909090909091,0.09090909090909091,0.061290896587567464,1.8825082281539385,3.765016456307877,0.9545454545454546,0.04440947367810882,59.57569314056662,0.0,0.0,8.29419826404751,35.36043855641845,42.85904362212253,1.0
Ib|cloglog_1.0|entropy_vector|cal|s1.5,Ib,cloglog_1.0,entropy_vector,cal,s1.5,20,particle,q0.5,22,1.0,0.0,-0.3556754901622068,0.6916579132949575,3.1379023390635727,2.9824591763934674,,0.0,,,0.8356440493664855,1.671288098732971,0.22727272727272727,0.08934606739851096,4.562371692475136,0.0,0.0,25.68296025582457,34.09319323892188,30.00000000000299,0.0
Ib|cloglog_1.0|entropy_vector|cal|s1.5,Ib,cloglog_1.0,entropy_vector,cal,s1.5,20,particle,q0.95,22,0.9545454545454546,0.04440947367810882,0.7513003698274272,1.0278239755608078,7.2184979178338295,6.708549326997186,,0.0,,,0.8356440493664855,1.671288098732971,0.0,0.0,1.3798099435932187,0.0,0.0,25.68296025582457,34.09319323892188,31.907344810864267,0.0
Ib|cloglog_1.0|entropy_vector|cal|s1.5,Ib,cloglog_1.0,entropy_vector,cal,s1.5,20,particle,q0.99,22,0.9545454545454546,0.04440947367810882,1.442735766688431,1.7461532854433133,9.671844976350918,9.09493774728137,,0.0,,,0.8356440493664855,1.671288098732971,0.0,0.0,1.5069224418494847,0.0,0.0,25.68296025582457,34.09319323892188,32.467664584118516,0.09090909090909091
Ib|cloglog_1.0|entropy_vector|cal|s1.5,Ib,cloglog_1.0,entropy_vector,cal,s1.5,30,particle,q0.5,22,1.0,0.0,-0.3552386729053627,0.5749013924908817,2.2845937967594483,2.2600434462598464,,0.0,,,0.8356440493664855,1.671288098732971,0.18181818181818182,0.08223036670302644,4.122637948767581,0.0,0.0,25.68296025582457,34.09319323892188,30.00000000000299,0.0
Ib|cloglog_1.0|entropy_vector|cal|s1.5,Ib,cloglog_1.0,entropy_vector,cal,s1.5,30,particle,q0.95,22,0.9545454545454546,0.04440947367810882,0.5791421808808369,0.7562595610625851,4.742607361076799,4.521121975992676,,0.0,,,0.8356440493664855,1.671288098732971,0.0,0.0,0.8163121855736332,0.0,0.0,25.68296025582457,34.09319323892188,31.907344810864267,0.0
Ib|cloglog_1.0|entropy_vector|cal|s1.5,Ib,cloglog_1.0,entropy_vector,cal,s1.5,30,particle,q0.99,22,0.9545454545454546,0.04440947367810882,1.19494213208312,1.3710286563478384,6.276615124208772,6.030981337127129,,0.0,,,0.8356440493664855,1.671288098732971,0.0,0.0,1.2662717416345395,0.0,0.0,25.68296025582457,34.09319323892188,32.467664584118516,0.09090909090909091
Ib|cloglog_1.0|entropy_vector|cal|s1.5,Ib,cloglog_1.0,entropy_vector,cal,s1.5,50,particle,q0.5,22,0.9545454545454546,0.04440947367810882,-0.30586550042275784,0.5216359213230993,1.6213248398925086,1.6519138364179273,2.5238625928067258,1.0,0.045454545454545456,0.04440947367810884,0.8356440493664855,1.671288098732971,0.09090909090909091,0.061290896587567464,3.6229671328110054,0.0,0.0,25.644586569209682,34.09319323892188,30.00000000000299,0.0
Ib|cloglog_1.0|entropy_vector|cal|s1.5,Ib,cloglog_1.0,entropy_vector,cal,s1.5,50,particle,q0.95,22,0.9090909090909091,0.06129089658756747,0.5029948991342742,0.6543323347538198,3.13805371001925,3.150753123502156,4.962188850452113,1.0,0.09090909090909091,0.061290896587567464,0.8356440493664855,1.671288098732971,0.0,0.0,0.7337119582419834,0.0,0.0,25.644586569209682,34.09319323892188,31.907344810864267,0.0
Ib|cloglog_1.0|entropy_vector|cal|s1.5,Ib,cloglog_1.0,entropy_vector,cal,s1.5,50,particle,q0.99,22,0.8181818181818182,0.08223036670302644,1.0679835451389226,1.1791026180850361,4.116609791127946,4.134587372935901,6.505481304742142,1.0,0.18181818181818182,0.08223036670302644,0.8356440493664855,1.671288098732971,0.0,0.0,1.1390796135382752,0.0,0.0,25.644586569209682,34.09319323892188,32.467664584118516,0.09090909090909091
Ib|cloglog_1.0|entropy_vector|cal|s1.5,Ib,cloglog_1.0,entropy_vector,cal,s1.5,50,ref,q0.5,22,0.9545454545454546,0.04440947367810882,-0.3100601888127784,0.5276613168039018,1.627663120683872,1.662721950496266,2.5238625928067258,1.0,0.045454545454545456,0.04440947367810884,0.8356440493664855,1.671288098732971,0.09090909090909091,0.061290896587567464,3.6703325601214676,0.0,0.0,25.644586569209682,34.09319323892188,30.00000000000299,0.0
Ib|cloglog_1.0|entropy_vector|cal|s1.5,Ib,cloglog_1.0,entropy_vector,cal,s1.5,50,ref,q0.95,22,0.9090909090909091,0.06129089658756747,0.6108528211226782,0.7520536115965164,3.1764412174490984,3.173954461256633,4.962188850452113,1.0,0.09090909090909091,0.061290896587567464,0.8356440493664855,1.671288098732971,0.0,0.0,0.7506329123690256,0.0,0.0,25.644586569209682,34.09319323892188,31.907344810864267,0.0
Ib|cloglog_1.0|entropy_vector|cal|s1.5,Ib,cloglog_1.0,entropy_vector,cal,s1.5,50,ref,q0.99,22,0.8181818181818182,0.08223036670302644,1.2223342358749023,1.3311848859487272,4.169983197484114,4.166611758921107,6.505481304742142,1.0,0.18181818181818182,0.08223036670302644,0.8356440493664855,1.671288098732971,0.0,0.0,1.2452140065390105,0.0,0.0,25.644586569209682,34.09319323892188,32.467664584118516,0.09090909090909091
Ib|cloglog_1.0|entropy_vector|cal|s6.0,Ib,cloglog_1.0,entropy_vector,cal,s6.0,20,particle,q0.5,22,1.0,0.0,-0.3829082936080526,1.5186335700632907,7.868331883893953,8.049461531854519,,0.0,,,3.342364419359572,6.684728838719144,0.045454545454545456,0.04440947367810884,8.821354316476837,0.0,0.0,21.20603015075377,37.597989949748744,30.00000000009181,0.0
Ib|cloglog_1.0|entropy_vector|cal|s6.0,Ib,cloglog_1.0,entropy_vector,cal,s6.0,20,particle,q0.95,22,1.0,0.0,1.242468685423122,2.656115338928233,20.324612389931573,19.4191398143065,,0.0,,,3.342364419359572,6.684728838719144,0.0,0.0,4.870188163955414,0.0,0.0,21.20603015075377,37.597989949748744,37.62937924766899,0.5454545454545454
Ib|cloglog_1.0|entropy_vector|cal|s6.0,Ib,cloglog_1.0,entropy_vector,cal,s6.0,20,particle,q0.99,22,1.0,0.0,2.841234063711774,4.433538670981131,27.609353526362295,26.22501775044131,,0.0,,,3.342364419359572,6.684728838719144,0.0,0.0,5.454391200790213,0.0,0.0,21.20603015075377,37.597989949748744,39.87065834190087,0.9090909090909091
Ib|cloglog_1.0|entropy_vector|cal|s6.0,Ib,cloglog_1.0,entropy_vector,cal,s6.0,30,particle,q0.5,22,1.0,0.0,-0.6270733280756751,1.41543147504232,6.634315208997424,6.303186525850007,,0.0,,,3.342364419359572,6.684728838719144,0.0,0.0,8.826675371663772,0.0,0.0,19.862951119232527,38.96665143901325,30.00000000009181,0.0
Ib|cloglog_1.0|entropy_vector|cal|s6.0,Ib,cloglog_1.0,entropy_vector,cal,s6.0,30,particle,q0.95,22,0.9545454545454546,0.04440947367810882,1.2748631085686561,2.494728533181261,15.376654475499919,14.199114157556949,,0.0,,,3.342364419359572,6.684728838719144,0.0,0.0,3.5470001710773755,0.0,0.0,19.862951119232527,38.96665143901325,37.62937924766899,0.3181818181818182
Ib|cloglog_1.0|entropy_vector|cal|s6.0,Ib,cloglog_1.0,entropy_vector,cal,s6.0,30,particle,q0.99,22,0.9090909090909091,0.06129089658756747,2.9691974277582385,4.277950932648209,20.69895879567115,19.363407551321128,,0.0,,,3.342364419359572,6.684728838719144,0.0,0.0,4.227148930767405,0.0,0.0,19.862951119232527,38.96665143901325,39.87065834190087,0.7272727272727273
Ib|cloglog_1.0|entropy_vector|cal|s6.0,Ib,cloglog_1.0,entropy_vector,cal,s6.0,50,particle,q0.5,22,0.8181818181818182,0.08223036670302644,-1.0309642081997923,1.8456702474767432,5.131200201308415,5.110314725230216,2.5238625928067258,0.0,0.0,0.0,3.342364419359572,6.684728838719144,0.045454545454545456,0.04440947367810884,13.13495642871158,0.0,0.0,19.08908177249886,39.203289173138415,30.00000000009181,0.0
Ib|cloglog_1.0|entropy_vector|cal|s6.0,Ib,cloglog_1.0,entropy_vector,cal,s6.0,50,particle,q0.95,22,1.0,0.0,0.7409205249126294,1.777067898599358,10.487731038730317,10.19432885989066,4.962188850452113,0.0,0.0,0.0,3.342364419359572,6.684728838719144,0.0,0.0,4.342648145743345,0.0,0.0,19.08908177249886,39.203289173138415,37.62937924766899,0.22727272727272727
Ib|cloglog_1.0|entropy_vector|cal|s6.0,Ib,cloglog_1.0,entropy_vector,cal,s6.0,50,particle,q0.99,22,0.9090909090909091,0.06129089658756747,2.3808632829748784,3.212192633043715,13.90390785349461,13.288963020488257,6.505481304742142,0.0,0.0,0.0,3.342364419359572,6.684728838719144,0.0,0.0,3.233489516940803,0.0,0.0,19.08908177249886,39.203289173138415,39.87065834190087,0.7272727272727273
Ib|cloglog_1.0|entropy_vector|cal|s6.0,Ib,cloglog_1.0,entropy_vector,cal,s6.0,50,ref,q0.5,22,0.7727272727272727,0.08934606739851096,-1.0340497365850398,1.8486720768891587,5.13236622238588,5.058956992288575,2.5238625928067258,0.0,0.0,0.0,3.342364419359572,6.684728838719144,0.045454545454545456,0.04440947367810884,13.165264918399316,0.0,0.0,19.08908177249886,39.203289173138415,30.00000000009181,0.0
Ib|cloglog_1.0|entropy_vector|cal|s6.0,Ib,cloglog_1.0,entropy_vector,cal,s6.0,50,ref,q0.95,22,1.0,0.0,1.129469521113134,2.033000845500483,10.463160891703348,10.368875431989949,4.962188850452113,0.0,0.0,0.0,3.342364419359572,6.684728838719144,0.0,0.0,3.5495371559517466,0.0,0.0,19.08908177249886,39.203289173138415,37.62937924766899,0.22727272727272727
Ib|cloglog_1.0|entropy_vector|cal|s6.0,Ib,cloglog_1.0,entropy_vector,cal,s6.0,50,ref,q0.99,22,0.9090909090909091,0.06129089658756747,2.9455751596761743,3.7233540592597216,13.872891692019378,13.59435323963703,6.505481304742142,0.0,0.0,0.0,3.342364419359572,6.684728838719144,0.0,0.0,3.259770658698461,0.0,0.0,19.08908177249886,39.203289173138415,39.87065834190087,0.7272727272727273
Ib|cloglog_1.0|fixed_design|cal|s1.5,Ib,cloglog_1.0,fixed_design,cal,s1.5,20,particle,q0.5,22,1.0,0.0,-0.16309156772427566,0.5722557515895786,3.32657366434227,3.1326343337723106,,0.0,,,0.8356440493664855,1.671288098732971,0.09090909090909091,0.061290896587567464,2.9967630908118505,0.2727272727272727,0.0,26.39999999999999,33.60000000000001,30.00000000000299,0.0
Ib|cloglog_1.0|fixed_design|cal|s1.5,Ib,cloglog_1.0,fixed_design,cal,s1.5,20,particle,q0.95,22,0.9545454545454546,0.04440947367810882,1.0584238492709257,1.511596502922281,7.943149162619767,7.168344015480086,,0.0,,,0.8356440493664855,1.671288098732971,0.0,0.0,1.6160162021199127,0.2727272727272727,0.0,26.39999999999999,33.60000000000001,31.907344810864267,0.0
Ib|cloglog_1.0|fixed_design|cal|s1.5,Ib,cloglog_1.0,fixed_design,cal,s1.5,20,particle,q0.99,22,0.8636363636363636,0.0731650049984536,1.7880864222785056,2.3657594643753326,10.816566322567509,9.645130911866968,,0.0,,,0.8356440493664855,1.671288098732971,0.0,0.0,2.0068401164475187,0.2727272727272727,0.0,26.39999999999999,33.60000000000001,32.467664584118516,0.0
Ib|cloglog_1.0|fixed_design|cal|s1.5,Ib,cloglog_1.0,fixed_design,cal,s1.5,30,particle,q0.5,22,0.9545454545454546,0.04440947367810882,-0.18830835524542683,0.5439623792413397,2.2809036998235133,2.196851076401165,,0.0,,,0.8356440493664855,1.671288098732971,0.13636363636363635,0.0731650049984536,3.274367254837212,0.2727272727272727,0.0,26.39999999999999,33.60000000000001,30.00000000000299,0.0
Ib|cloglog_1.0|fixed_design|cal|s1.5,Ib,cloglog_1.0,fixed_design,cal,s1.5,30,particle,q0.95,22,0.9545454545454546,0.04440947367810882,0.5384251970119347,0.9548234306061678,4.82538147125889,4.309080298687618,,0.0,,,0.8356440493664855,1.671288098732971,0.045454545454545456,0.04440947367810884,1.4982778498382414,0.2727272727272727,0.0,26.39999999999999,33.60000000000001,31.907344810864267,0.0
Ib|cloglog_1.0|fixed_design|cal|s1.5,Ib,cloglog_1.0,fixed_design,cal,s1.5,30,particle,q0.99,22,0.9090909090909091,0.06129089658756747,1.074706842496367,1.5768001460396093,6.486107174044232,5.695706189011169,,0.0,,,0.8356440493664855,1.671288098732971,0.045454545454545456,0.04440947367810884,1.766318568005181,0.2727272727272727,0.0,26.39999999999999,33.60000000000001,32.467664584118516,0.0
Ib|cloglog_1.0|fixed_design|cal|s1.5,Ib,cloglog_1.0,fixed_design,cal,s1.5,50,particle,q0.5,22,0.9090909090909091,0.06129089658756747,-0.22968563141977635,0.49000222729499376,1.6307205837965177,1.5939891255343,2.5238625928067258,1.0,0.09090909090909091,0.061290896587567464,0.8356440493664855,1.671288098732971,0.09090909090909091,0.061290896587567464,3.3225344320149457,0.045454545454545456,0.0,26.39999999999999,33.60000000000001,30.00000000000299,0.0
Ib|cloglog_1.0|fixed_design|cal|s1.5,Ib,cloglog_1.0,fixed_design,cal,s1.5,50,particle,q0.95,22,0.9545454545454546,0.04440947367810882,0.4224922266385296,0.7246513951641688,3.2294147523940926,3.106737193493501,4.962188850452113,0.9545454545454546,0.0,0.0,0.8356440493664855,1.671288098732971,0.0,0.0,1.078204653127899,0.045454545454545456,0.0,26.39999999999999,33.60000000000001,31.907344810864267,0.0
Ib|cloglog_1.0|fixed_design|cal|s1.5,Ib,cloglog_1.0,fixed_design,cal,s1.5,50,particle,q0.99,22,0.9090909090909091,0.06129089658756747,0.9125435287466584,1.22186070367242,4.274184545767109,4.095989304513335,6.505481304742142,0.9545454545454546,0.045454545454545456,0.04440947367810884,0.8356440493664855,1.671288098732971,0.0,0.0,1.174693125957669,0.045454545454545456,0.0,26.39999999999999,33.60000000000001,32.467664584118516,0.0
Ib|cloglog_1.0|fixed_design|cal|s1.5,Ib,cloglog_1.0,fixed_design,cal,s1.5,50,ref,q0.5,22,0.9090909090909091,0.06129089658756747,-0.22911859881599692,0.49673855115525567,1.6332843276607683,1.6260896821860733,2.5238625928067258,1.0,0.09090909090909091,0.061290896587567464,0.8356440493664855,1.671288098732971,0.09090909090909091,0.061290896587567464,3.3507289594306853,0.045454545454545456,0.0,26.39999999999999,33.60000000000001,30.00000000000299,0.0
Ib|cloglog_1.0|fixed_design|cal|s1.5,Ib,cloglog_1.0,fixed_design,cal,s1.5,50,ref,q0.95,22,0.9545454545454546,0.04440947367810882,0.5239607298151762,0.8268754237118812,3.246514635727455,3.0972047198031163,4.962188850452113,0.9545454545454546,0.0,0.0,0.8356440493664855,1.671288098732971,0.0,0.0,1.1142982383745432,0.045454545454545456,0.0,26.39999999999999,33.60000000000001,31.907344810864267,0.0
Ib|cloglog_1.0|fixed_design|cal|s1.5,Ib,cloglog_1.0,fixed_design,cal,s1.5,50,ref,q0.99,22,0.9090909090909091,0.06129089658756747,1.0659054475613081,1.3801454301391527,4.292640694059224,4.0781059782895,6.505481304742142,0.9545454545454546,0.045454545454545456,0.04440947367810884,0.8356440493664855,1.671288098732971,0.0,0.0,1.232981111800177,0.045454545454545456,0.0,26.39999999999999,33.60000000000001,32.467664584118516,0.0
Ib|cloglog_1.0|fixed_design|cal|s6.0,Ib,cloglog_1.0,fixed_design,cal,s6.0,20,particle,q0.5,22,1.0,0.0,0.06509558975316859,1.0465870107553277,8.11020550696796,8.859463860635088,,0.0,,,3.342364419359572,6.684728838719144,0.0,0.0,4.174583235957583,0.0,0.0,26.39999999999999,33.60000000000001,30.00000000009181,0.0
Ib|cloglog_1.0|fixed_design|cal|s6.0,Ib,cloglog_1.0,fixed_design,cal,s6.0,20,particle,q0.95,22,1.0,0.0,1.8088813630602958,3.7167501034160915,28.33354180139568,30.568008089464104,,0.0,,,3.342364419359572,6.684728838719144,0.045454545454545456,0.04440947367810884,8.692902889513748,0.0,0.0,26.39999999999999,33.60000000000001,37.62937924766899,1.0
Ib|cloglog_1.0|fixed_design|cal|s6.0,Ib,cloglog_1.0,fixed_design,cal,s6.0,20,particle,q0.99,22,1.0,0.0,3.482146077230813,5.731702244546007,39.13717831916071,42.05530309339961,,0.0,,,3.342364419359572,6.684728838719144,0.045454545454545456,0.04440947367810884,9.88776573704393,0.0,0.0,26.39999999999999,33.60000000000001,39.87065834190087,1.0
Ib|cloglog_1.0|fixed_design|cal|s6.0,Ib,cloglog_1.0,fixed_design,cal,s6.0,30,particle,q0.5,22,1.0,0.0,-0.15919420739714757,1.1944392076754828,6.877852350063361,6.716759483918663,,0.0,,,3.342364419359572,6.684728838719144,0.0,0.0,5.967092521034411,0.0,0.0,26.39999999999999,33.60000000000001,30.00000000009181,0.0
Ib|cloglog_1.0|fixed_design|cal|s6.0,Ib,cloglog_1.0,fixed_design,cal,s6.0,30,particle,q0.95,22,1.0,0.0,1.7738184748280081,4.000103231729166,25.366996255087248,23.5757564580283,,0.0,,,3.342364419359572,6.684728838719144,0.0,0.0,7.615598846079314,0.0,0.0,26.39999999999999,33.60000000000001,37.62937924766899,1.0
Ib|cloglog_1.0|fixed_design|cal|s6.0,Ib,cloglog_1.0,fixed_design,cal,s6.0,30,particle,q0.99,22,0.9090909090909091,0.06129089658756747,3.5108173061959436,6.202146034109284,35.238114845785795,32.86648596406763,,0.0,,,3.342364419359572,6.684728838719144,0.045454545454545456,0.04440947367810884,7.400484838231832,0.0,0.0,26.39999999999999,33.60000000000001,39.87065834190087,1.0
Ib|cloglog_1.0|fixed_design|cal|s6.0,Ib,cloglog_1.0,fixed_design,cal,s6.0,50,particle,q0.5,22,0.9090909090909091,0.06129089658756747,-0.10907626692227558,1.199125817813904,5.558121972720492,5.25117979332401,2.5238625928067258,0.0,0.0,0.0,3.342364419359572,6.684728838719144,0.0,0.0,5.682756612160177,0.0,0.0,26.39999999999999,33.60000000000001,30.00000000009181,0.0
Ib|cloglog_1.0|fixed_design|cal|s6.0,Ib,cloglog_1.0,fixed_design,cal,s6.0,50,particle,q0.95,22,0.9545454545454546,0.04440947367810882,2.2266687340910916,3.5364807982552913,22.475199269725064,19.74870487290353,4.962188850452113,0.0,0.0,0.0,3.342364419359572,6.684728838719144,0.0,0.0,3.6270850087271,0.0,0.0,26.39999999999999,33.60000000000001,37.62937924766899,1.0
Ib|cloglog_1.0|fixed_design|cal|s6.0,Ib,cloglog_1.0,fixed_design,cal,s6.0,50,particle,q0.99,22,0.9545454545454546,0.04440947367810882,4.125224092440688,5.785621329172641,31.361500146635866,27.644376483708037,6.505481304742142,0.0,0.0,0.0,3.342364419359572,6.684728838719144,0.0,0.0,4.776728269038525,0.0,0.0,26.39999999999999,33.60000000000001,39.87065834190087,1.0
Ib|cloglog_1.0|fixed_design|cal|s6.0,Ib,cloglog_1.0,fixed_design,cal,s6.0,50,ref,q0.5,22,0.9090909090909091,0.06129089658756747,-0.12708766347264538,1.3176924620439163,5.565579415604943,5.256832773648096,2.5238625928067258,0.0,0.0,0.0,3.342364419359572,6.684728838719144,0.045454545454545456,0.04440947367810884,6.270965058676083,0.0,0.0,26.39999999999999,33.60000000000001,30.00000000009181,0.0
Ib|cloglog_1.0|fixed_design|cal|s6.0,Ib,cloglog_1.0,fixed_design,cal,s6.0,50,ref,q0.95,22,0.9545454545454546,0.04440947367810882,3.8133826594610736,5.122815162422104,22.459709091646552,19.843585142494668,4.962188850452113,0.0,0.0,0.0,3.342364419359572,6.684728838719144,0.0,0.0,4.289953106880802,0.0,0.0,26.39999999999999,33.60000000000001,37.62937924766899,1.0
Ib|cloglog_1.0|fixed_design|cal|s6.0,Ib,cloglog_1.0,fixed_design,cal,s6.0,50,ref,q0.99,22,0.9545454545454546,0.04440947367810882,6.365713034666339,8.09613842346271,31.367653896663203,27.65252596752829,6.505481304742142,0.0,0.0,0.0,3.342364419359572,6.684728838719144,0.0,0.0,6.527056765270177,0.0,0.0,26.39999999999999,33.60000000000001,39.87065834190087,1.0
Ib|probit|entropy_vector|cal|s1.5,Ib,probit,entropy_vector,cal,s1.5,20,particle,q0.5,22,1.0,0.0,0.09972360211476185,0.6206474085117504,3.1891207861285213,3.025135383568447,,0.0,,,0.75,1.5,0.045454545454545456,0.04440947367810884,2.035010874333058,0.0,0.0,25.778894472361802,34.34262220191868,30.0,0.0
Ib|probit|entropy_vector|cal|s1.5,Ib,probit,entropy_vector,cal,s1.5,20,particle,q0.95,22,0.8636363636363636,0.0731650049984536,0.6779651384891828,1.4192247171363408,7.330619494429261,6.647977663315356,,0.0,,,0.75,1.5,0.09090909090909091,0.061290896587567464,2.1925139154521953,0.0,0.0,25.778894472361802,34.34262220191868,32.46728044042721,0.045454545454545456
Ib|probit|entropy_vector|cal|s1.5,Ib,probit,entropy_vector,cal,s1.5,20,particle,q0.99,22,0.8636363636363636,0.0731650049984536,0.921105896300535,1.8346146997966073,9.82546190092424,8.973502957373935,,0.0,,,0.75,1.5,0.13636363636363635,0.0731650049984536,2.699522756123617,0.0,0.0,25.778894472361802,34.34262220191868,33.48952181106126,0.22727272727272727
Ib|probit|entropy_vector|cal|s1.5,Ib,probit,entropy_vector,cal,s1.5,30,particle,q0.5,22,1.0,0.0,0.06768495006059393,0.5100162749419506,2.219631958769665,2.1330315578120764,,0.0,,,0.75,1.5,0.045454545454545456,0.04440947367810884,1.7518308480816993,0.0,0.0,25.778894472361802,34.34262220191868,30.0,0.0
Ib|probit|entropy_vector|cal|s1.5,Ib,probit,entropy_vector,cal,s1.5,30,particle,q0.95,22,0.9090909090909091,0.06129089658756747,0.3433126884991507,1.0648908245466582,4.588344022820678,4.425146780705417,,0.0,,,0.75,1.5,0.045454545454545456,0.04440947367810884,2.3877436087803816,0.0,0.0,25.778894472361802,34.34262220191868,32.46728044042721,0.045454545454545456
Ib|probit|entropy_vector|cal|s1.5,Ib,probit,entropy_vector,cal,s1.5,30,particle,q0.99,22,0.9090909090909091,0.06129089658756747,0.4538245042361782,1.354951989915724,6.066397539559454,5.871297818757425,,0.0,,,0.75,1.5,0.13636363636363635,0.0731650049984536,3.1426204433301277,0.0,0.0,25.778894472361802,34.34262220191868,33.48952181106126,0.22727272727272727
Ib|probit|entropy_vector|cal|s1.5,Ib,probit,entropy_vector,cal,s1.5,50,particle,q0.5,22,0.9545454545454546,0.04440947367810882,0.03905110575501893,0.36251769733426487,1.5716881719247275,1.4997117652282785,2.5238625928067258,1.0,0.045454545454545456,0.04440947367810884,0.75,1.5,0.045454545454545456,0.04440947367810884,1.3993283782668435,0.0,0.0,25.778894472361802,34.34262220191868,30.0,0.0
Ib|probit|entropy_vector|cal|s1.5,Ib,probit,entropy_vector,cal,s1.5,50,particle,q0.95,22,0.9545454545454546,0.04440947367810882,0.20451642487057065,0.7592069087969375,3.0554514333084426,2.9406808449598856,4.962188850452113,1.0,0.045454545454545456,0.04440947367810884,0.75,1.5,0.045454545454545456,0.04440947367810884,2.406869385008722,0.0,0.0,25.778894472361802,34.34262220191868,32.46728044042721,0.045454545454545456
Ib|probit|entropy_vector|cal|s1.5,Ib,probit,entropy_vector,cal,s1.5,50,particle,q0.99,22,0.9545454545454546,0.04440947367810882,0.26796434214076437,0.9774109048991252,4.0161500174652955,3.8737645021043647,6.505481304742142,1.0,0.045454545454545456,0.04440947367810884,0.75,1.5,0.18181818181818182,0.08223036670302644,3.0785667159234396,0.0,0.0,25.778894472361802,34.34262220191868,33.48952181106126,0.22727272727272727
Ib|probit|entropy_vector|cal|s1.5,Ib,probit,entropy_vector,cal,s1.5,50,ref,q0.5,22,0.9545454545454546,0.04440947367810882,0.03869452393948514,0.36452579056029266,1.5785397424884122,1.5172215541300567,2.5238625928067258,1.0,0.045454545454545456,0.04440947367810884,0.75,1.5,0.045454545454545456,0.04440947367810884,1.4153175681429406,0.0,0.0,25.778894472361802,34.34262220191868,30.0,0.0
Ib|probit|entropy_vector|cal|s1.5,Ib,probit,entropy_vector,cal,s1.5,50,ref,q0.95,22,0.9545454545454546,0.04440947367810882,0.3120136031843789,0.8130154826557505,3.0602564258965996,2.9701383212700616,4.962188850452113,1.0,0.045454545454545456,0.04440947367810884,0.75,1.5,0.045454545454545456,0.04440947367810884,2.1167575393819216,0.0,0.0,25.778894472361802,34.34262220191868,32.46728044042721,0.045454545454545456
Ib|probit|entropy_vector|cal|s1.5,Ib,probit,entropy_vector,cal,s1.5,50,ref,q0.99,22,0.9545454545454546,0.04440947367810882,0.4252549135801196,1.0596810179690506,4.025133657996068,3.921410909843436,6.505481304742142,1.0,0.045454545454545456,0.04440947367810884,0.75,1.5,0.09090909090909091,0.061290896587567464,2.5562139302900637,0.0,0.0,25.778894472361802,34.34262220191868,33.48952181106126,0.22727272727272727
Ib|probit|entropy_vector|cal|s6.0,Ib,probit,entropy_vector,cal,s6.0,20,particle,q0.5,22,1.0,0.0,0.23237636729369385,1.577674819426908,7.7362237531782565,7.639230052884519,,0.0,,,3.0,6.0,0.0,0.0,6.685623542566341,0.0,0.0,21.692096847875742,38.455002284148016,30.0,0.0
Ib|probit|entropy_vector|cal|s6.0,Ib,probit,entropy_vector,cal,s6.0,20,particle,q0.95,22,1.0,0.0,-0.5877065875268521,2.9200448325231037,19.501899795493166,18.23371970826497,,0.0,,,3.0,6.0,0.18181818181818182,0.08223036670302644,16.853035991119235,0.0,0.0,21.692096847875742,38.455002284148016,39.86912176170883,0.6818181818181818
Ib|probit|entropy_vector|cal|s6.0,Ib,probit,entropy_vector,cal,s6.0,20,particle,q0.99,22,1.0,0.0,-0.917158596902103,3.8715409082522227,26.39177668641871,24.6117981892356,,0.0,,,3.0,6.0,0.3181818181818182,0.09930260198923899,22.717206095364165,0.0,0.0,21.692096847875742,38.455002284148016,43.95808724424504,1.0
Ib|probit|entropy_vector|cal|s6.0,Ib,probit,entropy_vector,cal,s6.0,30,particle,q0.5,22,1.0,0.0,0.28685943057788954,1.1993648250327542,6.261290052355321,6.027129053881504,,0.0,,,3.0,6.0,0.0,0.0,4.122129277315814,0.0,0.0,20.79671082686158,39.401553220648694,30.0,0.0
Ib|probit|entropy_vector|cal|s6.0,Ib,probit,entropy_vector,cal,s6.0,30,particle,q0.95,22,0.9545454545454546,0.04440947367810882,-0.7252747044792603,2.820768289135168,13.873240959908953,12.908988018606934,,0.0,,,3.0,6.0,0.22727272727272727,0.08934606739851096,16.214859946330506,0.0,0.0,20.79671082686158,39.401553220648694,39.86912176170883,0.5909090909090909
Ib|probit|entropy_vector|cal|s6.0,Ib,probit,entropy_vector,cal,s6.0,30,particle,q0.99,22,0.9545454545454546,0.04440947367810882,-1.1567319785049186,3.793796468415398,18.602274497327752,17.1399566018067,,0.0,,,3.0,6.0,0.36363636363636365,0.10255928633050294,22.926746691969797,0.0,0.0,20.79671082686158,39.401553220648694,43.95808724424504,0.9545454545454546
Ib|probit|entropy_vector|cal|s6.0,Ib,probit,entropy_vector,cal,s6.0,50,particle,q0.5,22,0.9090909090909091,0.06129089658756747,0.2685649814942577,1.2654870487952083,4.991134126445338,4.876499376304778,2.5238625928067258,0.0,0.0,0.0,3.0,6.0,0.0,0.0,4.150292277293397,0.0,0.0,20.432160804020096,39.746916400182734,30.0,0.0
Ib|probit|entropy_vector|cal|s6.0,Ib,probit,entropy_vector,cal,s6.0,50,particle,q0.95,22,0.9545454545454546,0.04440947367810882,-0.4906324857898748,2.414451305008603,10.225875882363466,9.624055965605006,4.962188850452113,0.0,0.0,0.0,3.0,6.0,0.18181818181818182,0.08223036670302644,12.42206126457157,0.0,0.0,20.432160804020096,39.746916400182734,39.86912176170883,0.5454545454545454
Ib|probit|entropy_vector|cal|s6.0,Ib,probit,entropy_vector,cal,s6.0,50,particle,q0.99,22,0.9545454545454546,0.04440947367810882,-0.8158490322732116,3.2566547978845026,13.552706451595263,12.689814598057687,6.505481304742142,0.0,0.0,0.0,3.0,6.0,0.3181818181818182,0.09930260198923899,17.723588423008835,0.0,0.0,20.432160804020096,39.746916400182734,43.95808724424504,0.9545454545454546
Ib|probit|entropy_vector|cal|s6.0,Ib,probit,entropy_vector,cal,s6.0,50,ref,q0.5,22,0.9090909090909091,0.06129089658756747,0.2649544750800183,1.2652611233981328,4.979515634445295,4.815197173375704,2.5238625928067258,0.0,0.0,0.0,3.0,6.0,0.0,0.0,4.170554090606891,0.0,0.0,20.432160804020096,39.746916400182734,30.0,0.0
Ib|probit|entropy_vector|cal|s6.0,Ib,probit,entropy_vector,cal,s6.0,50,ref,q0.95,22,0.9545454545454546,0.04440947367810882,-0.11173484197591321,2.484341965775768,10.195821278986768,9.569959935657614,4.962188850452113,0.0,0.0,0.0,3.0,6.0,0.18181818181818182,0.08223036670302644,10.909672008416273,0.0,0.0,20.432160804020096,39.746916400182734,39.86912176170883,0.5454545454545454
Ib|probit|entropy_vector|cal|s6.0,Ib,probit,entropy_vector,cal,s6.0,50,ref,q0.99,22,0.9545454545454546,0.04440947367810882,-0.26780441455508,3.3422579326793453,13.50772103233261,12.603369215182354,6.505481304742142,0.0,0.0,0.0,3.0,6.0,0.3181818181818182,0.09930260198923899,14.886341530177116,0.0,0.0,20.432160804020096,39.746916400182734,43.95808724424504,0.9545454545454546
Ib|probit|fixed_design|cal|s1.5,Ib,probit,fixed_design,cal,s1.5,20,particle,q0.5,22,1.0,0.0,0.024974852912605303,0.3762912574260385,3.1307342868694916,3.0916442500020516,,0.0,,,0.75,1.5,0.0,0.0,1.4123939459551615,0.36363636363636365,0.0,26.39999999999999,33.60000000000001,30.0,0.0
Ib|probit|fixed_design|cal|s1.5,Ib,probit,fixed_design,cal,s1.5,20,particle,q0.95,22,1.0,0.0,0.4369141164365239,1.189598964854684,7.437247583607046,6.861367976308852,,0.0,,,0.75,1.5,0.09090909090909091,0.061290896587567464,3.1749074549487335,0.36363636363636365,0.0,26.39999999999999,33.60000000000001,32.46728044042721,0.0
Ib|probit|fixed_design|cal|s1.5,Ib,probit,fixed_design,cal,s1.5,20,particle,q0.99,22,1.0,0.0,0.6073791062022564,1.6307211632209893,10.03219220360018,9.257134707923775,,0.0,,,0.75,1.5,0.2727272727272727,0.09495144870310791,4.447638243181463,0.36363636363636365,0.0,26.39999999999999,33.60000000000001,33.48952181106126,0.0
Ib|probit|fixed_design|cal|s1.5,Ib,probit,fixed_design,cal,s1.5,30,particle,q0.5,22,1.0,0.0,0.001308104543738218,0.3652051371553537,2.2061851379423785,2.0955714250557733,,0.0,,,0.75,1.5,0.0,0.0,1.5896887529857857,0.3181818181818182,0.0,26.39999999999999,33.60000000000001,30.0,0.0
Ib|probit|fixed_design|cal|s1.5,Ib,probit,fixed_design,cal,s1.5,30,particle,q0.95,22,1.0,0.0,0.06597944313517669,0.9167521153649528,4.715993635327379,4.172790660440155,,0.0,,,0.75,1.5,0.13636363636363635,0.0731650049984536,4.125036593402888,0.3181818181818182,0.0,26.39999999999999,33.60000000000001,32.46728044042721,0.0
Ib|probit|fixed_design|cal|s1.5,Ib,probit,fixed_design,cal,s1.5,30,particle,q0.99,22,1.0,0.0,0.09876400187042317,1.2879981936596003,6.276977374546737,5.501065845019307,,0.0,,,0.75,1.5,0.36363636363636365,0.10255928633050294,5.664936524923986,0.3181818181818182,0.0,26.39999999999999,33.60000000000001,33.48952181106126,0.0
Ib|probit|fixed_design|cal|s1.5,Ib,probit,fixed_design,cal,s1.5,50,particle,q0.5,22,0.9090909090909091,0.06129089658756747,0.013087665587317655,0.35032328144083397,1.6184630418640487,1.5348412636003808,2.5238625928067258,0.9545454545454546,0.09090909090909091,0.061290896587567464,0.75,1.5,0.0,0.0,1.4793667322142279,0.09090909090909091,0.0,26.39999999999999,33.60000000000001,30.0,0.0
Ib|probit|fixed_design|cal|s1.5,Ib,probit,fixed_design,cal,s1.5,50,particle,q0.95,22,0.9545454545454546,0.04440947367810882,0.05634369095903014,0.895965279781871,3.240084476944609,2.8956170218506525,4.962188850452113,0.9545454545454546,0.0,0.0,0.75,1.5,0.18181818181818182,0.08223036670302644,3.3348417035802242,0.09090909090909091,0.0,26.39999999999999,33.60000000000001,32.46728044042721,0.0
Ib|probit|fixed_design|cal|s1.5,Ib,probit,fixed_design,cal,s1.5,50,particle,q0.99,22,0.9545454545454546,0.04440947367810882,0.07300566520968035,1.2216657739891934,4.281608350897431,3.8119413960130863,6.505481304742142,0.9545454545454546,0.0,0.0,0.75,1.5,0.22727272727272727,0.08934606739851096,4.628166601240517,0.09090909090909091,0.0,26.39999999999999,33.60000000000001,33.48952181106126,0.0
Ib|probit|fixed_design|cal|s1.5,Ib,probit,fixed_design,cal,s1.5,50,ref,q0.5,22,0.9090909090909091,0.06129089658756747,0.01610249813082909,0.35248432685780445,1.6152030177864505,1.5255719270824475,2.5238625928067258,0.9545454545454546,0.09090909090909091,0.061290896587567464,0.75,1.5,0.0,0.0,1.4770705770382264,0.09090909090909091,0.0,26.39999999999999,33.60000000000001,30.0,0.0
Ib|probit|fixed_design|cal|s1.5,Ib,probit,fixed_design,cal,s1.5,50,ref,q0.95,22,0.9090909090909091,0.06129089658756747,0.16190638643691424,0.9838204393065809,3.2800404803209413,2.908652494155575,4.962188850452113,0.9545454545454546,0.045454545454545456,0.04440947367810884,0.75,1.5,0.18181818181818182,0.08223036670302644,3.145287743226564,0.09090909090909091,0.0,26.39999999999999,33.60000000000001,32.46728044042721,0.0
Ib|probit|fixed_design|cal|s1.5,Ib,probit,fixed_design,cal,s1.5,50,ref,q0.99,22,0.9545454545454546,0.04440947367810882,0.22231571979992087,1.3470011460098248,4.341941530837885,3.8316019610824625,6.505481304742142,0.9090909090909091,0.0,0.0,0.75,1.5,0.22727272727272727,0.08934606739851096,4.408240732004649,0.09090909090909091,0.0,26.39999999999999,33.60000000000001,33.48952181106126,0.0
Ib|probit|fixed_design|cal|s6.0,Ib,probit,fixed_design,cal,s6.0,20,particle,q0.5,22,1.0,0.0,0.23049737852847796,1.119337631318052,8.073016865879241,8.859463860635088,,0.0,,,3.0,6.0,0.0,0.0,3.6847281527656564,0.0,0.0,26.39999999999999,33.60000000000001,30.0,0.0
Ib|probit|fixed_design|cal|s6.0,Ib,probit,fixed_design,cal,s6.0,20,particle,q0.95,22,1.0,0.0,-0.3440957630143402,3.1564954488577186,28.17168571407329,30.750915204083185,,0.0,,,3.0,6.0,0.22727272727272727,0.08934606739851096,16.115765438391477,0.0,0.0,26.39999999999999,33.60000000000001,39.86912176170883,1.0
Ib|probit|fixed_design|cal|s6.0,Ib,probit,fixed_design,cal,s6.0,20,particle,q0.99,22,1.0,0.0,-0.5507570601053747,4.448798219377306,38.88922021913625,42.10676848116421,,0.0,,,3.0,6.0,0.3181818181818182,0.09930260198923899,22.576390831743865,0.0,0.0,26.39999999999999,33.60000000000001,43.95808724424504,1.0
Ib|probit|fixed_design|cal|s6.0,Ib,probit,fixed_design,cal,s6.0,30,particle,q0.5,22,1.0,0.0,0.03156205671927042,1.2160616080313147,6.859697958118459,6.759096686183948,,0.0,,,3.0,6.0,0.0,0.0,5.049597064131059,0.0,0.0,26.39999999999999,33.60000000000001,30.0,0.0
Ib|probit|fixed_design|cal|s6.0,Ib,probit,fixed_design,cal,s6.0,30,particle,q0.95,22,1.0,0.0,-0.3069035184050248,3.5830795174801775,25.476942280240973,25.841086910145798,,0.0,,,3.0,6.0,0.2727272727272727,0.09495144870310791,16.703395953666234,0.0,0.0,26.39999999999999,33.60000000000001,39.86912176170883,1.0
Ib|probit|fixed_design|cal|s6.0,Ib,probit,fixed_design,cal,s6.0,30,particle,q0.99,22,1.0,0.0,-0.4396221961443736,5.100830749494364,35.273329814688445,35.749234343554505,,0.0,,,3.0,6.0,0.3181818181818182,0.09930260198923899,22.930235735136907,0.0,0.0,26.39999999999999,33.60000000000001,43.95808724424504,1.0
Ib|probit|fixed_design|cal|s6.0,Ib,probit,fixed_design,cal,s6.0,50,particle,q0.5,22,0.9090909090909091,0.06129089658756747,0.005757157763332027,1.2062547415539542,5.532287917899169,5.077574330367007,2.5238625928067258,0.0,0.0,0.0,3.0,6.0,0.045454545454545456,0.04440947367810884,5.104978266447821,0.0,0.0,26.39999999999999,33.60000000000001,30.0,0.0
Ib|probit|fixed_design|cal|s6.0,Ib,probit,fixed_design,cal,s6.0,50,particle,q0.95,22,1.0,0.0,0.1359101033153087,3.1203141292189653,22.5089936415216,17.89369881858137,4.962188850452113,0.0,0.0,0.0,3.0,6.0,0.09090909090909091,0.061290896587567464,13.084669479184289,0.0,0.0,26.39999999999999,33.60000000000001,39.86912176170883,1.0
Ib|probit|fixed_design|cal|s6.0,Ib,probit,fixed_design,cal,s6.0,50,particle,q0.99,22,1.0,0.0,0.19201765037131094,4.5437052670670415,31.41190172327284,25.51831137216527,6.505481304742142,0.0,0.0,0.0,3.0,6.0,0.18181818181818182,0.08223036670302644,18.68660368510673,0.0,0.0,26.39999999999999,33.60000000000001,43.95808724424504,1.0
Ib|probit|fixed_design|cal|s6.0,Ib,probit,fixed_design,cal,s6.0,50,ref,q0.5,22,0.9090909090909091,0.06129089658756747,0.008409546755267979,1.324985387057249,5.5625350100062825,5.11218199053658,2.5238625928067258,0.0,0.0,0.0,3.0,6.0,0.045454545454545456,0.04440947367810884,5.576226766757217,0.0,0.0,26.39999999999999,33.60000000000001,30.0,0.0
Ib|probit|fixed_design|cal|s6.0,Ib,probit,fixed_design,cal,s6.0,50,ref,q0.95,22,1.0,0.0,1.737740888720012,4.261684752455363,22.643658299683654,18.046626064605817,4.962188850452113,0.0,0.0,0.0,3.0,6.0,0.045454545454545456,0.04440947367810884,8.673626184587063,0.0,0.0,26.39999999999999,33.60000000000001,39.86912176170883,1.0
Ib|probit|fixed_design|cal|s6.0,Ib,probit,fixed_design,cal,s6.0,50,ref,q0.99,22,1.0,0.0,2.4542358652636733,6.133969425660626,31.563811002155287,25.713575615946908,6.505481304742142,0.0,0.0,0.0,3.0,6.0,0.09090909090909091,0.061290896587567464,11.834138058304621,0.0,0.0,26.39999999999999,33.60000000000001,43.95808724424504,1.0
Ib|tail_1.0|entropy_vector|cal|s1.5,Ib,tail_1.0,entropy_vector,cal,s1.5,20,particle,q0.5,22,1.0,0.0,0.22167959012738497,0.7122861534576913,3.3957755606443922,3.025135383568447,,0.0,,,0.9412546452160954,1.8825092904321907,0.045454545454545456,0.04440947367810884,1.9932126716474163,0.0,0.0,25.810872544540885,34.52809502055733,30.0,0.0
Ib|tail_1.0|entropy_vector|cal|s1.5,Ib,tail_1.0,entropy_vector,cal,s1.5,20,particle,q0.95,22,1.0,0.0,-0.47474707200980876,1.7757530499234198,8.011388115902951,6.647977663315356,,0.0,,,0.9412546452160954,1.8825092904321907,0.5454545454545454,0.10615894693111677,10.666248868713563,0.0,0.0,25.810872544540885,34.52809502055733,33.96728044042721,0.2727272727272727
Ib|tail_1.0|entropy_vector|cal|s1.5,Ib,tail_1.0,entropy_vector,cal,s1.5,20,particle,q0.99,22,1.0,0.0,-1.576943230051837,2.712266217926953,10.743665147130388,8.973502957373935,,0.0,,,0.9412546452160954,1.8825092904321907,0.7727272727272727,0.08934606739851096,21.177306720316153,0.0,0.0,25.810872544540885,34.52809502055733,36.429521811061264,0.9090909090909091
Ib|tail_1.0|entropy_vector|cal|s1.5,Ib,tail_1.0,entropy_vector,cal,s1.5,30,particle,q0.5,22,1.0,0.0,0.1682455164845069,0.542475400929538,2.4141635453544907,2.2905587546025092,,0.0,,,0.9412546452160954,1.8825092904321907,0.0,0.0,1.4434131294475807,0.0,0.0,25.76610324349018,34.636820465966196,30.0,0.0
Ib|tail_1.0|entropy_vector|cal|s1.5,Ib,tail_1.0,entropy_vector,cal,s1.5,30,particle,q0.95,22,0.8636363636363636,0.0731650049984536,-0.7697225924308071,1.5338452273791539,5.113047546643964,4.839307506724353,,0.0,,,0.9412546452160954,1.8825092904321907,0.5909090909090909,0.10482356110715556,11.182183814478817,0.0,0.0,25.76610324349018,34.636820465966196,33.96728044042721,0.22727272727272727
Ib|tail_1.0|entropy_vector|cal|s1.5,Ib,tail_1.0,entropy_vector,cal,s1.5,30,particle,q0.99,22,0.8181818181818182,0.08223036670302644,-1.981332508482872,2.6200590646561754,6.775632354473467,6.450328789385583,,0.0,,,0.9412546452160954,1.8825092904321907,0.7727272727272727,0.08934606739851096,21.781183511685278,0.0,0.0,25.76610324349018,34.636820465966196,36.429521811061264,0.9090909090909091
Ib|tail_1.0|entropy_vector|cal|s1.5,Ib,tail_1.0,entropy_vector,cal,s1.5,50,particle,q0.5,22,0.9090909090909091,0.06129089658756747,0.133306252276158,0.4541938777379508,1.7030232918646817,1.6145552800494904,2.5238625928067258,0.9545454545454546,0.09090909090909091,0.061290896587567464,0.9412546452160954,1.8825092904321907,0.0,0.0,1.4008080373777483,0.0,0.0,25.76610324349018,34.636820465966196,30.0,0.0
Ib|tail_1.0|entropy_vector|cal|s1.5,Ib,tail_1.0,entropy_vector,cal,s1.5,50,particle,q0.95,22,0.6363636363636364,0.10255928633050294,-0.9735171180399497,1.4171965152874129,3.323508128972378,3.1775473606215154,4.962188850452113,0.9545454545454546,0.36363636363636365,0.10255928633050294,0.9412546452160954,1.8825092904321907,0.5454545454545454,0.10615894693111677,11.182045716300838,0.0,0.0,25.76610324349018,34.636820465966196,33.96728044042721,0.22727272727272727
Ib|tail_1.0|entropy_vector|cal|s1.5,Ib,tail_1.0,entropy_vector,cal,s1.5,50,particle,q0.99,22,0.5,0.10660035817780522,-2.254734884404382,2.6152049623002047,4.370708440971356,4.2311502733428235,6.505481304742142,0.9545454545454546,0.5,0.10660035817780522,0.9412546452160954,1.8825092904321907,0.7727272727272727,0.08934606739851096,22.580786833095658,0.0,0.0,25.76610324349018,34.636820465966196,36.429521811061264,0.9090909090909091
Ib|tail_1.0|entropy_vector|cal|s1.5,Ib,tail_1.0,entropy_vector,cal,s1.5,50,ref,q0.5,22,0.9090909090909091,0.06129089658756747,0.13428042336401963,0.45668980710330426,1.7117081996226415,1.603878715773643,2.5238625928067258,0.9545454545454546,0.09090909090909091,0.061290896587567464,0.9412546452160954,1.8825092904321907,0.0,0.0,1.4157194753592444,0.0,0.0,25.76610324349018,34.636820465966196,30.0,0.0
Ib|tail_1.0|entropy_vector|cal|s1.5,Ib,tail_1.0,entropy_vector,cal,s1.5,50,ref,q0.95,22,0.6363636363636364,0.10255928633050294,-0.8522042056002715,1.3628353168716654,3.334312753721017,3.1630683572845193,4.962188850452113,0.9545454545454546,0.36363636363636365,0.10255928633050294,0.9412546452160954,1.8825092904321907,0.5454545454545454,0.10615894693111677,10.398183281536632,0.0,0.0,25.76610324349018,34.636820465966196,33.96728044042721,0.22727272727272727
Ib|tail_1.0|entropy_vector|cal|s1.5,Ib,tail_1.0,entropy_vector,cal,s1.5,50,ref,q0.99,22,0.5,0.10660035817780522,-2.079444987747306,2.490967674091269,4.386113889593987,4.186582267550975,6.505481304742142,0.9545454545454546,0.5,0.10660035817780522,0.9412546452160954,1.8825092904321907,0.7727272727272727,0.08934606739851096,21.1151532926801,0.0,0.0,25.76610324349018,34.636820465966196,36.429521811061264,0.9090909090909091
Ib|tail_1.0|entropy_vector|cal|s6.0,Ib,tail_1.0,entropy_vector,cal,s6.0,20,particle,q0.5,22,1.0,0.0,0.4595043873148139,1.79264254177251,7.725669008937829,7.639230052884519,,0.0,,,3.7650159248895,7.530031849779,0.0,0.0,6.3737207705419845,0.0,0.0,22.005481955230696,38.48698035632709,30.0,0.0
Ib|tail_1.0|entropy_vector|cal|s6.0,Ib,tail_1.0,entropy_vector,cal,s6.0,20,particle,q0.95,22,0.8636363636363636,0.0731650049984536,-6.386018777376845,7.0528127119020825,19.554291274203027,18.23371970826497,,0.0,,,3.7650159248895,7.530031849779,0.7272727272727273,0.09495144870310791,63.860187773768466,0.0,0.0,22.005481955230696,38.48698035632709,45.86912176170883,1.0
Ib|tail_1.0|entropy_vector|cal|s6.0,Ib,tail_1.0,entropy_vector,cal,s6.0,20,particle,q0.99,22,0.7272727272727273,0.09495144870310791,-12.486253947657504,13.066672763279428,26.49829479309616,24.6117981892356,,0.0,,,3.7650159248895,7.530031849779,1.0,0.0,124.86253947657502,0.0,0.0,22.005481955230696,38.48698035632709,55.71808724424505,1.0
Ib|tail_1.0|entropy_vector|cal|s6.0,Ib,tail_1.0,entropy_vector,cal,s6.0,30,particle,q0.5,22,0.9545454545454546,0.04440947367810882,0.45853534927125045,1.4910921330771687,6.195287357538632,6.027129053881504,,0.0,,,3.7650159248895,7.530031849779,0.0,0.0,4.1410545849727605,0.0,0.0,21.110095934216535,39.43353129282778,30.0,0.0
Ib|tail_1.0|entropy_vector|cal|s6.0,Ib,tail_1.0,entropy_vector,cal,s6.0,30,particle,q0.95,22,0.6818181818181818,0.09930260198923899,-6.669142083875931,7.199776357660043,13.724024143532075,12.908988018606934,,0.0,,,3.7650159248895,7.530031849779,0.8181818181818182,0.08223036670302644,67.262005991405,0.0,0.0,21.110095934216535,39.43353129282778,45.86912176170883,1.0
Ib|tail_1.0|entropy_vector|cal|s6.0,Ib,tail_1.0,entropy_vector,cal,s6.0,30,particle,q0.99,22,0.36363636363636365,0.10255928633050294,-12.908291976171022,13.379848404037315,18.407388483319252,17.1399566018067,,0.0,,,3.7650159248895,7.530031849779,0.9545454545454546,0.04440947367810882,129.08291976171023,0.0,0.0,21.110095934216535,39.43353129282778,55.71808724424505,1.0
Ib|tail_1.0|entropy_vector|cal|s6.0,Ib,tail_1.0,entropy_vector,cal,s6.0,50,particle,q0.5,22,0.8636363636363636,0.0731650049984536,0.6938253132990172,1.5911473857689,5.0460913566026315,4.862755733278593,2.5238625928067258,0.0,0.0,0.0,3.7650159248895,7.530031849779,0.0,0.0,3.9218455507785723,0.0,0.0,20.579259936043854,40.03471904979443,30.0,0.0
Ib|tail_1.0|entropy_vector|cal|s6.0,Ib,tail_1.0,entropy_vector,cal,s6.0,50,particle,q0.95,22,0.5,0.10660035817780522,-5.905366793064343,6.598104148707566,10.478763738054369,9.572971722253282,4.962188850452113,0.0,0.0,0.0,3.7650159248895,7.530031849779,0.8181818181818182,0.08223036670302644,59.41794609949638,0.0,0.0,20.579259936043854,40.03471904979443,45.86912176170883,1.0
Ib|tail_1.0|entropy_vector|cal|s6.0,Ib,tail_1.0,entropy_vector,cal,s6.0,50,particle,q0.99,22,0.22727272727272727,0.08934606739851096,-11.924647591446648,12.528368772513684,13.914409664049835,12.574884896715773,6.505481304742142,0.0,0.0,0.0,3.7650159248895,7.530031849779,0.9545454545454546,0.04440947367810882,119.24647591446647,0.0,0.0,20.579259936043854,40.03471904979443,55.71808724424505,1.0
Ib|tail_1.0|entropy_vector|cal|s6.0,Ib,tail_1.0,entropy_vector,cal,s6.0,50,ref,q0.5,22,0.8636363636363636,0.0731650049984536,0.6927419811245983,1.597072741765189,5.0388201141428475,4.779746603669549,2.5238625928067258,0.0,0.0,0.0,3.7650159248895,7.530031849779,0.0,0.0,3.9512003211350244,0.0,0.0,20.579259936043854,40.03471904979443,30.0,0.0
Ib|tail_1.0|entropy_vector|cal|s6.0,Ib,tail_1.0,entropy_vector,cal,s6.0,50,ref,q0.95,22,0.5,0.10660035817780522,-5.503896467383012,6.314962342539776,10.493447874793889,9.543406274935432,4.962188850452113,0.0,0.0,0.0,3.7650159248895,7.530031849779,0.7727272727272727,0.08934606739851096,55.99600458525645,0.0,0.0,20.579259936043854,40.03471904979443,45.86912176170883,1.0
Ib|tail_1.0|entropy_vector|cal|s6.0,Ib,tail_1.0,entropy_vector,cal,s6.0,50,ref,q0.99,22,0.22727272727272727,0.08934606739851096,-11.345367529135086,12.054025014795513,13.92461408959984,12.496541593922572,6.505481304742142,0.0,0.0,0.0,3.7650159248895,7.530031849779,0.9090909090909091,0.06129089658756747,113.45367529135086,0.0,0.0,20.579259936043854,40.03471904979443,55.71808724424505,1.0
Ib|tail_1.0|fixed_design|cal|s1.5,Ib,tail_1.0,fixed_design,cal,s1.5,20,particle,q0.5,22,1.0,0.0,0.1639074420063299,0.6017776791063745,3.4604471803626073,3.111335152616327,,0.0,,,0.9412546452160954,1.8825092904321907,0.0,0.0,1.5513265350488863,0.3181818181818182,0.0,26.39999999999999,33.60000000000001,30.0,0.0
Ib|tail_1.0|fixed_design|cal|s1.5,Ib,tail_1.0,fixed_design,cal,s1.5,20,particle,q0.95,22,1.0,0.0,-0.5689188475050553,1.8386060279688141,8.78246120421914,7.168344015480086,,0.0,,,0.9412546452160954,1.8825092904321907,0.5909090909090909,0.10482356110715556,11.380697276170308,0.3181818181818182,0.0,26.39999999999999,33.60000000000001,33.96728044042721,1.0
Ib|tail_1.0|fixed_design|cal|s1.5,Ib,tail_1.0,fixed_design,cal,s1.5,20,particle,q0.99,22,0.9545454545454546,0.04440947367810882,-1.694463234496056,2.8542922273811584,11.823063553806787,9.645130911866968,,0.0,,,0.9412546452160954,1.8825092904321907,0.6818181818181818,0.09930260198923899,21.71277916475935,0.3181818181818182,0.0,26.39999999999999,33.60000000000001,36.429521811061264,1.0
Ib|tail_1.0|fixed_design|cal|s1.5,Ib,tail_1.0,fixed_design,cal,s1.5,30,particle,q0.5,22,0.9545454545454546,0.04440947367810882,0.09498045832962987,0.524203905619808,2.362547413852701,2.1381704699932325,,0.0,,,0.9412546452160954,1.8825092904321907,0.0,0.0,1.5392132243492753,0.2727272727272727,0.0,26.39999999999999,33.60000000000001,30.0,0.0
Ib|tail_1.0|fixed_design|cal|s1.5,Ib,tail_1.0,fixed_design,cal,s1.5,30,particle,q0.95,22,0.8636363636363636,0.0731650049984536,-1.107823966760831,1.7387241967095235,5.322938908305662,4.188743365206399,,0.0,,,0.9412546452160954,1.8825092904321907,0.5909090909090909,0.10482356110715556,13.255482517680973,0.2727272727272727,0.0,26.39999999999999,33.60000000000001,33.96728044042721,1.0
Ib|tail_1.0|fixed_design|cal|s1.5,Ib,tail_1.0,fixed_design,cal,s1.5,30,particle,q0.99,22,0.6818181818181818,0.09930260198923899,-2.4171165422744325,3.0004684909256754,7.090235497693411,5.554998591488987,,0.0,,,0.9412546452160954,1.8825092904321907,0.8181818181818182,0.08223036670302644,25.477785002486755,0.2727272727272727,0.0,26.39999999999999,33.60000000000001,36.429521811061264,1.0
Ib|tail_1.0|fixed_design|cal|s1.5,Ib,tail_1.0,fixed_design,cal,s1.5,50,particle,q0.5,22,0.9090909090909091,0.06129089658756747,0.1362420802660735,0.43322073338899797,1.7667217539179838,1.666269546868472,2.5238625928067258,0.9090909090909091,0.09090909090909091,0.061290896587567464,0.9412546452160954,1.8825092904321907,0.0,0.0,1.256596521214218,0.09090909090909091,0.0,26.39999999999999,33.60000000000001,30.0,0.0
Ib|tail_1.0|fixed_design|cal|s1.5,Ib,tail_1.0,fixed_design,cal,s1.5,50,particle,q0.95,22,0.7272727272727273,0.09495144870310791,-0.9591419138325743,1.6209625923268427,3.812244846077569,3.299781394993717,4.962188850452113,0.8636363636363636,0.2727272727272727,0.09495144870310791,0.9412546452160954,1.8825092904321907,0.6363636363636364,0.10255928633050294,12.206444645395306,0.09090909090909091,0.0,26.39999999999999,33.60000000000001,33.96728044042721,1.0
Ib|tail_1.0|fixed_design|cal|s1.5,Ib,tail_1.0,fixed_design,cal,s1.5,50,particle,q0.99,22,0.5,0.10660035817780522,-2.2336452878500017,2.8393852632875873,5.904395452224204,4.341261260446483,6.505481304742142,0.8181818181818182,0.5,0.10660035817780522,0.9412546452160954,1.8825092904321907,0.8181818181818182,0.08223036670302644,24.134553162460985,0.09090909090909091,0.0,26.39999999999999,33.60000000000001,36.429521811061264,1.0
Ib|tail_1.0|fixed_design|cal|s1.5,Ib,tail_1.0,fixed_design,cal,s1.5,50,ref,q0.5,22,0.9090909090909091,0.06129089658756747,0.14086070770694742,0.4358552368416062,1.7689792968854263,1.6808436195565672,2.5238625928067258,0.9090909090909091,0.09090909090909091,0.061290896587567464,0.9412546452160954,1.8825092904321907,0.0,0.0,1.258797561852534,0.09090909090909091,0.0,26.39999999999999,33.60000000000001,30.0,0.0
Ib|tail_1.0|fixed_design|cal|s1.5,Ib,tail_1.0,fixed_design,cal,s1.5,50,ref,q0.95,22,0.7272727272727273,0.09495144870310791,-0.8241461401084466,1.6444539320246176,3.8451139478357432,3.2707535730625583,4.962188850452113,0.8636363636363636,0.2727272727272727,0.09495144870310791,0.9412546452160954,1.8825092904321907,0.6363636363636364,0.10255928633050294,11.469125963879453,0.09090909090909091,0.0,26.39999999999999,33.60000000000001,33.96728044042721,1.0
Ib|tail_1.0|fixed_design|cal|s1.5,Ib,tail_1.0,fixed_design,cal,s1.5,50,ref,q0.99,22,0.5,0.10660035817780522,-2.042488267655839,2.8039094861388545,5.11613705484575,4.297393911583178,6.505481304742142,0.8636363636363636,0.5,0.10660035817780522,0.9412546452160954,1.8825092904321907,0.7272727272727273,0.09495144870310791,23.0920677658661,0.09090909090909091,0.0,26.39999999999999,33.60000000000001,36.429521811061264,1.0
Ib|tail_1.0|fixed_design|cal|s6.0,Ib,tail_1.0,fixed_design,cal,s6.0,20,particle,q0.5,22,1.0,0.0,0.23049737852847796,1.119337631318052,8.073016865879241,8.859463860635088,,0.0,,,3.7650159248895,7.530031849779,0.0,0.0,3.6847281527656564,0.0,0.0,26.39999999999999,33.60000000000001,30.0,0.0
Ib|tail_1.0|fixed_design|cal|s6.0,Ib,tail_1.0,fixed_design,cal,s6.0,20,particle,q0.95,22,0.8636363636363636,0.0731650049984536,-6.34409576301434,7.077613487244946,28.17168571407329,30.750915204083185,,0.0,,,3.7650159248895,7.530031849779,0.6818181818181818,0.09930260198923899,63.44095763014341,0.0,0.0,26.39999999999999,33.60000000000001,45.86912176170883,1.0
Ib|tail_1.0|fixed_design|cal|s6.0,Ib,tail_1.0,fixed_design,cal,s6.0,20,particle,q0.99,22,0.8636363636363636,0.0731650049984536,-12.310757060105379,13.078348965003695,38.88922021913625,42.10676848116421,,0.0,,,3.7650159248895,7.530031849779,1.0,0.0,123.10757060105381,0.0,0.0,26.39999999999999,33.60000000000001,55.71808724424505,1.0
Ib|tail_1.0|fixed_design|cal|s6.0,Ib,tail_1.0,fixed_design,cal,s6.0,30,particle,q0.5,22,1.0,0.0,0.03156205671927042,1.2160616080313147,6.859697958118459,6.759096686183948,,0.0,,,3.7650159248895,7.530031849779,0.0,0.0,5.049597064131059,0.0,0.0,26.39999999999999,33.60000000000001,30.0,0.0
Ib|tail_1.0|fixed_design|cal|s6.0,Ib,tail_1.0,fixed_design,cal,s6.0,30,particle,q0.95,22,0.8636363636363636,0.0731650049984536,-6.306903518405025,7.247158136086606,25.476942280240973,25.841086910145798,,0.0,,,3.7650159248895,7.530031849779,0.8181818181818182,0.08223036670302644,65.13788097220771,0.0,0.0,26.39999999999999,33.60000000000001,45.86912176170883,1.0
Ib|tail_1.0|fixed_design|cal|s6.0,Ib,tail_1.0,fixed_design,cal,s6.0,30,particle,q0.99,22,0.8636363636363636,0.0731650049984536,-12.199622196144379,13.215747742307395,35.273329814688445,35.749234343554505,,0.0,,,3.7650159248895,7.530031849779,0.9090909090909091,0.06129089658756747,123.05598053874527,0.0,0.0,26.39999999999999,33.60000000000001,55.71808724424505,1.0
Ib|tail_1.0|fixed_design|cal|s6.0,Ib,tail_1.0,fixed_design,cal,s6.0,50,particle,q0.5,22,0.9090909090909091,0.06129089658756747,0.005757157763332027,1.2062547415539542,5.532287917899169,5.077574330367007,2.5238625928067258,0.0,0.0,0.0,3.7650159248895,7.530031849779,0.0,0.0,5.104978266447821,0.0,0.0,26.39999999999999,33.60000000000001,30.0,0.0
Ib|tail_1.0|fixed_design|cal|s6.0,Ib,tail_1.0,fixed_design,cal,s6.0,50,particle,q0.95,22,0.9090909090909091,0.06129089658756747,-5.864089896684692,6.641192590583397,22.5089936415216,17.89369881858137,4.962188850452113,0.0,0.0,0.0,3.7650159248895,7.530031849779,0.7272727272727273,0.09495144870310791,60.01017866557827,0.0,0.0,26.39999999999999,33.60000000000001,45.86912176170883,1.0
Ib|tail_1.0|fixed_design|cal|s6.0,Ib,tail_1.0,fixed_design,cal,s6.0,50,particle,q0.99,22,0.8636363636363636,0.0731650049984536,-11.567982349628695,12.426850060141534,31.41190172327284,25.51831137216527,6.505481304742142,0.0,0.0,0.0,3.7650159248895,7.530031849779,0.9090909090909091,0.06129089658756747,116.21564495282404,0.0,0.0,26.39999999999999,33.60000000000001,55.71808724424505,1.0
Ib|tail_1.0|fixed_design|cal|s6.0,Ib,tail_1.0,fixed_design,cal,s6.0,50,ref,q0.5,22,0.9090909090909091,0.06129089658756747,0.008409546755267979,1.324985387057249,5.5625350100062825,5.11218199053658,2.5238625928067258,0.0,0.0,0.0,3.7650159248895,7.530031849779,0.0,0.0,5.576226766757217,0.0,0.0,26.39999999999999,33.60000000000001,30.0,0.0
Ib|tail_1.0|fixed_design|cal|s6.0,Ib,tail_1.0,fixed_design,cal,s6.0,50,ref,q0.95,22,0.9090909090909091,0.06129089658756747,-4.262259111279988,5.771400719467535,22.643658299683654,18.046626064605817,4.962188850452113,0.0,0.0,0.0,3.7650159248895,7.530031849779,0.6818181818181818,0.09930260198923899,47.61405472276959,0.0,0.0,26.39999999999999,33.60000000000001,45.86912176170883,1.0
Ib|tail_1.0|fixed_design|cal|s6.0,Ib,tail_1.0,fixed_design,cal,s6.0,50,ref,q0.99,22,0.8636363636363636,0.0731650049984536,-9.305764134736332,10.871961799230986,31.563811002155287,25.713575615946908,6.505481304742142,0.0,0.0,0.0,3.7650159248895,7.530031849779,0.8181818181818182,0.08223036670302644,97.15169788776902,0.0,0.0,26.39999999999999,33.60000000000001,55.71808724424505,1.0
Ic|cloglog_1.0|entropy_vector|narrow|s3,Ic,cloglog_1.0,entropy_vector,narrow,s3,20,particle,q0.5,22,1.0,0.0,-0.2335040063206125,0.6727026842920177,3.414796027393764,3.4219183146292647,,0.0,,,1.6712869019405943,3.3425738038811885,0.0,0.0,4.229536506938225,0.0,0.0,26.25216994061215,33.40246687985381,30.000000000036525,0.0
Ic|cloglog_1.0|entropy_vector|narrow|s3,Ic,cloglog_1.0,entropy_vector,narrow,s3,20,particle,q0.95,22,0.9545454545454546,0.04440947367810882,0.4695436651802128,1.126338126317724,7.473243333885423,7.33388919735442,,0.0,,,1.6712869019405943,3.3425738038811885,0.0,0.0,2.2545494021866137,0.0,0.0,26.25216994061215,33.40246687985381,33.81468962342685,0.6818181818181818
Ic|cloglog_1.0|entropy_vector|narrow|s3,Ic,cloglog_1.0,entropy_vector,narrow,s3,20,particle,q0.99,22,0.9545454545454546,0.04440947367810882,1.2161523877622455,1.7948203652820138,10.019318791737804,9.892415067364386,,0.0,,,1.6712869019405943,3.3425738038811885,0.0,0.0,1.80527724304888,0.0,0.0,26.25216994061215,33.40246687985381,34.935329170425796,0.9545454545454546
Ic|cloglog_1.0|entropy_vector|narrow|s3,Ic,cloglog_1.0,entropy_vector,narrow,s3,30,particle,q0.5,22,0.9545454545454546,0.04440947367810882,-0.33078736597419467,0.6464707040857136,2.9864070495062696,2.8539105172940786,,0.0,,,1.6712869019405943,3.3425738038811885,0.045454545454545456,0.04440947367810884,4.268995355707512,0.0,0.0,25.644586569209686,33.65829145728643,30.000000000036525,0.0
Ic|cloglog_1.0|entropy_vector|narrow|s3,Ic,cloglog_1.0,entropy_vector,narrow,s3,30,particle,q0.95,22,1.0,0.0,0.5451400858126622,1.0292656875497188,6.372790138236323,6.127928985702798,,0.0,,,1.6712869019405943,3.3425738038811885,0.0,0.0,1.8435860673776612,0.0,0.0,25.644586569209686,33.65829145728643,33.81468962342685,0.6363636363636364
Ic|cloglog_1.0|entropy_vector|narrow|s3,Ic,cloglog_1.0,entropy_vector,narrow,s3,30,particle,q0.99,22,0.9545454545454546,0.04440947367810882,1.3632708082167275,1.800650708883065,8.514782653253949,8.159180795517944,,0.0,,,1.6712869019405943,3.3425738038811885,0.0,0.0,1.4380011616192887,0.0,0.0,25.644586569209686,33.65829145728643,34.935329170425796,0.9545454545454546
Ic|cloglog_1.0|entropy_vector|narrow|s3,Ic,cloglog_1.0,entropy_vector,narrow,s3,50,particle,q0.5,22,0.9090909090909091,0.06129089658756747,-0.4240380502878246,0.7209352358707782,2.3992050191659473,2.393362672539631,2.5238625928067258,0.6818181818181818,0.09090909090909091,0.061290896587567464,1.6712869019405943,3.3425738038811885,0.045454545454545456,0.04440947367810884,4.9516444596008515,0.0,0.0,25.248058474189133,33.92690726359068,30.000000000036525,0.0
Ic|cloglog_1.0|entropy_vector|narrow|s3,Ic,cloglog_1.0,entropy_vector,narrow,s3,50,particle,q0.95,22,1.0,0.0,0.37135054165492126,0.8844197163604495,4.735642452106455,4.655330392271058,4.962188850452113,0.6363636363636364,0.0,0.0,1.6712869019405943,3.3425738038811885,0.0,0.0,2.293952955045617,0.0,0.0,25.248058474189133,33.92690726359068,33.81468962342685,0.45454545454545453
Ic|cloglog_1.0|entropy_vector|narrow|s3,Ic,cloglog_1.0,entropy_vector,narrow,s3,50,particle,q0.99,22,0.8636363636363636,0.0731650049984536,1.15508180576479,1.5813081384581775,6.247602881590691,6.1376920939557245,6.505481304742142,0.6363636363636364,0.0,0.0,1.6712869019405943,3.3425738038811885,0.0,0.0,1.7209970036368878,0.0,0.0,25.248058474189133,33.92690726359068,34.935329170425796,0.8636363636363636
Ic|cloglog_1.0|entropy_vector|narrow|s3,Ic,cloglog_1.0,entropy_vector,narrow,s3,50,ref,q0.5,22,0.9090909090909091,0.06129089658756747,-0.42471544127969435,0.7213269992665713,2.3949999673594204,2.386715332134134,2.5238625928067258,0.6818181818181818,0.09090909090909091,0.061290896587567464,1.6712869019405943,3.3425738038811885,0.045454545454545456,0.04440947367810884,4.956927931359633,0.0,0.0,25.248058474189133,33.92690726359068,30.000000000036525,0.0
Ic|cloglog_1.0|entropy_vector|narrow|s3,Ic,cloglog_1.0,entropy_vector,narrow,s3,50,ref,q0.95,22,1.0,0.0,0.5207983289996986,0.9798039007299421,4.751360121019812,4.662601482383412,4.962188850452113,0.6363636363636364,0.0,0.0,1.6712869019405943,3.3425738038811885,0.0,0.0,1.9949627472591223,0.0,0.0,25.248058474189133,33.92690726359068,33.81468962342685,0.45454545454545453
Ic|cloglog_1.0|entropy_vector|narrow|s3,Ic,cloglog_1.0,entropy_vector,narrow,s3,50,ref,q0.99,22,0.8636363636363636,0.0731650049984536,1.3724018889899876,1.7716613465380309,6.265702502087982,6.152649349318274,6.505481304742142,0.6363636363636364,0.0,0.0,1.6712869019405943,3.3425738038811885,0.0,0.0,1.6701417635039812,0.0,0.0,25.248058474189133,33.92690726359068,34.935329170425796,0.8636363636363636
Ic|cloglog_1.0|entropy_vector|shifted|s3,Ic,cloglog_1.0,entropy_vector,shifted,s3,20,particle,q0.5,22,0.9545454545454546,0.04440947367810882,-0.521148222042832,1.0621857784675381,4.419721624805857,4.250475760576219,,0.0,,,1.6712869019405943,3.3425738038811885,0.13636363636363635,0.0731650049984536,7.288225834414931,0.0,0.0,21.74417542256738,33.26907263590681,30.000000000036525,0.0
Ic|cloglog_1.0|entropy_vector|shifted|s3,Ic,cloglog_1.0,entropy_vector,shifted,s3,20,particle,q0.95,22,0.9545454545454546,0.04440947367810882,0.24720908751774784,1.5851652711013058,10.435564618321353,9.886241590962205,,0.0,,,1.6712869019405943,3.3425738038811885,0.13636363636363635,0.0731650049984536,6.024077674635667,0.0,0.0,21.74417542256738,33.26907263590681,33.81468962342685,0.7272727272727273
Ic|cloglog_1.0|entropy_vector|shifted|s3,Ic,cloglog_1.0,entropy_vector,shifted,s3,20,particle,q0.99,22,0.9090909090909091,0.06129089658756747,1.0188652251534607,2.3276501934541622,14.120213896159777,13.721326197734493,,0.0,,,1.6712869019405943,3.3425738038811885,0.09090909090909091,0.061290896587567464,6.072342202975809,0.0,0.0,21.74417542256738,33.26907263590681,34.935329170425796,0.9090909090909091
Ic|cloglog_1.0|entropy_vector|shifted|s3,Ic,cloglog_1.0,entropy_vector,shifted,s3,30,particle,q0.5,22,0.9090909090909091,0.06129089658756747,-0.6109575785181808,1.1064287319337516,3.544446669981013,3.3236071050567517,,0.0,,,1.6712869019405943,3.3425738038811885,0.22727272727272727,0.08934606739851096,7.519495030839017,0.0,0.0,21.74417542256738,33.774326176336224,30.000000000036525,0.0
Ic|cloglog_1.0|entropy_vector|shifted|s3,Ic,cloglog_1.0,entropy_vector,shifted,s3,30,particle,q0.95,22,1.0,0.0,0.25668853875160685,1.4068322861849099,7.87512207150862,7.232440520407032,,0.0,,,1.6712869019405943,3.3425738038811885,0.045454545454545456,0.04440947367810884,5.286335285590899,0.0,0.0,21.74417542256738,33.774326176336224,33.81468962342685,0.5454545454545454
Ic|cloglog_1.0|entropy_vector|shifted|s3,Ic,cloglog_1.0,entropy_vector,shifted,s3,30,particle,q0.99,22,0.9545454545454546,0.04440947367810882,1.0701632262028546,2.1275438700377247,10.584657630128364,9.713964955435795,,0.0,,,1.6712869019405943,3.3425738038811885,0.045454545454545456,0.04440947367810884,4.409293665309633,0.0,0.0,21.74417542256738,33.774326176336224,34.935329170425796,0.8181818181818182
Ic|cloglog_1.0|entropy_vector|shifted|s3,Ic,cloglog_1.0,entropy_vector,shifted,s3,50,particle,q0.5,22,0.8181818181818182,0.08223036670302644,-0.630051636951109,0.9191977702043075,2.724126791266076,2.6871495434233754,2.5238625928067258,0.2727272727272727,0.045454545454545456,0.04440947367810884,1.6712869019405943,3.3425738038811885,0.045454545454545456,0.04440947367810884,6.961679601985018,0.0,0.0,21.74417542256738,34.14527181361352,30.000000000036525,0.0
Ic|cloglog_1.0|entropy_vector|shifted|s3,Ic,cloglog_1.0,entropy_vector,shifted,s3,50,particle,q0.95,22,1.0,0.0,0.4038747110104485,1.0361194638043758,5.522570082986661,5.508781571772833,4.962188850452113,0.22727272727272727,0.0,0.0,1.6712869019405943,3.3425738038811885,0.0,0.0,2.6045761297318104,0.0,0.0,21.74417542256738,34.14527181361352,33.81468962342685,0.5
Ic|cloglog_1.0|entropy_vector|shifted|s3,Ic,cloglog_1.0,entropy_vector,shifted,s3,50,particle,q0.99,22,0.9090909090909091,0.06129089658756747,1.285893976993014,1.8226245602430622,7.2970067626103425,7.161452080766061,6.505481304742142,0.22727272727272727,0.0,0.0,1.6712869019405943,3.3425738038811885,0.045454545454545456,0.04440947367810884,2.5446565927202744,0.0,0.0,21.74417542256738,34.14527181361352,34.935329170425796,0.6363636363636364
Ic|cloglog_1.0|entropy_vector|shifted|s3,Ic,cloglog_1.0,entropy_vector,shifted,s3,50,ref,q0.5,22,0.8181818181818182,0.08223036670302644,-0.6262215435547621,0.9168646818139349,2.7321338949512257,2.6935351407315977,2.5238625928067258,0.22727272727272727,0.045454545454545456,0.04440947367810884,1.6712869019405943,3.3425738038811885,0.045454545454545456,0.04440947367810884,6.95020810355194,0.0,0.0,21.74417542256738,34.14527181361352,30.000000000036525,0.0
Ic|cloglog_1.0|entropy_vector|shifted|s3,Ic,cloglog_1.0,entropy_vector,shifted,s3,50,ref,q0.95,22,1.0,0.0,0.6078364997700496,1.1599691696637582,5.544466366486829,5.551898991883132,4.962188850452113,0.22727272727272727,0.0,0.0,1.6712869019405943,3.3425738038811885,0.0,0.0,2.325507635696313,0.0,0.0,21.74417542256738,34.14527181361352,33.81468962342685,0.5
Ic|cloglog_1.0|entropy_vector|shifted|s3,Ic,cloglog_1.0,entropy_vector,shifted,s3,50,ref,q0.99,22,0.9090909090909091,0.06129089658756747,1.5789894584964748,2.0760880422635006,7.342103685268835,7.220802065508664,6.505481304742142,0.22727272727272727,0.0,0.0,1.6712869019405943,3.3425738038811885,0.0,0.0,2.496440229849396,0.0,0.0,21.74417542256738,34.14527181361352,34.935329170425796,0.6363636363636364
Ic|cloglog_1.0|fixed_design|narrow|s3,Ic,cloglog_1.0,fixed_design,narrow,s3,20,particle,q0.5,22,1.0,0.0,-0.1889735664079942,0.7358656906684675,3.5225506287645616,3.458608872501049,,0.0,,,1.6712869019405943,3.3425738038811885,0.045454545454545456,0.04440947367810884,4.048686372937611,0.0,0.0,26.39999999999999,33.60000000000001,30.000000000036525,0.0
Ic|cloglog_1.0|fixed_design|narrow|s3,Ic,cloglog_1.0,fixed_design,narrow,s3,20,particle,q0.95,22,1.0,0.0,0.6968574694788252,1.2152858779923557,7.831499400993078,7.704228742721526,,0.0,,,1.6712869019405943,3.3425738038811885,0.0,0.0,1.9699106265030508,0.0,0.0,26.39999999999999,33.60000000000001,33.81468962342685,1.0
Ic|cloglog_1.0|fixed_design|narrow|s3,Ic,cloglog_1.0,fixed_design,narrow,s3,20,particle,q0.99,22,0.9545454545454546,0.04440947367810882,1.520354951859936,2.046897499503105,10.48214989239387,10.29231177536737,,0.0,,,1.6712869019405943,3.3425738038811885,0.0,0.0,2.2065459990996246,0.0,0.0,26.39999999999999,33.60000000000001,34.935329170425796,1.0
Ic|cloglog_1.0|fixed_design|narrow|s3,Ic,cloglog_1.0,fixed_design,narrow,s3,30,particle,q0.5,22,0.9545454545454546,0.04440947367810882,-0.2576744036263649,0.7462350581550773,2.881399836413951,2.8244899486965753,,0.0,,,1.6712869019405943,3.3425738038811885,0.0,0.0,4.47165551810748,0.0,0.0,26.39999999999999,33.60000000000001,30.000000000036525,0.0
Ic|cloglog_1.0|fixed_design|narrow|s3,Ic,cloglog_1.0,fixed_design,narrow,s3,30,particle,q0.95,22,1.0,0.0,0.4236996335278094,1.054233035647391,6.484166526117175,6.101654416029827,,0.0,,,1.6712869019405943,3.3425738038811885,0.0,0.0,2.1533235932723174,0.0,0.0,26.39999999999999,33.60000000000001,33.81468962342685,1.0
Ic|cloglog_1.0|fixed_design|narrow|s3,Ic,cloglog_1.0,fixed_design,narrow,s3,30,particle,q0.99,22,0.9090909090909091,0.06129089658756747,1.1688488554789997,1.7829507982249544,8.704768983980891,8.210097974016573,,0.0,,,1.6712869019405943,3.3425738038811885,0.0,0.0,2.1727173171720664,0.0,0.0,26.39999999999999,33.60000000000001,34.935329170425796,1.0
Ic|cloglog_1.0|fixed_design|narrow|s3,Ic,cloglog_1.0,fixed_design,narrow,s3,50,particle,q0.5,22,0.9090909090909091,0.06129089658756747,-0.27169607185612143,0.6718408449341758,2.327871822793553,2.2756592230238635,2.5238625928067258,0.7727272727272727,0.045454545454545456,0.04440947367810884,1.6712869019405943,3.3425738038811885,0.045454545454545456,0.04440947367810884,4.300542344576114,0.0,0.0,26.39999999999999,33.60000000000001,30.000000000036525,0.0
Ic|cloglog_1.0|fixed_design|narrow|s3,Ic,cloglog_1.0,fixed_design,narrow,s3,50,particle,q0.95,22,0.9090909090909091,0.06129089658756747,0.5863363710541288,1.1876899357684672,5.381708961841372,5.076390532444918,4.962188850452113,0.45454545454545453,0.0,0.0,1.6712869019405943,3.3425738038811885,0.0,0.0,1.9638716854937017,0.0,0.0,26.39999999999999,33.60000000000001,33.81468962342685,1.0
Ic|cloglog_1.0|fixed_design|narrow|s3,Ic,cloglog_1.0,fixed_design,narrow,s3,50,particle,q0.99,22,0.9090909090909091,0.06129089658756747,1.3966734005177925,2.002293109132876,7.267136119992316,6.897105750526411,6.505481304742142,0.45454545454545453,0.0,0.0,1.6712869019405943,3.3425738038811885,0.0,0.0,1.8622129771687468,0.0,0.0,26.39999999999999,33.60000000000001,34.935329170425796,1.0
Ic|cloglog_1.0|fixed_design|narrow|s3,Ic,cloglog_1.0,fixed_design,narrow,s3,50,ref,q0.5,22,0.9090909090909091,0.06129089658756747,-0.27868920502719163,0.6801043248689906,2.332019477659708,2.285026150546585,2.5238625928067258,0.7727272727272727,0.045454545454545456,0.04440947367810884,1.6712869019405943,3.3425738038811885,0.045454545454545456,0.04440947367810884,4.380660634741459,0.0,0.0,26.39999999999999,33.60000000000001,30.000000000036525,0.0
Ic|cloglog_1.0|fixed_design|narrow|s3,Ic,cloglog_1.0,fixed_design,narrow,s3,50,ref,q0.95,22,0.9090909090909091,0.06129089658756747,0.8003790915280905,1.3650463356779265,5.392661694222275,5.045234690538454,4.962188850452113,0.45454545454545453,0.0,0.0,1.6712869019405943,3.3425738038811885,0.0,0.0,1.7192033390564783,0.0,0.0,26.39999999999999,33.60000000000001,33.81468962342685,1.0
Ic|cloglog_1.0|fixed_design|narrow|s3,Ic,cloglog_1.0,fixed_design,narrow,s3,50,ref,q0.99,22,0.8636363636363636,0.0731650049984536,1.7073168404324663,2.3035141313975753,7.290727848018355,6.840438544027414,6.505481304742142,0.4090909090909091,0.0,0.0,1.6712869019405943,3.3425738038811885,0.0,0.0,1.919370455358071,0.0,0.0,26.39999999999999,33.60000000000001,34.935329170425796,1.0
Ic|cloglog_1.0|fixed_design|shifted|s3,Ic,cloglog_1.0,fixed_design,shifted,s3,20,particle,q0.5,22,0.9545454545454546,0.04440947367810882,-1.9562305999610459,2.345824997483882,10.164747624941118,10.47735859337969,,0.0,,,1.6712869019405943,3.3425738038811885,0.45454545454545453,0.10615894693111677,19.562305999610455,0.6818181818181818,0.45454545454545453,19.360000000000003,24.639999999999997,30.000000000036525,1.0
Ic|cloglog_1.0|fixed_design|shifted|s3,Ic,cloglog_1.0,fixed_design,shifted,s3,20,particle,q0.95,22,1.0,0.0,-1.9148483229705846,2.9570629839484597,17.13989994049077,15.8986457890874,,0.0,,,1.6712869019405943,3.3425738038811885,0.7272727272727273,0.09495144870310791,22.239349872319355,0.6818181818181818,0.45454545454545453,19.360000000000003,24.639999999999997,33.81468962342685,1.0
Ic|cloglog_1.0|fixed_design|shifted|s3,Ic,cloglog_1.0,fixed_design,shifted,s3,20,particle,q0.99,22,1.0,0.0,-1.4742579993329847,3.2939995412866288,20.479743865161133,18.519326203051747,,0.0,,,1.6712869019405943,3.3425738038811885,0.6818181818181818,0.09930260198923899,22.897977876147593,0.6818181818181818,0.45454545454545453,19.360000000000003,24.639999999999997,34.935329170425796,1.0
Ic|cloglog_1.0|fixed_design|shifted|s3,Ic,cloglog_1.0,fixed_design,shifted,s3,30,particle,q0.5,22,1.0,0.0,-1.7928598014659902,2.2055946380210987,9.777670946820377,10.144985036833141,,0.0,,,1.6712869019405943,3.3425738038811885,0.45454545454545453,0.10615894693111677,17.928598014659904,0.5909090909090909,0.3181818181818182,19.360000000000003,24.639999999999997,30.000000000036525,1.0
Ic|cloglog_1.0|fixed_design|shifted|s3,Ic,cloglog_1.0,fixed_design,shifted,s3,30,particle,q0.95,22,1.0,0.0,-1.4646679629401798,3.0317348852766397,17.006788061848297,15.636601711134672,,0.0,,,1.6712869019405943,3.3425738038811885,0.6363636363636364,0.10255928633050294,21.596023156360424,0.5909090909090909,0.3181818181818182,19.360000000000003,24.639999999999997,33.81468962342685,1.0
Ic|cloglog_1.0|fixed_design|shifted|s3,Ic,cloglog_1.0,fixed_design,shifted,s3,30,particle,q0.99,22,1.0,0.0,-0.9022559769773385,3.537719346001779,20.361857081693355,18.515071807018067,,0.0,,,1.6712869019405943,3.3425738038811885,0.6363636363636364,0.10255928633050294,22.094614924678975,0.5909090909090909,0.3181818181818182,19.360000000000003,24.639999999999997,34.935329170425796,1.0
Ic|cloglog_1.0|fixed_design|shifted|s3,Ic,cloglog_1.0,fixed_design,shifted,s3,50,particle,q0.5,22,1.0,0.0,-1.656449580331261,2.262073091240529,9.111386949591909,9.039762603815705,2.5238625928067258,0.0,0.0,0.0,1.6712869019405943,3.3425738038811885,0.5,0.10660035817780522,17.648331471981333,0.36363636363636365,0.09090909090909091,19.360000000000003,24.639999999999997,30.000000000036525,1.0
Ic|cloglog_1.0|fixed_design|shifted|s3,Ic,cloglog_1.0,fixed_design,shifted,s3,50,particle,q0.95,22,1.0,0.0,-0.4959813687258716,3.484459500667556,17.16621023013223,16.742430875765297,4.962188850452113,0.0,0.0,0.0,1.6712869019405943,3.3425738038811885,0.5,0.10660035817780522,19.316480755976798,0.36363636363636365,0.09090909090909091,19.360000000000003,24.639999999999997,33.81468962342685,1.0
Ic|cloglog_1.0|fixed_design|shifted|s3,Ic,cloglog_1.0,fixed_design,shifted,s3,50,particle,q0.99,22,1.0,0.0,0.42352130892960765,4.3284861984444145,20.72800137187252,20.54971018049101,6.505481304742142,0.0,0.0,0.0,1.6712869019405943,3.3425738038811885,0.45454545454545453,0.10615894693111677,19.060292958611583,0.36363636363636365,0.09090909090909091,19.360000000000003,24.639999999999997,34.935329170425796,1.0
Ic|cloglog_1.0|fixed_design|shifted|s3,Ic,cloglog_1.0,fixed_design,shifted,s3,50,ref,q0.5,22,1.0,0.0,-1.1758697928335669,1.9213838530247482,9.132536516558162,9.011890430958651,2.5238625928067258,0.0,0.0,0.0,1.6712869019405943,3.3425738038811885,0.5,0.10660035817780522,13.749831947318874,0.36363636363636365,0.09090909090909091,19.360000000000003,24.639999999999997,30.000000000036525,1.0
Ic|cloglog_1.0|fixed_design|shifted|s3,Ic,cloglog_1.0,fixed_design,shifted,s3,50,ref,q0.95,22,1.0,0.0,0.348845066461801,3.401194961797738,17.223562190959385,16.931599588028824,4.962188850452113,0.0,0.0,0.0,1.6712869019405943,3.3425738038811885,0.3181818181818182,0.09930260198923899,14.785660514209194,0.36363636363636365,0.09090909090909091,19.360000000000003,24.639999999999997,33.81468962342685,1.0
Ic|cloglog_1.0|fixed_design|shifted|s3,Ic,cloglog_1.0,fixed_design,shifted,s3,50,ref,q0.99,22,1.0,0.0,1.4404226907728033,4.491659588266444,20.771948346082546,20.79645644488379,6.505481304742142,0.0,0.0,0.0,1.6712869019405943,3.3425738038811885,0.3181818181818182,0.09930260198923899,14.466413278948124,0.36363636363636365,0.09090909090909091,19.360000000000003,24.639999999999997,34.935329170425796,1.0
Ic|probit|entropy_vector|narrow|s3,Ic,probit,entropy_vector,narrow,s3,20,particle,q0.5,22,0.9545454545454546,0.04440947367810882,0.040712919619633296,0.8282181112515198,3.450787102511086,3.366480101341825,,0.0,,,1.5,3.0,0.0,0.0,3.5928056945175126,0.0,0.0,26.328917313841938,33.67108268615806,30.0,0.0
Ic|probit|entropy_vector|narrow|s3,Ic,probit,entropy_vector,narrow,s3,20,particle,q0.95,22,1.0,0.0,-0.2690787799249515,1.467200991208967,7.592117483974622,7.145126947286663,,0.0,,,1.5,3.0,0.22727272727272727,0.08934606739851096,7.520453656092335,0.0,0.0,26.328917313841938,33.67108268615806,34.93456088085442,0.9090909090909091
Ic|probit|entropy_vector|narrow|s3,Ic,probit,entropy_vector,narrow,s3,20,particle,q0.99,22,1.0,0.0,-0.4022427739087265,1.9043505069877356,10.154734793565433,9.502502655579342,,0.0,,,1.5,3.0,0.2727272727272727,0.09495144870310791,10.08737428017116,0.0,0.0,26.328917313841938,33.67108268615806,36.979043622122525,1.0
Ic|probit|entropy_vector|narrow|s3,Ic,probit,entropy_vector,narrow,s3,30,particle,q0.5,22,0.9545454545454546,0.04440947367810882,0.047245712376469615,0.6945873674905777,3.031344047229305,2.807938299661652,,0.0,,,1.5,3.0,0.0,0.0,3.0131821120716777,0.0,0.0,25.881224303334854,34.20831429876656,30.0,0.0
Ic|probit|entropy_vector|narrow|s3,Ic,probit,entropy_vector,narrow,s3,30,particle,q0.95,22,0.9545454545454546,0.04440947367810882,-0.03427839281841181,1.61465101582808,6.567854362121067,6.0279310221921065,,0.0,,,1.5,3.0,0.13636363636363635,0.0731650049984536,7.376547869054442,0.0,0.0,25.881224303334854,34.20831429876656,34.93456088085442,0.8181818181818182
Ic|probit|entropy_vector|narrow|s3,Ic,probit,entropy_vector,narrow,s3,30,particle,q0.99,22,0.9545454545454546,0.04440947367810882,-0.07049300655966949,2.12367871080191,8.769163978378842,8.036063676078363,,0.0,,,1.5,3.0,0.3181818181818182,0.09930260198923899,9.818969480413436,0.0,0.0,25.881224303334854,34.20831429876656,36.979043622122525,0.9545454545454546
Ic|probit|entropy_vector|narrow|s3,Ic,probit,entropy_vector,narrow,s3,50,particle,q0.5,22,0.9090909090909091,0.06129089658756747,0.0952591688446431,0.6109679129862613,2.469444461941343,2.405864500766139,2.5238625928067258,0.5454545454545454,0.09090909090909091,0.061290896587567464,1.5,3.0,0.0,0.0,2.448751083071954,0.0,0.0,25.446322521699404,34.63042485153038,30.0,0.0
Ic|probit|entropy_vector|narrow|s3,Ic,probit,entropy_vector,narrow,s3,50,particle,q0.95,22,0.9545454545454546,0.04440947367810882,-0.0077459932806081995,1.2821091138706333,4.940954889569278,4.683413234415273,4.962188850452113,0.5909090909090909,0.0,0.0,1.5,3.0,0.045454545454545456,0.04440947367810884,5.263190594912171,0.0,0.0,25.446322521699404,34.63042485153038,34.93456088085442,0.6363636363636364
Ic|probit|entropy_vector|narrow|s3,Ic,probit,entropy_vector,narrow,s3,50,particle,q0.99,22,0.9545454545454546,0.04440947367810882,-0.05318054418727898,1.723325481598945,6.535820705308397,6.126972916867686,6.505481304742142,0.5909090909090909,0.0,0.0,1.5,3.0,0.18181818181818182,0.08223036670302644,7.153898885211704,0.0,0.0,25.446322521699404,34.63042485153038,36.979043622122525,0.9545454545454546
Ic|probit|entropy_vector|narrow|s3,Ic,probit,entropy_vector,narrow,s3,50,ref,q0.5,22,0.9090909090909091,0.06129089658756747,0.09423758534467827,0.6121600068735166,2.4787574174023557,2.45094428289908,2.5238625928067258,0.5909090909090909,0.09090909090909091,0.061290896587567464,1.5,3.0,0.0,0.0,2.46120997693082,0.0,0.0,25.446322521699404,34.63042485153038,30.0,0.0
Ic|probit|entropy_vector|narrow|s3,Ic,probit,entropy_vector,narrow,s3,50,ref,q0.95,22,0.9545454545454546,0.04440947367810882,0.15598874152032718,1.3226681731203764,4.975768991707552,4.6872127655791616,4.962188850452113,0.5909090909090909,0.0,0.0,1.5,3.0,0.045454545454545456,0.04440947367810884,4.457787635051971,0.0,0.0,25.446322521699404,34.63042485153038,34.93456088085442,0.6363636363636364
Ic|probit|entropy_vector|narrow|s3,Ic,probit,entropy_vector,narrow,s3,50,ref,q0.99,22,0.9545454545454546,0.04440947367810882,0.18157342394759982,1.778783497389811,6.573541729658107,6.150673650282897,6.505481304742142,0.5909090909090909,0.0,0.0,1.5,3.0,0.18181818181818182,0.08223036670302644,6.162373003045068,0.0,0.0,25.446322521699404,34.63042485153038,36.979043622122525,0.9545454545454546
Ic|probit|entropy_vector|shifted|s3,Ic,probit,entropy_vector,shifted,s3,20,particle,q0.5,22,1.0,0.0,0.01059337969488054,0.9036979674122534,4.448974904014433,4.685999205323421,,0.0,,,1.5,3.0,0.0,0.0,3.6614705307277506,0.0,0.0,21.98720877112837,33.75513933302878,30.0,0.0
Ic|probit|entropy_vector|shifted|s3,Ic,probit,entropy_vector,shifted,s3,20,particle,q0.95,22,0.9090909090909091,0.06129089658756747,-0.2704383943820027,1.9441211985420714,10.552041570071868,10.407731909719846,,0.0,,,1.5,3.0,0.22727272727272727,0.08934606739851096,9.633065784477521,0.0,0.0,21.98720877112837,33.75513933302878,34.93456088085442,0.7272727272727273
Ic|probit|entropy_vector|shifted|s3,Ic,probit,entropy_vector,shifted,s3,20,particle,q0.99,22,0.9090909090909091,0.06129089658756747,-0.39678345371004653,2.507490557679071,14.269479299170435,14.06891406321692,,0.0,,,1.5,3.0,0.2727272727272727,0.09495144870310791,12.369894759367826,0.0,0.0,21.98720877112837,33.75513933302878,36.979043622122525,1.0
Ic|probit|entropy_vector|shifted|s3,Ic,probit,entropy_vector,shifted,s3,30,particle,q0.5,22,0.9545454545454546,0.04440947367810882,0.04072729419193231,0.7807267918322943,3.52422876310506,3.5623666266728833,,0.0,,,1.5,3.0,0.0,0.0,3.081627819818446,0.0,0.0,21.98720877112837,34.20922795797168,30.0,0.0
Ic|probit|entropy_vector|shifted|s3,Ic,probit,entropy_vector,shifted,s3,30,particle,q0.95,22,0.9545454545454546,0.04440947367810882,-0.2528252634357291,1.66702667841782,7.805106375455162,7.143801763080489,,0.0,,,1.5,3.0,0.18181818181818182,0.08223036670302644,8.657321406971421,0.0,0.0,21.98720877112837,34.20922795797168,34.93456088085442,0.6818181818181818
Ic|probit|entropy_vector|shifted|s3,Ic,probit,entropy_vector,shifted,s3,30,particle,q0.99,22,0.9545454545454546,0.04440947367810882,-0.3781621002155514,2.155205244243681,10.48340097498397,9.515217052450136,,0.0,,,1.5,3.0,0.2727272727272727,0.09495144870310791,11.412627027565662,0.0,0.0,21.98720877112837,34.20922795797168,36.979043622122525,1.0
Ic|probit|entropy_vector|shifted|s3,Ic,probit,entropy_vector,shifted,s3,50,particle,q0.5,22,0.9545454545454546,0.04440947367810882,0.051654059514042026,0.6002451846600187,2.5808833775392643,2.527227799053513,2.5238625928067258,0.5,0.0,0.0,1.5,3.0,0.0,0.0,2.3967194279059387,0.0,0.0,21.98720877112837,34.535404294198266,30.0,0.0
Ic|probit|entropy_vector|shifted|s3,Ic,probit,entropy_vector,shifted,s3,50,particle,q0.95,22,1.0,0.0,-0.3565403956078693,1.1457520618475414,5.1198809797437725,4.99409729913819,4.962188850452113,0.45454545454545453,0.0,0.0,1.5,3.0,0.18181818181818182,0.08223036670302644,7.119747787688727,0.0,0.0,21.98720877112837,34.535404294198266,34.93456088085442,0.5909090909090909
Ic|probit|entropy_vector|shifted|s3,Ic,probit,entropy_vector,shifted,s3,50,particle,q0.99,22,1.0,0.0,-0.5278904260695573,1.4863861746705,6.763970625540105,6.530848106809156,6.505481304742142,0.45454545454545453,0.0,0.0,1.5,3.0,0.2727272727272727,0.09495144870310791,9.53112825800418,0.0,0.0,21.98720877112837,34.535404294198266,36.979043622122525,1.0
Ic|probit|entropy_vector|shifted|s3,Ic,probit,entropy_vector,shifted,s3,50,ref,q0.5,22,1.0,0.0,0.052943089230400565,0.5981883135308294,2.583786501989603,2.519055919426709,2.5238625928067258,0.5,0.0,0.0,1.5,3.0,0.0,0.0,2.381487943546967,0.0,0.0,21.98720877112837,34.535404294198266,30.0,0.0
Ic|probit|entropy_vector|shifted|s3,Ic,probit,entropy_vector,shifted,s3,50,ref,q0.95,22,1.0,0.0,-0.16850221964197523,1.1200127011465613,5.134545217042902,4.984024519681576,4.962188850452113,0.5,0.0,0.0,1.5,3.0,0.18181818181818182,0.08223036670302644,6.211245364042137,0.0,0.0,21.98720877112837,34.535404294198266,34.93456088085442,0.5909090909090909
Ic|probit|entropy_vector|shifted|s3,Ic,probit,entropy_vector,shifted,s3,50,ref,q0.99,22,1.0,0.0,-0.26025123704307196,1.4451774096137815,6.7727318904781475,6.533214845829203,6.505481304742142,0.45454545454545453,0.0,0.0,1.5,3.0,0.22727272727272727,0.08934606739851096,8.235661539752872,0.0,0.0,21.98720877112837,34.535404294198266,36.979043622122525,1.0
Ic|probit|fixed_design|narrow|s3,Ic,probit,fixed_design,narrow,s3,20,particle,q0.5,22,1.0,0.0,0.06914356941149596,0.7268096793178482,3.5909547293060253,3.5906187237618497,,0.0,,,1.5,3.0,0.045454545454545456,0.04440947367810884,2.7931882152538154,0.0,0.0,26.39999999999999,33.60000000000001,30.0,0.0
Ic|probit|fixed_design|narrow|s3,Ic,probit,fixed_design,narrow,s3,20,particle,q0.95,22,1.0,0.0,0.005044325170743491,1.1269661158124105,8.0798469594793,7.9912949311251396,,0.0,,,1.5,3.0,0.045454545454545456,0.04440947367810884,4.94242081756677,0.0,0.0,26.39999999999999,33.60000000000001,34.93456088085442,1.0
Ic|probit|fixed_design|narrow|s3,Ic,probit,fixed_design,narrow,s3,20,particle,q0.99,22,1.0,0.0,-0.028300905859251137,1.4708464454544772,10.860441942998754,10.702433186385175,,0.0,,,1.5,3.0,0.13636363636363635,0.0731650049984536,6.540060304903744,0.0,0.0,26.39999999999999,33.60000000000001,36.979043622122525,1.0
Ic|probit|fixed_design|narrow|s3,Ic,probit,fixed_design,narrow,s3,30,particle,q0.5,22,1.0,0.0,-0.04039031247907765,0.6995559650535085,2.909765555943184,2.8244899486965753,,0.0,,,1.5,3.0,0.045454545454545456,0.04440947367810884,3.409352979373304,0.0,0.0,26.39999999999999,33.60000000000001,30.0,0.0
Ic|probit|fixed_design|narrow|s3,Ic,probit,fixed_design,narrow,s3,30,particle,q0.95,22,1.0,0.0,-0.4099728435971386,1.1801749856501937,6.622099772341184,6.002204947148284,,0.0,,,1.5,3.0,0.18181818181818182,0.08223036670302644,7.595343889942654,0.0,0.0,26.39999999999999,33.60000000000001,34.93456088085442,1.0
Ic|probit|fixed_design|narrow|s3,Ic,probit,fixed_design,narrow,s3,30,particle,q0.99,22,1.0,0.0,-0.5636690458129049,1.5710221154714492,8.897417337301881,8.104441134106406,,0.0,,,1.5,3.0,0.2727272727272727,0.09495144870310791,10.33203298390236,0.0,0.0,26.39999999999999,33.60000000000001,36.979043622122525,1.0
Ic|probit|fixed_design|narrow|s3,Ic,probit,fixed_design,narrow,s3,50,particle,q0.5,22,0.9090909090909091,0.06129089658756747,0.009484221309030583,0.6713102702532229,2.3772519138560244,2.333109759610535,2.5238625928067258,0.6363636363636364,0.045454545454545456,0.04440947367810884,1.5,3.0,0.0,0.0,3.1166899051221137,0.0,0.0,26.39999999999999,33.60000000000001,30.0,0.0
Ic|probit|fixed_design|narrow|s3,Ic,probit,fixed_design,narrow,s3,50,particle,q0.95,22,0.9545454545454546,0.04440947367810882,-0.10638170647513787,1.24620324146585,5.671834481313341,5.529834685094411,4.962188850452113,0.36363636363636365,0.0,0.0,1.5,3.0,0.13636363636363635,0.0731650049984536,6.154849568660853,0.0,0.0,26.39999999999999,33.60000000000001,34.93456088085442,1.0
Ic|probit|fixed_design|narrow|s3,Ic,probit,fixed_design,narrow,s3,50,particle,q0.99,22,0.9545454545454546,0.04440947367810882,-0.15152671628110717,1.679290290552602,8.110988710898214,7.699083797463672,6.505481304742142,0.3181818181818182,0.0,0.0,1.5,3.0,0.22727272727272727,0.08934606739851096,8.283505739534133,0.0,0.0,26.39999999999999,33.60000000000001,36.979043622122525,1.0
Ic|probit|fixed_design|narrow|s3,Ic,probit,fixed_design,narrow,s3,50,ref,q0.5,22,0.9090909090909091,0.06129089658756747,0.01046427350922889,0.6813286739685366,2.386833373614819,2.3336770205169515,2.5238625928067258,0.6363636363636364,0.045454545454545456,0.04440947367810884,1.5,3.0,0.0,0.0,3.163681700699208,0.0,0.0,26.39999999999999,33.60000000000001,30.0,0.0
Ic|probit|fixed_design|narrow|s3,Ic,probit,fixed_design,narrow,s3,50,ref,q0.95,22,0.9545454545454546,0.04440947367810882,0.135869979751153,1.3339492025629478,5.6869225414583555,5.570867538495456,4.962188850452113,0.36363636363636365,0.0,0.0,1.5,3.0,0.09090909090909091,0.061290896587567464,5.354118276476193,0.0,0.0,26.39999999999999,33.60000000000001,34.93456088085442,1.0
Ic|probit|fixed_design|narrow|s3,Ic,probit,fixed_design,narrow,s3,50,ref,q0.99,22,0.9545454545454546,0.04440947367810882,0.18782795701780908,1.798265949262193,7.676706097982573,7.43365396427242,6.505481304742142,0.36363636363636365,0.0,0.0,1.5,3.0,0.13636363636363635,0.0731650049984536,7.143092978132963,0.0,0.0,26.39999999999999,33.60000000000001,36.979043622122525,1.0
Ic|probit|fixed_design|shifted|s3,Ic,probit,fixed_design,shifted,s3,20,particle,q0.5,22,1.0,0.0,-1.2604073553173982,1.6140044137672043,11.17805586153819,11.703796881932991,,0.0,,,1.5,3.0,0.13636363636363635,0.0731650049984536,12.604073553173981,0.9545454545454546,0.8181818181818182,19.360000000000003,24.639999999999997,30.0,1.0
Ic|probit|fixed_design|shifted|s3,Ic,probit,fixed_design,shifted,s3,20,particle,q0.95,22,1.0,0.0,-3.443244304683445,3.675885270795572,15.929694517829647,15.688590660029082,,0.0,,,1.5,3.0,0.9545454545454546,0.04440947367810882,34.92875909690479,0.9545454545454546,0.8181818181818182,19.360000000000003,24.639999999999997,34.93456088085442,1.0
Ic|probit|fixed_design|shifted|s3,Ic,probit,fixed_design,shifted,s3,20,particle,q0.99,22,1.0,0.0,-4.417392963784966,4.684935703883699,18.456737422131354,18.05183740960087,,0.0,,,1.5,3.0,0.9545454545454546,0.04440947367810882,45.0697859631798,0.9545454545454546,0.8181818181818182,19.360000000000003,24.639999999999997,36.979043622122525,1.0
Ic|probit|fixed_design|shifted|s3,Ic,probit,fixed_design,shifted,s3,30,particle,q0.5,22,1.0,0.0,-1.2545769312924693,1.7110275721702592,10.78128053970997,11.581316909896875,,0.0,,,1.5,3.0,0.22727272727272727,0.08934606739851096,12.545769312924694,0.9545454545454546,0.7272727272727273,19.360000000000003,24.639999999999997,30.0,1.0
Ic|probit|fixed_design|shifted|s3,Ic,probit,fixed_design,shifted,s3,30,particle,q0.95,22,1.0,0.0,-3.5100330138909004,3.788336683477115,15.581143074185768,15.387678690318022,,0.0,,,1.5,3.0,0.9545454545454546,0.04440947367810882,35.803181204226874,0.9545454545454546,0.7272727272727273,19.360000000000003,24.639999999999997,34.93456088085442,1.0
Ic|probit|fixed_design|shifted|s3,Ic,probit,fixed_design,shifted,s3,30,particle,q0.99,22,1.0,0.0,-4.485070649555155,4.792573931503695,18.06363353956745,17.770725845766624,,0.0,,,1.5,3.0,0.9545454545454546,0.04440947367810882,45.9809599797845,0.9545454545454546,0.7272727272727273,19.360000000000003,24.639999999999997,36.979043622122525,1.0
Ic|probit|fixed_design|shifted|s3,Ic,probit,fixed_design,shifted,s3,50,particle,q0.5,22,1.0,0.0,-1.3746275183344538,1.902600929761764,10.190117151813688,11.394374190794993,2.5238625928067258,0.0,0.0,0.0,1.5,3.0,0.36363636363636365,0.10255928633050294,13.879683664883673,0.9545454545454546,0.5909090909090909,19.360000000000003,24.639999999999997,30.0,1.0
Ic|probit|fixed_design|shifted|s3,Ic,probit,fixed_design,shifted,s3,50,particle,q0.95,22,1.0,0.0,-3.6720570497626297,4.009778670729355,15.162620650499003,15.084940577052103,4.962188850452113,0.0,0.0,0.0,1.5,3.0,0.9545454545454546,0.04440947367810882,37.68866166053157,0.9545454545454546,0.5909090909090909,19.360000000000003,24.639999999999997,34.93456088085442,1.0
Ic|probit|fixed_design|shifted|s3,Ic,probit,fixed_design,shifted,s3,50,particle,q0.99,22,1.0,0.0,-4.6658815640528015,5.023743373540203,17.54618138450104,17.492082840553863,6.505481304742142,0.0,0.0,0.0,1.5,3.0,0.9545454545454546,0.04440947367810882,48.008459034656624,0.9545454545454546,0.5909090909090909,19.360000000000003,24.639999999999997,36.979043622122525,1.0
Ic|probit|fixed_design|shifted|s3,Ic,probit,fixed_design,shifted,s3,50,ref,q0.5,22,1.0,0.0,-0.7733637333089173,1.5640434579626492,10.417499417010406,11.986735270575359,2.5238625928067258,0.0,0.0,0.0,1.5,3.0,0.36363636363636365,0.10255928633050294,9.418676915137544,0.9545454545454546,0.5909090909090909,19.360000000000003,24.639999999999997,30.0,1.0
Ic|probit|fixed_design|shifted|s3,Ic,probit,fixed_design,shifted,s3,50,ref,q0.95,22,1.0,0.0,-2.8697966551563243,3.2697430466046313,15.377576431393834,15.404154654032048,4.962188850452113,0.0,0.0,0.0,1.5,3.0,0.9545454545454546,0.04440947367810882,30.165328057019988,0.9545454545454546,0.5909090909090909,19.360000000000003,24.639999999999997,34.93456088085442,1.0
Ic|probit|fixed_design|shifted|s3,Ic,probit,fixed_design,shifted,s3,50,ref,q0.99,22,1.0,0.0,-3.738388821801409,4.158582065380672,17.744805623856916,17.266135502693047,6.505481304742142,0.0,0.0,0.0,1.5,3.0,0.9545454545454546,0.04440947367810882,39.30085781775669,0.9545454545454546,0.5909090909090909,19.360000000000003,24.639999999999997,36.979043622122525,1.0
Ic|tail_1.0|entropy_vector|narrow|s3,Ic,tail_1.0,entropy_vector,narrow,s3,20,particle,q0.5,22,0.9545454545454546,0.04440947367810882,0.12064925647159393,0.9059791192058332,3.508416967768555,3.4219183146292647,,0.0,,,1.8825082281539385,3.765016456307877,0.0,0.0,3.466977605947649,0.0,0.0,26.328917313841938,33.81818181818181,30.0,0.0
Ic|tail_1.0|entropy_vector|narrow|s3,Ic,tail_1.0,entropy_vector,narrow,s3,20,particle,q0.95,22,0.8181818181818182,0.08223036670302644,-3.0585897698006166,3.497345692243296,7.755425396807144,7.145126947286663,,0.0,,,1.8825082281539385,3.765016456307877,0.7727272727272727,0.08934606739851096,31.488670874075385,0.0,0.0,26.328917313841938,33.81818181818181,37.93456088085442,1.0
Ic|tail_1.0|entropy_vector|narrow|s3,Ic,tail_1.0,entropy_vector,narrow,s3,20,particle,q0.99,22,0.5454545454545454,0.10615894693111677,-6.0146627896741185,6.395379935749209,10.37303943089279,9.502502655579342,,0.0,,,1.8825082281539385,3.765016456307877,0.9090909090909091,0.06129089658756747,60.14662789674121,0.0,0.0,26.328917313841938,33.81818181818181,42.85904362212253,1.0
Ic|tail_1.0|entropy_vector|narrow|s3,Ic,tail_1.0,entropy_vector,narrow,s3,30,particle,q0.5,22,0.9090909090909091,0.06129089658756747,0.21638661544247126,0.8517157803889034,3.106879817760096,2.9628234538115272,,0.0,,,1.8825082281539385,3.765016456307877,0.0,0.0,3.0045107041763326,0.0,0.0,25.849246231155778,34.598446779351306,30.0,0.0
Ic|tail_1.0|entropy_vector|narrow|s3,Ic,tail_1.0,entropy_vector,narrow,s3,30,particle,q0.95,22,0.5909090909090909,0.10482356110715556,-2.7238286896378607,3.2558016180362284,6.69563166540264,6.281709377642947,,0.0,,,1.8825082281539385,3.765016456307877,0.6818181818181818,0.09930260198923899,27.937097585280625,0.0,0.0,25.849246231155778,34.598446779351306,37.93456088085442,0.9545454545454546
Ic|tail_1.0|entropy_vector|narrow|s3,Ic,tail_1.0,entropy_vector,narrow,s3,30,particle,q0.99,22,0.5,0.10660035817780522,-5.583058523217306,6.032478895737091,8.935831982127782,8.367747028112053,,0.0,,,1.8825082281539385,3.765016456307877,0.9545454545454546,0.04440947367810882,55.83058523217306,0.0,0.0,25.849246231155778,34.598446779351306,42.85904362212253,1.0
Ic|tail_1.0|entropy_vector|narrow|s3,Ic,tail_1.0,entropy_vector,narrow,s3,50,particle,q0.5,22,0.9090909090909091,0.06129089658756747,0.30817143550452125,0.8171163853878077,2.5739531569993415,2.54840210781985,2.5238625928067258,0.45454545454545453,0.045454545454545456,0.04440947367810884,1.8825082281539385,3.765016456307877,0.0,0.0,2.445127835417264,0.0,0.0,25.42713567839196,35.122887163088166,30.0,0.0
Ic|tail_1.0|entropy_vector|narrow|s3,Ic,tail_1.0,entropy_vector,narrow,s3,50,particle,q0.95,22,0.5909090909090909,0.10482356110715556,-2.527165015349421,2.99325407715235,5.183243867196862,5.270544854496606,4.962188850452113,0.45454545454545453,0.4090909090909091,0.10482356110715554,1.8825082281539385,3.765016456307877,0.6818181818181818,0.09930260198923899,25.78911681247598,0.0,0.0,25.42713567839196,35.122887163088166,37.93456088085442,0.9545454545454546
Ic|tail_1.0|entropy_vector|narrow|s3,Ic,tail_1.0,entropy_vector,narrow,s3,50,particle,q0.99,22,0.3181818181818182,0.09930260198923899,-5.341858744914756,5.730236300042362,6.854206189685729,6.972561672566471,6.505481304742142,0.45454545454545453,0.45454545454545453,0.10615894693111677,1.8825082281539385,3.765016456307877,0.9090909090909091,0.06129089658756747,53.41858744914757,0.0,0.0,25.42713567839196,35.122887163088166,42.85904362212253,1.0
Ic|tail_1.0|entropy_vector|narrow|s3,Ic,tail_1.0,entropy_vector,narrow,s3,50,ref,q0.5,22,0.9090909090909091,0.06129089658756747,0.3079188987461587,0.8191496673971773,2.5896164588830204,2.583430894695825,2.5238625928067258,0.4090909090909091,0.045454545454545456,0.04440947367810884,1.8825082281539385,3.765016456307877,0.0,0.0,2.4608877802795166,0.0,0.0,25.42713567839196,35.122887163088166,30.0,0.0
Ic|tail_1.0|entropy_vector|narrow|s3,Ic,tail_1.0,entropy_vector,narrow,s3,50,ref,q0.95,22,0.5909090909090909,0.10482356110715556,-2.353160415558619,2.865349615936362,5.221491077880007,5.326997114156775,4.962188850452113,0.45454545454545453,0.4090909090909091,0.10482356110715554,1.8825082281539385,3.765016456307877,0.6363636363636364,0.10255928633050294,24.290230858356175,0.0,0.0,25.42713567839196,35.122887163088166,37.93456088085442,0.9545454545454546
Ic|tail_1.0|entropy_vector|narrow|s3,Ic,tail_1.0,entropy_vector,narrow,s3,50,ref,q0.99,22,0.3181818181818182,0.09930260198923899,-5.092739107707032,5.516886718803479,6.903407437689714,7.037773044995948,6.505481304742142,0.45454545454545453,0.45454545454545453,0.10615894693111677,1.8825082281539385,3.765016456307877,0.9090909090909091,0.06129089658756747,50.927391077070304,0.0,0.0,25.42713567839196,35.122887163088166,42.85904362212253,1.0
Ic|tail_1.0|entropy_vector|shifted|s3,Ic,tail_1.0,entropy_vector,shifted,s3,20,particle,q0.5,22,0.9545454545454546,0.04440947367810882,0.06177569691642921,1.0616852455149381,4.51940965788942,4.685999205323421,,0.0,,,1.8825082281539385,3.765016456307877,0.0,0.0,3.7126528479493004,0.0,0.0,21.98720877112837,33.75513933302878,30.0,0.0
Ic|tail_1.0|entropy_vector|shifted|s3,Ic,tail_1.0,entropy_vector,shifted,s3,20,particle,q0.95,22,0.8636363636363636,0.0731650049984536,-3.1432554929213996,3.8769097845240292,10.765961308161826,10.407731909719846,,0.0,,,1.8825082281539385,3.765016456307877,0.7727272727272727,0.08934606739851096,33.36688071996687,0.0,0.0,21.98720877112837,33.75513933302878,37.93456088085442,1.0
Ic|tail_1.0|entropy_vector|shifted|s3,Ic,tail_1.0,entropy_vector,shifted,s3,20,particle,q0.99,22,0.8181818181818182,0.08223036670302644,-6.117801039264385,6.761401033089501,14.542177930428824,14.06891406321692,,0.0,,,1.8825082281539385,3.765016456307877,0.9545454545454546,0.04440947367810882,62.348769747766966,0.0,0.0,21.98720877112837,33.75513933302878,42.85904362212253,1.0
Ic|tail_1.0|entropy_vector|shifted|s3,Ic,tail_1.0,entropy_vector,shifted,s3,30,particle,q0.5,22,0.9545454545454546,0.04440947367810882,0.1348921384259752,0.848471199749218,3.5558261133651956,3.59404495124012,,0.0,,,1.8825082281539385,3.765016456307877,0.0,0.0,2.787490235733383,0.0,0.0,21.98720877112837,34.356327089995425,30.0,0.0
Ic|tail_1.0|entropy_vector|shifted|s3,Ic,tail_1.0,entropy_vector,shifted,s3,30,particle,q0.95,22,0.8636363636363636,0.0731650049984536,-3.0760687310874872,3.5773103238105475,7.848630411403139,7.601808409886601,,0.0,,,1.8825082281539385,3.765016456307877,0.7272727272727273,0.09495144870310791,31.65494106296145,0.0,0.0,21.98720877112837,34.356327089995425,37.93456088085442,1.0
Ic|tail_1.0|entropy_vector|shifted|s3,Ic,tail_1.0,entropy_vector,shifted,s3,30,particle,q0.99,22,0.5909090909090909,0.10482356110715556,-6.043435485825622,6.463879955644708,10.519546386356886,10.077659898926544,,0.0,,,1.8825082281539385,3.765016456307877,0.9545454545454546,0.04440947367810882,60.434354858256235,0.0,0.0,21.98720877112837,34.356327089995425,42.85904362212253,1.0
Ic|tail_1.0|entropy_vector|shifted|s3,Ic,tail_1.0,entropy_vector,shifted,s3,50,particle,q0.5,22,0.9545454545454546,0.04440947367810882,0.16740454639251678,0.7361439991237579,2.6816194027576903,2.5834642661509104,2.5238625928067258,0.45454545454545453,0.0,0.0,1.8825082281539385,3.765016456307877,0.0,0.0,2.2904593159281337,0.0,0.0,21.98720877112837,34.6313385107355,30.0,0.0
Ic|tail_1.0|entropy_vector|shifted|s3,Ic,tail_1.0,entropy_vector,shifted,s3,50,particle,q0.95,22,0.45454545454545453,0.10615894693111677,-3.017013664076275,3.353219696534846,5.413059155418418,5.009622131915435,4.962188850452113,0.4090909090909091,0.4090909090909091,0.10482356110715554,1.8825082281539385,3.765016456307877,0.7272727272727273,0.09495144870310791,30.23548739630218,0.0,0.0,21.98720877112837,34.6313385107355,37.93456088085442,1.0
Ic|tail_1.0|entropy_vector|shifted|s3,Ic,tail_1.0,entropy_vector,shifted,s3,50,particle,q0.99,22,0.3181818181818182,0.09930260198923899,-5.973862082849295,6.256759980495465,7.164060528069464,6.600510778160086,6.505481304742142,0.4090909090909091,0.4090909090909091,0.10482356110715554,1.8825082281539385,3.765016456307877,1.0,0.0,59.738620828492955,0.0,0.0,21.98720877112837,34.6313385107355,42.85904362212253,1.0
Ic|tail_1.0|entropy_vector|shifted|s3,Ic,tail_1.0,entropy_vector,shifted,s3,50,ref,q0.5,22,0.9545454545454546,0.04440947367810882,0.1692832284039775,0.7408342444719164,2.6902885543398045,2.5905574139965992,2.5238625928067258,0.45454545454545453,0.0,0.0,1.8825082281539385,3.765016456307877,0.0,0.0,2.27952681110235,0.0,0.0,21.98720877112837,34.6313385107355,30.0,0.0
Ic|tail_1.0|entropy_vector|shifted|s3,Ic,tail_1.0,entropy_vector,shifted,s3,50,ref,q0.95,22,0.45454545454545453,0.10615894693111677,-2.811303884181309,3.1929275585716397,5.4294230149522855,5.035859247699598,4.962188850452113,0.45454545454545453,0.45454545454545453,0.10615894693111677,1.8825082281539385,3.765016456307877,0.7272727272727273,0.09495144870310791,28.340213565897113,0.0,0.0,21.98720877112837,34.6313385107355,37.93456088085442,1.0
Ic|tail_1.0|entropy_vector|shifted|s3,Ic,tail_1.0,entropy_vector,shifted,s3,50,ref,q0.99,22,0.3181818181818182,0.09930260198923899,-5.683260754460967,6.001633615466277,7.176288638246237,6.622258259485282,6.505481304742142,0.4090909090909091,0.4090909090909091,0.10482356110715554,1.8825082281539385,3.765016456307877,1.0,0.0,56.832607544609665,0.0,0.0,21.98720877112837,34.6313385107355,42.85904362212253,1.0
Ic|tail_1.0|fixed_design|narrow|s3,Ic,tail_1.0,fixed_design,narrow,s3,20,particle,q0.5,22,1.0,0.0,0.11167780230733597,0.75073676766723,3.6321122378884754,3.611351325995164,,0.0,,,1.8825082281539385,3.765016456307877,0.0,0.0,2.610544839544762,0.0,0.0,26.39999999999999,33.60000000000001,30.0,0.0
Ic|tail_1.0|fixed_design|narrow|s3,Ic,tail_1.0,fixed_design,narrow,s3,20,particle,q0.95,22,0.9090909090909091,0.06129089658756747,-2.859921452962908,3.080940064139068,8.201388485649849,8.233367251227154,,0.0,,,1.8825082281539385,3.765016456307877,0.7727272727272727,0.08934606739851096,28.599214529629084,0.0,0.0,26.39999999999999,33.60000000000001,37.93456088085442,1.0
Ic|tail_1.0|fixed_design|narrow|s3,Ic,tail_1.0,fixed_design,narrow,s3,20,particle,q0.99,22,0.7272727272727273,0.09495144870310791,-5.734755248613258,5.9242611962452525,11.035230488756063,11.13651963125519,,0.0,,,1.8825082281539385,3.765016456307877,1.0,0.0,57.34755248613259,0.0,0.0,26.39999999999999,33.60000000000001,42.85904362212253,1.0
Ic|tail_1.0|fixed_design|narrow|s3,Ic,tail_1.0,fixed_design,narrow,s3,30,particle,q0.5,22,1.0,0.0,-0.0067583532198993105,0.7006604108612061,2.9437629421747,2.8279878991661196,,0.0,,,1.8825082281539385,3.765016456307877,0.0,0.0,3.268553122760921,0.0,0.0,26.39999999999999,33.60000000000001,30.0,0.0
Ic|tail_1.0|fixed_design|narrow|s3,Ic,tail_1.0,fixed_design,narrow,s3,30,particle,q0.95,22,0.6363636363636364,0.10255928633050294,-3.29122626846804,3.4645404945717173,6.729680788985687,6.165501724379146,,0.0,,,1.8825082281539385,3.765016456307877,0.9090909090909091,0.06129089658756747,32.9122626846804,0.0,0.0,26.39999999999999,33.60000000000001,37.93456088085442,1.0
Ic|tail_1.0|fixed_design|narrow|s3,Ic,tail_1.0,fixed_design,narrow,s3,30,particle,q0.99,22,0.45454545454545453,0.10615894693111677,-6.290287643608547,6.452629698550352,9.04432693017293,8.274818882606809,,0.0,,,1.8825082281539385,3.765016456307877,1.0,0.0,62.90287643608547,0.0,0.0,26.39999999999999,33.60000000000001,42.85904362212253,1.0
Ic|tail_1.0|fixed_design|narrow|s3,Ic,tail_1.0,fixed_design,narrow,s3,50,particle,q0.5,22,0.9090909090909091,0.06129089658756747,0.03952864981888124,0.6827327057269126,2.4086432265632336,2.3454499182230055,2.5238625928067258,0.5909090909090909,0.045454545454545456,0.04440947367810884,1.8825082281539385,3.765016456307877,0.0,0.0,3.042471324717844,0.0,0.0,26.39999999999999,33.60000000000001,30.0,0.0
Ic|tail_1.0|fixed_design|narrow|s3,Ic,tail_1.0,fixed_design,narrow,s3,50,particle,q0.95,22,0.5909090909090909,0.10482356110715556,-2.9928043821018275,3.2195127535233716,5.785430067053757,5.722614253385853,4.962188850452113,0.36363636363636365,0.36363636363636365,0.10255928633050294,1.8825082281539385,3.765016456307877,0.8636363636363636,0.0731650049984536,30.100757799199684,0.0,0.0,26.39999999999999,33.60000000000001,37.93456088085442,1.0
Ic|tail_1.0|fixed_design|narrow|s3,Ic,tail_1.0,fixed_design,narrow,s3,50,particle,q0.99,22,0.36363636363636365,0.10255928633050294,-5.8832504373985905,6.095041391462492,8.266637224988148,8.133333360086517,6.505481304742142,0.3181818181818182,0.3181818181818182,0.09930260198923899,1.8825082281539385,3.765016456307877,0.9545454545454546,0.04440947367810882,58.83250437398589,0.0,0.0,26.39999999999999,33.60000000000001,42.85904362212253,1.0
Ic|tail_1.0|fixed_design|narrow|s3,Ic,tail_1.0,fixed_design,narrow,s3,50,ref,q0.5,22,0.9090909090909091,0.06129089658756747,0.04087097382919583,0.6932745873103683,2.4166153479794628,2.3855514218003258,2.5238625928067258,0.5909090909090909,0.045454545454545456,0.04440947367810884,1.8825082281539385,3.765016456307877,0.0,0.0,3.0894804093529187,0.0,0.0,26.39999999999999,33.60000000000001,30.0,0.0
Ic|tail_1.0|fixed_design|narrow|s3,Ic,tail_1.0,fixed_design,narrow,s3,50,ref,q0.95,22,0.5909090909090909,0.10482356110715556,-2.746075834117295,3.024970421632807,5.791396511879522,5.7234989569236845,4.962188850452113,0.36363636363636365,0.36363636363636365,0.10255928633050294,1.8825082281539385,3.765016456307877,0.7727272727272727,0.08934606739851096,27.896203249167606,0.0,0.0,26.39999999999999,33.60000000000001,37.93456088085442,1.0
Ic|tail_1.0|fixed_design|narrow|s3,Ic,tail_1.0,fixed_design,narrow,s3,50,ref,q0.99,22,0.36363636363636365,0.10255928633050294,-5.537803830864546,5.794264140859876,7.820923635671606,7.669621364027641,6.505481304742142,0.36363636363636365,0.36363636363636365,0.10255928633050294,1.8825082281539385,3.765016456307877,0.9545454545454546,0.04440947367810882,55.37803830864547,0.0,0.0,26.39999999999999,33.60000000000001,42.85904362212253,1.0
Ic|tail_1.0|fixed_design|shifted|s3,Ic,tail_1.0,fixed_design,shifted,s3,20,particle,q0.5,22,1.0,0.0,-1.2604073553173982,1.6140044137672043,11.17805586153819,11.703796881932991,,0.0,,,1.8825082281539385,3.765016456307877,0.13636363636363635,0.0731650049984536,12.604073553173981,0.9545454545454546,0.8181818181818182,19.360000000000003,24.639999999999997,30.0,1.0
Ic|tail_1.0|fixed_design|shifted|s3,Ic,tail_1.0,fixed_design,shifted,s3,20,particle,q0.95,22,1.0,0.0,-6.443244304683446,6.570509748273151,15.929694517829647,15.688590660029082,,0.0,,,1.8825082281539385,3.765016456307877,1.0,0.0,64.43244304683445,0.9545454545454546,0.8181818181818182,19.360000000000003,24.639999999999997,37.93456088085442,1.0
Ic|tail_1.0|fixed_design|shifted|s3,Ic,tail_1.0,fixed_design,shifted,s3,20,particle,q0.99,22,1.0,0.0,-10.29739296378497,10.414968257447331,18.456737422131354,18.05183740960087,,0.0,,,1.8825082281539385,3.765016456307877,1.0,0.0,102.9739296378497,0.9545454545454546,0.8181818181818182,19.360000000000003,24.639999999999997,42.85904362212253,1.0
Ic|tail_1.0|fixed_design|shifted|s3,Ic,tail_1.0,fixed_design,shifted,s3,30,particle,q0.5,22,1.0,0.0,-1.2545769312924693,1.7110275721702592,10.78128053970997,11.581316909896875,,0.0,,,1.8825082281539385,3.765016456307877,0.22727272727272727,0.08934606739851096,12.545769312924694,0.9545454545454546,0.7272727272727273,19.360000000000003,24.639999999999997,30.0,1.0
Ic|tail_1.0|fixed_design|shifted|s3,Ic,tail_1.0,fixed_design,shifted,s3,30,particle,q0.95,22,1.0,0.0,-6.510033013890901,6.664209848941118,15.581143074185768,15.387678690318022,,0.0,,,1.8825082281539385,3.765016456307877,0.9545454545454546,0.04440947367810882,65.10033013890902,0.9545454545454546,0.7272727272727273,19.360000000000003,24.639999999999997,37.93456088085442,1.0
Ic|tail_1.0|fixed_design|shifted|s3,Ic,tail_1.0,fixed_design,shifted,s3,30,particle,q0.99,22,1.0,0.0,-10.365070649555157,10.501790120150824,18.06363353956745,17.770725845766624,,0.0,,,1.8825082281539385,3.765016456307877,1.0,0.0,103.65070649555159,0.9545454545454546,0.7272727272727273,19.360000000000003,24.639999999999997,42.85904362212253,1.0
Ic|tail_1.0|fixed_design|shifted|s3,Ic,tail_1.0,fixed_design,shifted,s3,50,particle,q0.5,22,1.0,0.0,-1.3746275183344538,1.902600929761764,10.190117151813688,11.394374190794993,2.5238625928067258,0.0,0.0,0.0,1.8825082281539385,3.765016456307877,0.36363636363636365,0.10255928633050294,13.879683664883673,0.9545454545454546,0.5909090909090909,19.360000000000003,24.639999999999997,30.0,1.0
Ic|tail_1.0|fixed_design|shifted|s3,Ic,tail_1.0,fixed_design,shifted,s3,50,particle,q0.95,22,1.0,0.0,-6.672057049762629,6.863721096228477,15.162620650499003,15.084940577052103,4.962188850452113,0.0,0.0,0.0,1.8825082281539385,3.765016456307877,0.9545454545454546,0.04440947367810882,66.72057049762628,0.9545454545454546,0.5909090909090909,19.360000000000003,24.639999999999997,37.93456088085442,1.0
Ic|tail_1.0|fixed_design|shifted|s3,Ic,tail_1.0,fixed_design,shifted,s3,50,particle,q0.99,22,0.9545454545454546,0.04440947367810882,-10.545881564052804,10.709022582684664,17.54618138450104,17.492082840553863,6.505481304742142,0.0,0.0,0.0,1.8825082281539385,3.765016456307877,1.0,0.0,105.45881564052806,0.9545454545454546,0.5909090909090909,19.360000000000003,24.639999999999997,42.85904362212253,1.0
Ic|tail_1.0|fixed_design|shifted|s3,Ic,tail_1.0,fixed_design,shifted,s3,50,ref,q0.5,22,1.0,0.0,-0.7733637333089173,1.5640434579626492,10.417499417010406,11.986735270575359,2.5238625928067258,0.0,0.0,0.0,1.8825082281539385,3.765016456307877,0.36363636363636365,0.10255928633050294,9.418676915137544,0.9545454545454546,0.5909090909090909,19.360000000000003,24.639999999999997,30.0,1.0
Ic|tail_1.0|fixed_design|shifted|s3,Ic,tail_1.0,fixed_design,shifted,s3,50,ref,q0.95,22,1.0,0.0,-5.869796655156324,6.075360032274408,15.377576431393834,15.404154654032048,4.962188850452113,0.0,0.0,0.0,1.8825082281539385,3.765016456307877,0.9545454545454546,0.04440947367810882,58.69796655156325,0.9545454545454546,0.5909090909090909,19.360000000000003,24.639999999999997,37.93456088085442,1.0
Ic|tail_1.0|fixed_design|shifted|s3,Ic,tail_1.0,fixed_design,shifted,s3,50,ref,q0.99,22,0.9545454545454546,0.04440947367810882,-9.61838882180141,9.789364501278436,17.744805623856916,17.266135502693047,6.505481304742142,0.0,0.0,0.0,1.8825082281539385,3.765016456307877,1.0,0.0,96.1838882180141,0.9545454545454546,0.5909090909090909,19.360000000000003,24.639999999999997,42.85904362212253,1.0
I|beta_cdf|entropy_q0.95|cal|s3,I,beta_cdf,entropy_q0.95,cal,s3,20,particle,q0.5,30,0.9666666666666667,0.0327730693416725,0.9315532920987795,1.8035597988248984,7.8209134453089035,8.320132152638433,,0.0,,,1.950355972450423,3.900711944900846,0.0,0.0,4.121436704184166,0.03333333333333333,0.0,26.149413735343387,37.57922948073701,29.355858727356058,0.06666666666666667
I|beta_cdf|entropy_q0.95|cal|s3,I,beta_cdf,entropy_q0.95,cal,s3,20,particle,q0.95,30,1.0,0.0,-0.5366514371600298,1.6877938039832332,9.87108180029467,9.940628578300608,,0.0,,,1.950355972450423,3.900711944900846,0.16666666666666666,0.06804138174397717,10.23494435942996,0.03333333333333333,0.0,26.149413735343387,37.57922948073701,36.2741309468711,0.13333333333333333
I|beta_cdf|entropy_q0.95|cal|s3,I,beta_cdf,entropy_q0.95,cal,s3,20,particle,q0.99,30,1.0,0.0,-0.9323749046961816,2.5291399162523827,14.376184544623325,14.238525335636641,,0.0,,,1.950355972450423,3.900711944900846,0.3,0.08366600265340755,15.798680784039222,0.03333333333333333,0.0,26.149413735343387,37.57922948073701,38.92787333480589,0.7666666666666667
I|beta_cdf|entropy_q0.95|cal|s3,I,beta_cdf,entropy_q0.95,cal,s3,30,particle,q0.5,30,0.9333333333333333,0.045542003404264876,0.7047610853541312,1.74498297309902,6.799887032656058,6.915127198552442,,0.0,,,1.950355972450423,3.900711944900846,0.0,0.0,5.048153099854195,0.0,0.0,23.729313232830822,38.17487437185928,29.355858727356058,0.03333333333333333
I|beta_cdf|entropy_q0.95|cal|s3,I,beta_cdf,entropy_q0.95,cal,s3,30,particle,q0.95,30,0.9333333333333333,0.045542003404264876,-0.35989114007168793,1.530126123583199,7.771480000489873,7.299027476969833,,0.0,,,1.950355972450423,3.900711944900846,0.16666666666666666,0.06804138174397717,8.59347217482185,0.0,0.0,23.729313232830822,38.17487437185928,36.2741309468711,0.03333333333333333
I|beta_cdf|entropy_q0.95|cal|s3,I,beta_cdf,entropy_q0.95,cal,s3,30,particle,q0.99,30,0.9,0.054772255750516606,-0.5975675490253638,2.326268305902789,11.305008416897586,10.570236175130383,,0.0,,,1.950355972450423,3.900711944900846,0.3333333333333333,0.08606629658238704,13.47328610250892,0.0,0.0,23.729313232830822,38.17487437185928,38.92787333480589,0.6666666666666666
I|beta_cdf|entropy_q0.95|cal|s3,I,beta_cdf,entropy_q0.95,cal,s3,50,particle,q0.5,30,0.9333333333333333,0.045542003404264876,0.47020461497694727,1.120506890589461,5.640303062868976,5.9616739459758605,2.5238625928067258,0.0,0.0,0.0,1.950355972450423,3.900711944900846,0.0,0.0,3.1150343571293395,0.0,0.0,21.304522613065327,38.56884422110553,29.355858727356058,0.0
I|beta_cdf|entropy_q0.95|cal|s3,I,beta_cdf,entropy_q0.95,cal,s3,50,particle,q0.95,30,0.9333333333333333,0.045542003404264876,-0.32115326750004863,1.3402863970793397,5.631130502756832,5.957978989113435,4.962188850452113,0.3333333333333333,0.06666666666666667,0.04554200340426488,1.950355972450423,3.900711944900846,0.13333333333333333,0.06206328908341752,7.128847863600919,0.0,0.0,21.304522613065327,38.56884422110553,36.2741309468711,0.03333333333333333
I|beta_cdf|entropy_q0.95|cal|s3,I,beta_cdf,entropy_q0.95,cal,s3,50,particle,q0.99,30,0.9333333333333333,0.045542003404264876,-0.4441456402450316,1.9433630225422898,8.156409194719807,8.746524587304794,6.505481304742142,0.23333333333333334,0.06666666666666667,0.04554200340426488,1.950355972450423,3.900711944900846,0.2,0.07302967433402216,10.015868880018408,0.0,0.0,21.304522613065327,38.56884422110553,38.92787333480589,0.5
I|beta_cdf|entropy_q0.95|cal|s3,I,beta_cdf,entropy_q0.95,cal,s3,50,ref,q0.5,30,0.9333333333333333,0.045542003404264876,0.27266871929740344,1.0749172210124471,5.661757526630393,6.018567092728063,2.5238625928067258,0.0,0.0,0.0,1.950355972450423,3.900711944900846,0.0,0.0,3.872906835781204,0.0,0.0,21.304522613065327,38.56884422110553,29.355858727356058,0.0
I|beta_cdf|entropy_q0.95|cal|s3,I,beta_cdf,entropy_q0.95,cal,s3,50,ref,q0.95,30,0.9333333333333333,0.045542003404264876,-0.14016075463085328,1.3486565594594602,5.647190151255283,5.956560030688745,4.962188850452113,0.3,0.06666666666666667,0.04554200340426488,1.950355972450423,3.900711944900846,0.1,0.05477225575051661,6.307906433125906,0.0,0.0,21.304522613065327,38.56884422110553,36.2741309468711,0.03333333333333333
I|beta_cdf|entropy_q0.95|cal|s3,I,beta_cdf,entropy_q0.95,cal,s3,50,ref,q0.99,30,0.9333333333333333,0.045542003404264876,-0.09857406693020844,1.9764316141094662,8.147821360379933,8.64559372078967,6.505481304742142,0.23333333333333334,0.06666666666666667,0.04554200340426488,1.950355972450423,3.900711944900846,0.2,0.07302967433402216,8.967479363218596,0.0,0.0,21.304522613065327,38.56884422110553,38.92787333480589,0.5
I|beta_cdf|entropy_vector|cal|s3,I,beta_cdf,entropy_vector,cal,s3,20,particle,q0.5,30,0.9666666666666667,0.0327730693416725,0.3736834359179125,1.0420982001443118,5.498758799268327,5.605073107586456,,0.0,,,1.950355972450423,3.900711944900846,0.0,0.0,2.7762766801414736,0.0,0.0,23.677721943048578,35.539028475711895,29.355858727356058,0.0
I|beta_cdf|entropy_vector|cal|s3,I,beta_cdf,entropy_vector,cal,s3,20,particle,q0.95,30,1.0,0.0,-0.6410268478891834,2.0750158583547846,13.35769358800034,13.466945904325298,,0.0,,,1.950355972450423,3.900711944900846,0.3,0.08366600265340755,12.227694031325196,0.0,0.0,23.677721943048578,35.539028475711895,36.2741309468711,0.7
I|beta_cdf|entropy_vector|cal|s3,I,beta_cdf,entropy_vector,cal,s3,20,particle,q0.99,30,1.0,0.0,-0.8513405878270869,2.781206660527246,18.032526504719556,18.07933468042414,,0.0,,,1.950355972450423,3.900711944900846,0.36666666666666664,0.08798147953257401,15.9988718058849,0.0,0.0,23.677721943048578,35.539028475711895,38.92787333480589,0.9666666666666667
I|beta_cdf|entropy_vector|cal|s3,I,beta_cdf,entropy_vector,cal,s3,30,particle,q0.5,30,0.9666666666666667,0.0327730693416725,0.2661310622141116,0.8560556660096428,4.38366584082544,4.348834040457595,,0.0,,,1.950355972450423,3.900711944900846,0.0,0.0,2.588261740817522,0.0,0.0,23.391624790619765,36.08308207705193,29.355858727356058,0.0
I|beta_cdf|entropy_vector|cal|s3,I,beta_cdf,entropy_vector,cal,s3,30,particle,q0.95,30,0.9666666666666667,0.0327730693416725,-0.75114035751758,2.048657538182792,9.800751801442695,8.985886451808497,,0.0,,,1.950355972450423,3.900711944900846,0.3333333333333333,0.08606629658238704,12.88892977770959,0.0,0.0,23.391624790619765,36.08308207705193,36.2741309468711,0.6
I|beta_cdf|entropy_vector|cal|s3,I,beta_cdf,entropy_vector,cal,s3,30,particle,q0.99,30,0.9666666666666667,0.0327730693416725,-0.966690547706912,2.7229361471617164,13.08188789371814,11.972401260843775,,0.0,,,1.950355972450423,3.900711944900846,0.43333333333333335,0.09047201327032126,17.060193729131992,0.0,0.0,23.391624790619765,36.08308207705193,38.92787333480589,0.9666666666666667
I|beta_cdf|entropy_vector|cal|s3,I,beta_cdf,entropy_vector,cal,s3,50,particle,q0.5,30,0.9666666666666667,0.0327730693416725,0.41257702874011826,0.9402652637181838,3.5290916866754163,3.5205862526593847,2.5238625928067258,0.03333333333333333,0.0,0.0,1.950355972450423,3.900711944900846,0.0,0.0,2.525744680592916,0.0,0.0,22.885092127303185,36.402010050251256,29.355858727356058,0.0
I|beta_cdf|entropy_vector|cal|s3,I,beta_cdf,entropy_vector,cal,s3,50,particle,q0.95,30,0.9666666666666667,0.0327730693416725,-0.13413205445839627,1.7389956678287897,7.345652639696542,7.442754663521455,4.962188850452113,0.03333333333333333,0.03333333333333333,0.032773069341672505,1.950355972450423,3.900711944900846,0.16666666666666666,0.06804138174397717,9.117760999423078,0.0,0.0,22.885092127303185,36.402010050251256,36.2741309468711,0.5333333333333333
I|beta_cdf|entropy_vector|cal|s3,I,beta_cdf,entropy_vector,cal,s3,50,particle,q0.99,30,0.9666666666666667,0.0327730693416725,-0.15257243722534544,2.1875202057970142,9.76509652008923,9.81745334411782,6.505481304742142,0.03333333333333333,0.03333333333333333,0.032773069341672505,1.950355972450423,3.900711944900846,0.3333333333333333,0.08606629658238704,11.477994631530732,0.0,0.0,22.885092127303185,36.402010050251256,38.92787333480589,0.9666666666666667
I|beta_cdf|entropy_vector|cal|s3,I,beta_cdf,entropy_vector,cal,s3,50,ref,q0.5,30,0.9666666666666667,0.0327730693416725,0.41363473349833363,0.9427168872139521,3.5396934676285907,3.5325939545587683,2.5238625928067258,0.03333333333333333,0.0,0.0,1.950355972450423,3.900711944900846,0.0,0.0,2.5316287097120185,0.0,0.0,22.885092127303185,36.402010050251256,29.355858727356058,0.0
I|beta_cdf|entropy_vector|cal|s3,I,beta_cdf,entropy_vector,cal,s3,50,ref,q0.95,30,0.9666666666666667,0.0327730693416725,0.15860189913771522,1.8077699907986027,7.353876865574832,7.458278030691982,4.962188850452113,0.03333333333333333,0.03333333333333333,0.032773069341672505,1.950355972450423,3.900711944900846,0.1,0.05477225575051661,8.149482437039545,0.0,0.0,22.885092127303185,36.402010050251256,36.2741309468711,0.5333333333333333
I|beta_cdf|entropy_vector|cal|s3,I,beta_cdf,entropy_vector,cal,s3,50,ref,q0.99,30,0.9666666666666667,0.0327730693416725,0.26556674591178814,2.2928478606923086,9.763639343676306,9.85359847972676,6.505481304742142,0.03333333333333333,0.03333333333333333,0.032773069341672505,1.950355972450423,3.900711944900846,0.2,0.07302967433402216,9.982163451056067,0.0,0.0,22.885092127303185,36.402010050251256,38.92787333480589,0.9666666666666667
I|beta_cdf|fixed_design|cal|s3,I,beta_cdf,fixed_design,cal,s3,20,particle,q0.5,30,0.9333333333333333,0.045542003404264876,0.10250277700085349,1.3689109470828278,7.133961666201065,7.257015049034697,,0.0,,,1.950355972450423,3.900711944900846,0.1,0.05477225575051661,5.116972617016065,0.0,0.0,26.39999999999999,33.60000000000001,29.355858727356058,0.0
I|beta_cdf|fixed_design|cal|s3,I,beta_cdf,fixed_design,cal,s3,20,particle,q0.95,30,1.0,0.0,0.9197106638757335,2.8655594506020363,22.039697805190414,21.280413395222727,,0.0,,,1.950355972450423,3.900711944900846,0.2,0.07302967433402216,8.102864853586851,0.0,0.0,26.39999999999999,33.60000000000001,36.2741309468711,1.0
I|beta_cdf|fixed_design|cal|s3,I,beta_cdf,fixed_design,cal,s3,20,particle,q0.99,30,1.0,0.0,1.4933563130381924,4.018764824510082,30.65871046178581,29.355081621938332,,0.0,,,1.950355972450423,3.900711944900846,0.23333333333333334,0.07722022379508468,10.648977499749618,0.0,0.0,26.39999999999999,33.60000000000001,38.92787333480589,1.0
I|beta_cdf|fixed_design|cal|s3,I,beta_cdf,fixed_design,cal,s3,30,particle,q0.5,30,0.8666666666666667,0.06206328908341751,-0.06313025976773888,1.2106132340466338,5.574850372583322,5.401931179981531,,0.0,,,1.950355972450423,3.900711944900846,0.06666666666666667,0.04554200340426488,5.3369799649521585,0.0,0.0,26.39999999999999,33.60000000000001,29.355858727356058,0.0
I|beta_cdf|fixed_design|cal|s3,I,beta_cdf,fixed_design,cal,s3,30,particle,q0.95,30,1.0,0.0,0.29328501253036426,2.098911491304807,17.30231425966446,16.57445205200749,,0.0,,,1.950355972450423,3.900711944900846,0.16666666666666666,0.06804138174397717,7.767151338905884,0.0,0.0,26.39999999999999,33.60000000000001,36.2741309468711,1.0
I|beta_cdf|fixed_design|cal|s3,I,beta_cdf,fixed_design,cal,s3,30,particle,q0.99,30,1.0,0.0,0.669220292775465,3.002386824663661,24.200577158915014,23.391023515435432,,0.0,,,1.950355972450423,3.900711944900846,0.2,0.07302967433402216,10.121996618574828,0.0,0.0,26.39999999999999,33.60000000000001,38.92787333480589,1.0
I|beta_cdf|fixed_design|cal|s3,I,beta_cdf,fixed_design,cal,s3,50,particle,q0.5,30,0.8666666666666667,0.06206328908341751,0.04697613558097468,1.110955312397491,4.369014363038071,4.194648294635789,2.5238625928067258,0.03333333333333333,0.03333333333333333,0.032773069341672505,1.950355972450423,3.900711944900846,0.03333333333333333,0.032773069341672505,4.394053944490795,0.0,0.0,26.39999999999999,33.60000000000001,29.355858727356058,0.0
I|beta_cdf|fixed_design|cal|s3,I,beta_cdf,fixed_design,cal,s3,50,particle,q0.95,30,1.0,0.0,0.7482111539908031,2.007485461883931,14.248069350996028,13.246187730834226,4.962188850452113,0.0,0.0,0.0,1.950355972450423,3.900711944900846,0.03333333333333333,0.032773069341672505,4.918682231758981,0.0,0.0,26.39999999999999,33.60000000000001,36.2741309468711,1.0
I|beta_cdf|fixed_design|cal|s3,I,beta_cdf,fixed_design,cal,s3,50,particle,q0.99,30,1.0,0.0,1.2547162625920327,2.854409338208751,20.069689513220418,18.342368171919205,6.505481304742142,0.0,0.0,0.0,1.950355972450423,3.900711944900846,0.1,0.05477225575051661,6.210674018489701,0.0,0.0,26.39999999999999,33.60000000000001,38.92787333480589,1.0
I|beta_cdf|fixed_design|cal|s3,I,beta_cdf,fixed_design,cal,s3,50,ref,q0.5,30,0.8666666666666667,0.06206328908341751,-0.010290788274961927,1.1963783675176312,4.370305904275641,4.112651149485611,2.5238625928067258,0.03333333333333333,0.03333333333333333,0.032773069341672505,1.950355972450423,3.900711944900846,0.06666666666666667,0.04554200340426488,5.029970865607528,0.0,0.0,26.39999999999999,33.60000000000001,29.355858727356058,0.0
I|beta_cdf|fixed_design|cal|s3,I,beta_cdf,fixed_design,cal,s3,50,ref,q0.95,30,1.0,0.0,1.666222583049678,2.8664719752294894,14.297169840006042,13.19574138904823,4.962188850452113,0.0,0.0,0.0,1.950355972450423,3.900711944900846,0.0,0.0,4.116268051521384,0.0,0.0,26.39999999999999,33.60000000000001,36.2741309468711,1.0
I|beta_cdf|fixed_design|cal|s3,I,beta_cdf,fixed_design,cal,s3,50,ref,q0.99,30,1.0,0.0,2.573463883359319,4.146844639398537,20.11711741003272,18.260671070796043,6.505481304742142,0.0,0.0,0.0,1.950355972450423,3.900711944900846,0.03333333333333333,0.032773069341672505,5.386195171526553,0.0,0.0,26.39999999999999,33.60000000000001,38.92787333480589,1.0
I|beta_cdf|uniform_grid|cal|s3,I,beta_cdf,uniform_grid,cal,s3,20,particle,q0.5,30,0.9333333333333333,0.045542003404264876,0.20755424447253787,1.9658090898694225,6.745902949577567,6.577183521693803,,0.0,,,1.950355972450423,3.900711944900846,0.13333333333333333,0.06206328908341752,7.456229378252994,0.2,0.0,17.15845896147404,42.58358458961474,29.355858727356058,0.0
I|beta_cdf|uniform_grid|cal|s3,I,beta_cdf,uniform_grid,cal,s3,20,particle,q0.95,30,0.9666666666666667,0.0327730693416725,-1.0869499321361433,3.174403694759288,12.901395129549458,12.775208122304162,,0.0,,,1.950355972450423,3.900711944900846,0.36666666666666664,0.08798147953257401,18.848000384350478,0.2,0.0,17.15845896147404,42.58358458961474,36.2741309468711,0.0
I|beta_cdf|uniform_grid|cal|s3,I,beta_cdf,uniform_grid,cal,s3,20,particle,q0.99,30,0.9666666666666667,0.0327730693416725,-1.3921715361787228,4.0429552188565125,16.898504847609807,16.870477341358495,,0.0,,,1.950355972450423,3.900711944900846,0.5,0.09128709291752768,24.116219325553608,0.2,0.0,17.15845896147404,42.58358458961474,38.92787333480589,0.0
I|beta_cdf|uniform_grid|cal|s3,I,beta_cdf,uniform_grid,cal,s3,30,particle,q0.5,30,0.9,0.054772255750516606,0.24728355203350863,1.5668494634847185,5.5440908458276645,5.668911474016891,,0.0,,,1.950355972450423,3.900711944900846,0.06666666666666667,0.04554200340426488,5.4472726670680585,0.06666666666666667,0.0,16.792629815745396,42.996314907872694,29.355858727356058,0.0
I|beta_cdf|uniform_grid|cal|s3,I,beta_cdf,uniform_grid,cal,s3,30,particle,q0.95,30,0.9333333333333333,0.045542003404264876,-0.9337688859359349,2.8686954649359784,10.216781756296838,10.046353502409778,,0.0,,,1.950355972450423,3.900711944900846,0.36666666666666664,0.08798147953257401,16.33197260781031,0.06666666666666667,0.0,16.792629815745396,42.996314907872694,36.2741309468711,0.0
I|beta_cdf|uniform_grid|cal|s3,I,beta_cdf,uniform_grid,cal,s3,30,particle,q0.99,30,0.9333333333333333,0.045542003404264876,-1.2057905365976715,3.6886941476987904,13.909641861414816,13.057954929536834,,0.0,,,1.950355972450423,3.900711944900846,0.4,0.08944271909999159,21.293114742073815,0.06666666666666667,0.0,16.792629815745396,42.996314907872694,38.92787333480589,0.0
I|beta_cdf|uniform_grid|cal|s3,I,beta_cdf,uniform_grid,cal,s3,50,particle,q0.5,30,0.8666666666666667,0.06206328908341751,0.16194517063358943,1.289293198176742,4.276468864852135,4.303078958595403,2.5238625928067258,0.03333333333333333,0.03333333333333333,0.032773069341672505,1.950355972450423,3.900711944900846,0.03333333333333333,0.032773069341672505,4.880643622767102,0.0,0.0,16.332998324958126,43.39966499162479,29.355858727356058,0.0
I|beta_cdf|uniform_grid|cal|s3,I,beta_cdf,uniform_grid,cal,s3,50,particle,q0.95,30,0.9,0.054772255750516606,-0.9785741919098264,2.101981098575737,7.692316291341501,7.555936788487662,4.962188850452113,0.03333333333333333,0.03333333333333333,0.032773069341672505,1.950355972450423,3.900711944900846,0.3,0.08366600265340755,13.807234152657003,0.0,0.0,16.332998324958126,43.39966499162479,36.2741309468711,0.0
I|beta_cdf|uniform_grid|cal|s3,I,beta_cdf,uniform_grid,cal,s3,50,particle,q0.99,30,0.9,0.054772255750516606,-1.2428297740418168,2.7087526129354402,10.85571923006619,9.74795676440704,6.505481304742142,0.03333333333333333,0.03333333333333333,0.032773069341672505,1.950355972450423,3.900711944900846,0.36666666666666664,0.08798147953257401,17.58145457770862,0.0,0.0,16.332998324958126,43.39966499162479,38.92787333480589,0.0
I|beta_cdf|uniform_grid|cal|s3,I,beta_cdf,uniform_grid,cal,s3,50,ref,q0.5,30,0.8666666666666667,0.06206328908341751,0.17456400804719732,1.3153944027239426,4.283859408529074,4.31504947870919,2.5238625928067258,0.03333333333333333,0.03333333333333333,0.032773069341672505,1.950355972450423,3.900711944900846,0.03333333333333333,0.032773069341672505,4.9290262029710785,0.0,0.0,16.332998324958126,43.39966499162479,29.355858727356058,0.0
I|beta_cdf|uniform_grid|cal|s3,I,beta_cdf,uniform_grid,cal,s3,50,ref,q0.95,30,0.9,0.054772255750516606,-0.6959973219221297,2.0127200837180155,7.71092800119673,7.648030113611799,4.962188850452113,0.03333333333333333,0.03333333333333333,0.032773069341672505,1.950355972450423,3.900711944900846,0.26666666666666666,0.08073734277593311,12.193661228771644,0.0,0.0,16.332998324958126,43.39966499162479,36.2741309468711,0.0
I|beta_cdf|uniform_grid|cal|s3,I,beta_cdf,uniform_grid,cal,s3,50,ref,q0.99,30,0.9,0.054772255750516606,-0.8440576772715611,2.5847094443286642,10.07809397027373,9.888802681173953,6.505481304742142,0.03333333333333333,0.03333333333333333,0.032773069341672505,1.950355972450423,3.900711944900846,0.26666666666666666,0.08073734277593311,15.208199978540392,0.0,0.0,16.332998324958126,43.39966499162479,38.92787333480589,0.0
I|cloglog_0.5|entropy_q0.95|cal|s3,I,cloglog_0.5,entropy_q0.95,cal,s3,20,particle,q0.5,30,0.9666666666666667,0.0327730693416725,0.0630790869591151,1.4888817583031442,6.963584865900383,7.837094890159301,,0.0,,,1.593878054098293,3.187756108196586,0.2,0.07302967433402216,6.6821332689699195,0.06666666666666667,0.0,26.365159128978235,36.71155778894472,30.000000000018122,0.03333333333333333
I|cloglog_0.5|entropy_q0.95|cal|s3,I,cloglog_0.5,entropy_q0.95,cal,s3,20,particle,q0.95,30,1.0,0.0,0.1799229422783803,1.4655205468150134,8.114065854114587,8.36083933613876,,0.0,,,1.593878054098293,3.187756108196586,0.1,0.05477225575051661,5.372299017001979,0.06666666666666667,0.0,26.365159128978235,36.71155778894472,34.33525179345518,0.1
I|cloglog_0.5|entropy_q0.95|cal|s3,I,cloglog_0.5,entropy_q0.95,cal,s3,20,particle,q0.99,30,1.0,0.0,0.15987067662211535,2.0013170366707236,11.86926319051911,12.325229299145995,,0.0,,,1.593878054098293,3.187756108196586,0.3,0.08366600265340755,8.460680355778623,0.06666666666666667,0.0,26.365159128978235,36.71155778894472,36.19689957324815,0.3333333333333333
I|cloglog_0.5|entropy_q0.95|cal|s3,I,cloglog_0.5,entropy_q0.95,cal,s3,30,particle,q0.5,30,0.9333333333333333,0.045542003404264876,0.018434679514052376,1.384550800461582,5.735436426271959,5.850121270257027,,0.0,,,1.593878054098293,3.187756108196586,0.16666666666666666,0.06804138174397717,6.363103215386614,0.0,0.0,24.521943048576222,36.7537688442211,30.000000000018122,0.03333333333333333
I|cloglog_0.5|entropy_q0.95|cal|s3,I,cloglog_0.5,entropy_q0.95,cal,s3,30,particle,q0.95,30,0.9666666666666667,0.0327730693416725,-6.437660150263962e-05,1.088003911019628,5.769156387965148,5.958418451706402,,0.0,,,1.593878054098293,3.187756108196586,0.0,0.0,4.761883725038969,0.0,0.0,24.521943048576222,36.7537688442211,34.33525179345518,0.1
I|cloglog_0.5|entropy_q0.95|cal|s3,I,cloglog_0.5,entropy_q0.95,cal,s3,30,particle,q0.99,30,0.9666666666666667,0.0327730693416725,-0.08086076092576087,1.5125406543417037,8.428164155932556,8.548724895989082,,0.0,,,1.593878054098293,3.187756108196586,0.2,0.07302967433402216,6.678073991896073,0.0,0.0,24.521943048576222,36.7537688442211,36.19689957324815,0.3333333333333333
I|cloglog_0.5|entropy_q0.95|cal|s3,I,cloglog_0.5,entropy_q0.95,cal,s3,50,particle,q0.5,30,0.9,0.054772255750516606,-0.05109921034725626,1.1285321382049303,4.330252698390938,4.608896885938144,2.5238625928067258,0.1,0.06666666666666667,0.04554200340426488,1.593878054098293,3.187756108196586,0.1,0.05477225575051661,5.558459515072019,0.0,0.0,23.405695142378566,36.828810720268,30.000000000018122,0.0
I|cloglog_0.5|entropy_q0.95|cal|s3,I,cloglog_0.5,entropy_q0.95,cal,s3,50,particle,q0.95,30,1.0,0.0,0.03294055854058442,0.7768169243914801,4.106674692193598,4.310405366243277,4.962188850452113,0.7333333333333333,0.0,0.0,1.593878054098293,3.187756108196586,0.0,0.0,3.200936085870462,0.0,0.0,23.405695142378566,36.828810720268,34.33525179345518,0.06666666666666667
I|cloglog_0.5|entropy_q0.95|cal|s3,I,cloglog_0.5,entropy_q0.95,cal,s3,50,particle,q0.99,30,0.9333333333333333,0.045542003404264876,-0.00784924341048144,1.2716830164429238,5.907058620811496,6.236646468279943,6.505481304742142,0.6,0.06666666666666667,0.04554200340426488,1.593878054098293,3.187756108196586,0.1,0.05477225575051661,5.755606539550824,0.0,0.0,23.405695142378566,36.828810720268,36.19689957324815,0.3333333333333333
I|cloglog_0.5|entropy_q0.95|cal|s3,I,cloglog_0.5,entropy_q0.95,cal,s3,50,ref,q0.5,30,0.9,0.054772255750516606,-0.20271223899240134,1.1843500229886055,4.338485640922742,4.630240486619389,2.5238625928067258,0.06666666666666667,0.06666666666666667,0.04554200340426488,1.593878054098293,3.187756108196586,0.13333333333333333,0.06206328908341752,6.535869833630872,0.0,0.0,23.405695142378566,36.828810720268,30.000000000018122,0.0
I|cloglog_0.5|entropy_q0.95|cal|s3,I,cloglog_0.5,entropy_q0.95,cal,s3,50,ref,q0.95,30,1.0,0.0,0.15998535109839931,0.8179003229759568,4.117054265858969,4.341660405445605,4.962188850452113,0.7,0.0,0.0,1.593878054098293,3.187756108196586,0.0,0.0,2.663114115533526,0.0,0.0,23.405695142378566,36.828810720268,34.33525179345518,0.06666666666666667
I|cloglog_0.5|entropy_q0.95|cal|s3,I,cloglog_0.5,entropy_q0.95,cal,s3,50,ref,q0.99,30,0.9333333333333333,0.045542003404264876,0.2447876538730327,1.3595393807697342,5.929939405430736,6.180308206983057,6.505481304742142,0.5666666666666667,0.06666666666666667,0.04554200340426488,1.593878054098293,3.187756108196586,0.1,0.05477225575051661,4.882886436978458,0.0,0.0,23.405695142378566,36.828810720268,36.19689957324815,0.3333333333333333
I|cloglog_0.5|entropy_vector|cal|s3,I,cloglog_0.5,entropy_vector,cal,s3,20,particle,q0.5,30,0.9,0.054772255750516606,-0.14928386907728672,0.9540895719837477,4.396424898052644,4.612337918931029,,0.0,,,1.593878054098293,3.187756108196586,0.03333333333333333,0.032773069341672505,4.879214661694387,0.03333333333333333,0.0,24.976884422110555,34.73701842546063,30.000000000018122,0.0
I|cloglog_0.5|entropy_vector|cal|s3,I,cloglog_0.5,entropy_vector,cal,s3,20,particle,q0.95,30,0.9666666666666667,0.0327730693416725,0.03994760346075772,1.5847090146937008,10.612355879258509,10.898165821639026,,0.0,,,1.593878054098293,3.187756108196586,0.13333333333333333,0.06206328908341752,6.404466589159393,0.03333333333333333,0.0,24.976884422110555,34.73701842546063,34.33525179345518,0.23333333333333334
I|cloglog_0.5|entropy_vector|cal|s3,I,cloglog_0.5,entropy_vector,cal,s3,20,particle,q0.99,30,0.9666666666666667,0.0327730693416725,0.049347640848759394,2.1411533833508645,14.256613342130255,14.506608779143738,,0.0,,,1.593878054098293,3.187756108196586,0.23333333333333334,0.07722022379508468,8.948123018004985,0.03333333333333333,0.0,24.976884422110555,34.73701842546063,36.19689957324815,0.9666666666666667
I|cloglog_0.5|entropy_vector|cal|s3,I,cloglog_0.5,entropy_vector,cal,s3,30,particle,q0.5,30,0.9666666666666667,0.0327730693416725,-0.20790938957457464,0.7800879363210299,3.575064066719264,3.7893055384122043,,0.0,,,1.593878054098293,3.187756108196586,0.03333333333333333,0.032773069341672505,4.464177322335715,0.0,0.0,24.629815745393632,35.09346733668341,30.000000000018122,0.0
I|cloglog_0.5|entropy_vector|cal|s3,I,cloglog_0.5,entropy_vector,cal,s3,30,particle,q0.95,30,0.9666666666666667,0.0327730693416725,0.1823739653248026,1.3894159317052674,7.980276666406324,7.8223000682266,,0.0,,,1.593878054098293,3.187756108196586,0.1,0.05477225575051661,5.557029982979547,0.0,0.0,24.629815745393632,35.09346733668341,34.33525179345518,0.13333333333333333
I|cloglog_0.5|entropy_vector|cal|s3,I,cloglog_0.5,entropy_vector,cal,s3,30,particle,q0.99,30,1.0,0.0,0.2742050379808896,1.8577221968343811,10.646170928145759,10.43415585332637,,0.0,,,1.593878054098293,3.187756108196586,0.16666666666666666,0.06804138174397717,7.269402625345932,0.0,0.0,24.629815745393632,35.09346733668341,36.19689957324815,0.9
I|cloglog_0.5|entropy_vector|cal|s3,I,cloglog_0.5,entropy_vector,cal,s3,50,particle,q0.5,30,0.9333333333333333,0.045542003404264876,-0.31558592376041533,0.7460182661537722,2.728428670525466,2.79048265619428,2.5238625928067258,0.36666666666666664,0.06666666666666667,0.04554200340426488,1.593878054098293,3.187756108196586,0.03333333333333333,0.032773069341672505,4.839553395805095,0.0,0.0,24.399999999999995,35.130988274706866,30.000000000018122,0.0
I|cloglog_0.5|entropy_vector|cal|s3,I,cloglog_0.5,entropy_vector,cal,s3,50,particle,q0.95,30,1.0,0.0,0.12272984311385879,0.9622294411267199,5.554155531464931,5.48698347569384,4.962188850452113,0.23333333333333334,0.0,0.0,1.593878054098293,3.187756108196586,0.06666666666666667,0.04554200340426488,3.819201973708483,0.0,0.0,24.399999999999995,35.130988274706866,34.33525179345518,0.13333333333333333
I|cloglog_0.5|entropy_vector|cal|s3,I,cloglog_0.5,entropy_vector,cal,s3,50,particle,q0.99,30,1.0,0.0,0.23212382717466487,1.2181985582857253,7.353554249905445,7.252834675141935,6.505481304742142,0.2,0.0,0.0,1.593878054098293,3.187756108196586,0.06666666666666667,0.04554200340426488,4.573949021496798,0.0,0.0,24.399999999999995,35.130988274706866,36.19689957324815,0.9
I|cloglog_0.5|entropy_vector|cal|s3,I,cloglog_0.5,entropy_vector,cal,s3,50,ref,q0.5,30,0.9333333333333333,0.045542003404264876,-0.3122399383815441,0.7447882331034702,2.7296279353516955,2.787727735553087,2.5238625928067258,0.3333333333333333,0.06666666666666667,0.04554200340426488,1.593878054098293,3.187756108196586,0.03333333333333333,0.032773069341672505,4.820588622201447,0.0,0.0,24.399999999999995,35.130988274706866,30.000000000018122,0.0
I|cloglog_0.5|entropy_vector|cal|s3,I,cloglog_0.5,entropy_vector,cal,s3,50,ref,q0.95,30,1.0,0.0,0.3339554046823726,1.0328363708049686,5.525261808211467,5.460760650466492,4.962188850452113,0.23333333333333334,0.0,0.0,1.593878054098293,3.187756108196586,0.06666666666666667,0.04554200340426488,3.221307197042103,0.0,0.0,24.399999999999995,35.130988274706866,34.33525179345518,0.13333333333333333
I|cloglog_0.5|entropy_vector|cal|s3,I,cloglog_0.5,entropy_vector,cal,s3,50,ref,q0.99,30,1.0,0.0,0.5362162366222989,1.346668472563554,7.301118840079698,7.1993498672371885,6.505481304742142,0.2,0.0,0.0,1.593878054098293,3.187756108196586,0.06666666666666667,0.04554200340426488,3.755661940925099,0.0,0.0,24.399999999999995,35.130988274706866,36.19689957324815,0.9
I|cloglog_0.5|fixed_design|cal|s3,I,cloglog_0.5,fixed_design,cal,s3,20,particle,q0.5,30,1.0,0.0,-0.01997066035515201,1.0275678907111525,5.5320809039200665,5.4759574173697985,,0.0,,,1.593878054098293,3.187756108196586,0.06666666666666667,0.04554200340426488,4.544226547430671,0.0,0.0,26.39999999999999,33.60000000000001,30.000000000018122,0.0
I|cloglog_0.5|fixed_design|cal|s3,I,cloglog_0.5,fixed_design,cal,s3,20,particle,q0.95,30,0.9666666666666667,0.0327730693416725,1.39979760606614,2.4495484282319344,16.498692639473497,15.681872931160818,,0.0,,,1.593878054098293,3.187756108196586,0.0,0.0,2.608294112810692,0.0,0.0,26.39999999999999,33.60000000000001,34.33525179345518,1.0
I|cloglog_0.5|fixed_design|cal|s3,I,cloglog_0.5,fixed_design,cal,s3,20,particle,q0.99,30,0.9666666666666667,0.0327730693416725,1.9233334158054516,3.3984365869414126,22.678640064828453,21.84736487286901,,0.0,,,1.593878054098293,3.187756108196586,0.03333333333333333,0.032773069341672505,4.120330022025696,0.0,0.0,26.39999999999999,33.60000000000001,36.19689957324815,1.0
I|cloglog_0.5|fixed_design|cal|s3,I,cloglog_0.5,fixed_design,cal,s3,30,particle,q0.5,30,0.9666666666666667,0.0327730693416725,-0.16946651569178026,0.9144642363668136,3.9963639320473088,3.631315767555847,,0.0,,,1.593878054098293,3.187756108196586,0.1,0.05477225575051661,4.645648786201425,0.0,0.0,26.39999999999999,33.60000000000001,30.000000000018122,0.0
I|cloglog_0.5|fixed_design|cal|s3,I,cloglog_0.5,fixed_design,cal,s3,30,particle,q0.95,30,0.9666666666666667,0.0327730693416725,0.7261801935096258,1.8061183177236613,11.355932426069927,9.113814635336784,,0.0,,,1.593878054098293,3.187756108196586,0.0,0.0,3.6078615178087707,0.0,0.0,26.39999999999999,33.60000000000001,34.33525179345518,1.0
I|cloglog_0.5|fixed_design|cal|s3,I,cloglog_0.5,fixed_design,cal,s3,30,particle,q0.99,30,0.9333333333333333,0.045542003404264876,1.0339936546469068,2.585740758192973,15.678225430455363,12.852637303860373,,0.0,,,1.593878054098293,3.187756108196586,0.06666666666666667,0.04554200340426488,5.0079942518941385,0.0,0.0,26.39999999999999,33.60000000000001,36.19689957324815,1.0
I|cloglog_0.5|fixed_design|cal|s3,I,cloglog_0.5,fixed_design,cal,s3,50,particle,q0.5,30,0.9333333333333333,0.045542003404264876,-0.15316419192943526,0.7221836727929033,2.933944176277599,2.5681264550433074,2.5238625928067258,0.4666666666666667,0.03333333333333333,0.032773069341672505,1.593878054098293,3.187756108196586,0.03333333333333333,0.032773069341672505,3.6760824870462527,0.0,0.0,26.39999999999999,33.60000000000001,30.000000000018122,0.0
I|cloglog_0.5|fixed_design|cal|s3,I,cloglog_0.5,fixed_design,cal,s3,50,particle,q0.95,30,0.9333333333333333,0.045542003404264876,0.8003838833038247,1.7795149144870506,8.378889789743024,6.37414233275101,4.962188850452113,0.23333333333333334,0.0,0.0,1.593878054098293,3.187756108196586,0.03333333333333333,0.032773069341672505,3.378912530127665,0.0,0.0,26.39999999999999,33.60000000000001,34.33525179345518,1.0
I|cloglog_0.5|fixed_design|cal|s3,I,cloglog_0.5,fixed_design,cal,s3,50,particle,q0.99,30,0.9333333333333333,0.045542003404264876,1.1276429795713598,2.5094568189181925,11.558937230274728,8.694538587464677,6.505481304742142,0.2,0.0,0.0,1.593878054098293,3.187756108196586,0.06666666666666667,0.04554200340426488,4.909189621045235,0.0,0.0,26.39999999999999,33.60000000000001,36.19689957324815,1.0
I|cloglog_0.5|fixed_design|cal|s3,I,cloglog_0.5,fixed_design,cal,s3,50,ref,q0.5,30,0.9333333333333333,0.045542003404264876,-0.16940362126489733,0.7634404291246961,2.9479380695027304,2.5970365614534643,2.5238625928067258,0.4,0.03333333333333333,0.032773069341672505,1.593878054098293,3.187756108196586,0.03333333333333333,0.032773069341672505,3.8877844444961807,0.0,0.0,26.39999999999999,33.60000000000001,30.000000000018122,0.0
I|cloglog_0.5|fixed_design|cal|s3,I,cloglog_0.5,fixed_design,cal,s3,50,ref,q0.95,30,0.9333333333333333,0.045542003404264876,1.281320719932201,2.3141405586744983,8.4372462380899,6.4773975707165405,4.962188850452113,0.23333333333333334,0.0,0.0,1.593878054098293,3.187756108196586,0.0,0.0,3.1289085280053617,0.0,0.0,26.39999999999999,33.60000000000001,34.33525179345518,1.0
I|cloglog_0.5|fixed_design|cal|s3,I,cloglog_0.5,fixed_design,cal,s3,50,ref,q0.99,30,0.9333333333333333,0.045542003404264876,1.8169132689687568,3.2838652702763924,11.640909571775648,8.72756066032975,6.505481304742142,0.2,0.0,0.0,1.593878054098293,3.187756108196586,0.03333333333333333,0.032773069341672505,4.4582799220045795,0.0,0.0,26.39999999999999,33.60000000000001,36.19689957324815,1.0
I|cloglog_0.5|uniform_grid|cal|s3,I,cloglog_0.5,uniform_grid,cal,s3,20,particle,q0.5,30,0.9333333333333333,0.045542003404264876,-0.09773477266468393,1.7215010322211834,6.036969512710624,5.93480911317638,,0.0,,,1.593878054098293,3.187756108196586,0.2,0.07302967433402216,7.347315510577841,0.36666666666666664,0.0,17.360134003350087,42.52261306532663,30.000000000018122,0.0
I|cloglog_0.5|uniform_grid|cal|s3,I,cloglog_0.5,uniform_grid,cal,s3,20,particle,q0.95,30,0.9666666666666667,0.0327730693416725,-0.0018403388307355328,2.617812140534493,11.525577672757493,10.349018928859676,,0.0,,,1.593878054098293,3.187756108196586,0.23333333333333334,0.07722022379508468,10.503530124038909,0.36666666666666664,0.0,17.360134003350087,42.52261306532663,34.33525179345518,0.0
I|cloglog_0.5|uniform_grid|cal|s3,I,cloglog_0.5,uniform_grid,cal,s3,20,particle,q0.99,30,0.9666666666666667,0.0327730693416725,-0.027991235808285234,3.314396190515067,15.043248026681741,13.344506271629392,,0.0,,,1.593878054098293,3.187756108196586,0.3333333333333333,0.08606629658238704,13.392266964717246,0.36666666666666664,0.0,17.360134003350087,42.52261306532663,36.19689957324815,0.0
I|cloglog_0.5|uniform_grid|cal|s3,I,cloglog_0.5,uniform_grid,cal,s3,30,particle,q0.5,30,0.9,0.054772255750516606,-0.19856407168445475,1.5660371834507456,4.919178135147056,4.863108580853458,,0.0,,,1.593878054098293,3.187756108196586,0.13333333333333333,0.06206328908341752,7.199534945225008,0.13333333333333333,0.0,16.891122278056955,42.958793969849246,30.000000000018122,0.0
I|cloglog_0.5|uniform_grid|cal|s3,I,cloglog_0.5,uniform_grid,cal,s3,30,particle,q0.95,30,0.9333333333333333,0.045542003404264876,-0.08434771558644591,2.3164419871294997,9.133039537563958,8.329700392355962,,0.0,,,1.593878054098293,3.187756108196586,0.3,0.08366600265340755,10.860603203606416,0.13333333333333333,0.0,16.891122278056955,42.958793969849246,34.33525179345518,0.0
I|cloglog_0.5|uniform_grid|cal|s3,I,cloglog_0.5,uniform_grid,cal,s3,30,particle,q0.99,30,0.9666666666666667,0.0327730693416725,-0.09018663060068863,3.0274944006626825,12.43492292629344,10.904417465116078,,0.0,,,1.593878054098293,3.187756108196586,0.3,0.08366600265340755,14.031298750891446,0.13333333333333333,0.0,16.891122278056955,42.958793969849246,36.19689957324815,0.0
I|cloglog_0.5|uniform_grid|cal|s3,I,cloglog_0.5,uniform_grid,cal,s3,50,particle,q0.5,30,0.9,0.054772255750516606,-0.2789982367351704,1.0806002928734249,3.7422905261483614,3.712225370411927,2.5238625928067258,0.03333333333333333,0.0,0.0,1.593878054098293,3.187756108196586,0.1,0.05477225575051661,5.65889333441566,0.03333333333333333,0.0,16.426800670016753,43.54036850921272,30.000000000018122,0.0
I|cloglog_0.5|uniform_grid|cal|s3,I,cloglog_0.5,uniform_grid,cal,s3,50,particle,q0.95,30,0.9333333333333333,0.045542003404264876,-0.28171806343125766,1.755605621806011,6.829207784728821,6.680658321789291,4.962188850452113,0.06666666666666667,0.0,0.0,1.593878054098293,3.187756108196586,0.2,0.07302967433402216,8.544469851227053,0.03333333333333333,0.0,16.426800670016753,43.54036850921272,34.33525179345518,0.0
I|cloglog_0.5|uniform_grid|cal|s3,I,cloglog_0.5,uniform_grid,cal,s3,50,particle,q0.99,30,0.9333333333333333,0.045542003404264876,-0.34339603952918585,2.3034042154395618,9.698927597005392,8.701016491219548,6.505481304742142,0.06666666666666667,0.0,0.0,1.593878054098293,3.187756108196586,0.26666666666666666,0.08073734277593311,11.045591569211341,0.03333333333333333,0.0,16.426800670016753,43.54036850921272,36.19689957324815,0.0
I|cloglog_0.5|uniform_grid|cal|s3,I,cloglog_0.5,uniform_grid,cal,s3,50,ref,q0.5,30,0.9,0.054772255750516606,-0.2653574826250094,1.1217956298956524,3.7678858424518764,3.732724963255981,2.5238625928067258,0.03333333333333333,0.0,0.0,1.593878054098293,3.187756108196586,0.13333333333333333,0.06206328908341752,5.756317956875269,0.03333333333333333,0.0,16.426800670016753,43.54036850921272,30.000000000018122,0.0
I|cloglog_0.5|uniform_grid|cal|s3,I,cloglog_0.5,uniform_grid,cal,s3,50,ref,q0.95,30,0.9333333333333333,0.045542003404264876,-0.019244675565535017,1.7885574786738236,6.8829941470995015,6.754444067552534,4.962188850452113,0.06666666666666667,0.0,0.0,1.593878054098293,3.187756108196586,0.13333333333333333,0.06206328908341752,7.599659990791122,0.03333333333333333,0.0,16.426800670016753,43.54036850921272,34.33525179345518,0.0
I|cloglog_0.5|uniform_grid|cal|s3,I,cloglog_0.5,uniform_grid,cal,s3,50,ref,q0.99,30,0.9333333333333333,0.045542003404264876,0.017254326762067153,2.3418606512217988,8.940113472581697,8.764567433237035,6.505481304742142,0.06666666666666667,0.0,0.0,1.593878054098293,3.187756108196586,0.23333333333333334,0.07722022379508468,9.73745015516583,0.03333333333333333,0.0,16.426800670016753,43.54036850921272,36.19689957324815,0.0
I|cloglog_1.0|entropy_q0.95|cal|s3,I,cloglog_1.0,entropy_q0.95,cal,s3,20,particle,q0.5,30,0.9666666666666667,0.0327730693416725,-0.28757357640057074,1.3666008874580033,6.623942749663646,7.104131494710863,,0.0,,,1.6712869019405943,3.3425738038811885,0.16666666666666666,0.06804138174397717,7.450448283041264,0.1,0.0,26.0462311557789,36.24723618090453,30.000000000036525,0.0
I|cloglog_1.0|entropy_q0.95|cal|s3,I,cloglog_1.0,entropy_q0.95,cal,s3,20,particle,q0.95,30,0.9333333333333333,0.045542003404264876,0.04371638050802507,1.286884218819061,7.562042469782852,6.8544561725165405,,0.0,,,1.6712869019405943,3.3425738038811885,0.06666666666666667,0.04554200340426488,5.174330598676439,0.1,0.0,26.0462311557789,36.24723618090453,33.81468962342685,0.06666666666666667
I|cloglog_1.0|entropy_q0.95|cal|s3,I,cloglog_1.0,entropy_q0.95,cal,s3,20,particle,q0.99,30,0.9333333333333333,0.045542003404264876,0.6382301927576765,1.95455173036265,11.019702305269504,10.041580717422324,,0.0,,,1.6712869019405943,3.3425738038811885,0.1,0.05477225575051661,5.789045381066029,0.1,0.0,26.0462311557789,36.24723618090453,34.935329170425796,0.13333333333333333
I|cloglog_1.0|entropy_q0.95|cal|s3,I,cloglog_1.0,entropy_q0.95,cal,s3,30,particle,q0.5,30,0.9,0.054772255750516606,-0.3511560902656521,1.4073692631241497,5.367893550326413,5.782932643424219,,0.0,,,1.6712869019405943,3.3425738038811885,0.2,0.07302967433402216,8.169169637294054,0.0,0.0,24.367169179229485,36.28006700167504,30.000000000036525,0.0
I|cloglog_1.0|entropy_q0.95|cal|s3,I,cloglog_1.0,entropy_q0.95,cal,s3,30,particle,q0.95,30,0.9666666666666667,0.0327730693416725,-0.10858481993912103,1.0645925503261466,5.392126179320688,5.7007527038464705,,0.0,,,1.6712869019405943,3.3425738038811885,0.1,0.05477225575051661,5.10148342908325,0.0,0.0,24.367169179229485,36.28006700167504,33.81468962342685,0.03333333333333333
I|cloglog_1.0|entropy_q0.95|cal|s3,I,cloglog_1.0,entropy_q0.95,cal,s3,30,particle,q0.99,30,0.9333333333333333,0.045542003404264876,0.4430758279246672,1.521100835249381,7.864419022419418,8.247084766289614,,0.0,,,1.6712869019405943,3.3425738038811885,0.06666666666666667,0.04554200340426488,4.945747942925294,0.0,0.0,24.367169179229485,36.28006700167504,34.935329170425796,0.13333333333333333
I|cloglog_1.0|entropy_q0.95|cal|s3,I,cloglog_1.0,entropy_q0.95,cal,s3,50,particle,q0.5,30,0.9,0.054772255750516606,-0.3967204949034238,1.2503306797688285,4.189440135971636,4.165710876420576,2.5238625928067258,0.16666666666666666,0.06666666666666667,0.04554200340426488,1.6712869019405943,3.3425738038811885,0.13333333333333333,0.06206328908341752,7.486905701764832,0.0,0.0,23.185259631490787,36.31289782244556,30.000000000036525,0.0
I|cloglog_1.0|entropy_q0.95|cal|s3,I,cloglog_1.0,entropy_q0.95,cal,s3,50,particle,q0.95,30,0.9666666666666667,0.0327730693416725,0.037188926694816736,0.7637210600458291,3.906968183321398,3.900027582212873,4.962188850452113,0.8333333333333334,0.03333333333333333,0.032773069341672505,1.6712869019405943,3.3425738038811885,0.03333333333333333,0.032773069341672505,2.943493949337564,0.0,0.0,23.185259631490787,36.31289782244556,33.81468962342685,0.0
I|cloglog_1.0|entropy_q0.95|cal|s3,I,cloglog_1.0,entropy_q0.95,cal,s3,50,particle,q0.99,30,0.9333333333333333,0.045542003404264876,0.6619508544793393,1.3910292006641585,5.629410388392217,5.5491245198360595,6.505481304742142,0.7,0.03333333333333333,0.032773069341672505,1.6712869019405943,3.3425738038811885,0.03333333333333333,0.032773069341672505,2.8794321812505195,0.0,0.0,23.185259631490787,36.31289782244556,34.935329170425796,0.13333333333333333
I|cloglog_1.0|entropy_q0.95|cal|s3,I,cloglog_1.0,entropy_q0.95,cal,s3,50,ref,q0.5,30,0.9,0.054772255750516606,-0.5470661472842961,1.3498218078472315,4.198783771846235,4.2166613965134445,2.5238625928067258,0.13333333333333333,0.06666666666666667,0.04554200340426488,1.6712869019405943,3.3425738038811885,0.16666666666666666,0.06804138174397717,8.677979013138666,0.0,0.0,23.185259631490787,36.31289782244556,30.000000000036525,0.0
I|cloglog_1.0|entropy_q0.95|cal|s3,I,cloglog_1.0,entropy_q0.95,cal,s3,50,ref,q0.95,30,0.9666666666666667,0.0327730693416725,0.15535596434053928,0.794393328656141,3.923935151001603,3.85448585532955,4.962188850452113,0.8,0.03333333333333333,0.032773069341672505,1.6712869019405943,3.3425738038811885,0.03333333333333333,0.032773069341672505,2.495016929564603,0.0,0.0,23.185259631490787,36.31289782244556,33.81468962342685,0.0
I|cloglog_1.0|entropy_q0.95|cal|s3,I,cloglog_1.0,entropy_q0.95,cal,s3,50,ref,q0.99,30,0.9333333333333333,0.045542003404264876,0.9062420111284089,1.5733306896544408,5.664428995767969,5.582218011875604,6.505481304742142,0.7,0.03333333333333333,0.032773069341672505,1.6712869019405943,3.3425738038811885,0.03333333333333333,0.032773069341672505,2.559590395042067,0.0,0.0,23.185259631490787,36.31289782244556,34.935329170425796,0.13333333333333333
I|cloglog_1.0|entropy_vector|cal|s3,I,cloglog_1.0,entropy_vector,cal,s3,20,particle,q0.5,30,0.9333333333333333,0.045542003404264876,-0.3553456158432973,1.0235878293977994,4.665600343622651,4.8421316639740954,,0.0,,,1.6712869019405943,3.3425738038811885,0.03333333333333333,0.032773069341672505,6.15825634528892,0.0,0.0,24.58291457286432,34.826130653266326,30.000000000036525,0.0
I|cloglog_1.0|entropy_vector|cal|s3,I,cloglog_1.0,entropy_vector,cal,s3,20,particle,q0.95,30,0.9666666666666667,0.0327730693416725,0.6699964461647471,1.5514815362409855,11.32328718133126,11.218939890503332,,0.0,,,1.6712869019405943,3.3425738038811885,0.1,0.05477225575051661,3.832106667450235,0.0,0.0,24.58291457286432,34.826130653266326,33.81468962342685,0.13333333333333333
I|cloglog_1.0|entropy_vector|cal|s3,I,cloglog_1.0,entropy_vector,cal,s3,20,particle,q0.99,30,0.9666666666666667,0.0327730693416725,1.5510744560382415,2.402873177833829,15.21359092920258,15.179895354161903,,0.0,,,1.6712869019405943,3.3425738038811885,0.1,0.05477225575051661,3.921095056854155,0.0,0.0,24.58291457286432,34.826130653266326,34.935329170425796,0.6
I|cloglog_1.0|entropy_vector|cal|s3,I,cloglog_1.0,entropy_vector,cal,s3,30,particle,q0.5,30,0.9666666666666667,0.0327730693416725,-0.4752594349868725,0.9123443777161647,3.714054185081874,3.766282713669778,,0.0,,,1.6712869019405943,3.3425738038811885,0.06666666666666667,0.04554200340426488,6.271790589272243,0.0,0.0,24.0857621440536,35.06063651591289,30.000000000036525,0.0
I|cloglog_1.0|entropy_vector|cal|s3,I,cloglog_1.0,entropy_vector,cal,s3,30,particle,q0.95,30,1.0,0.0,0.6236507944509231,1.3515900885674719,8.180771065330948,8.035761408027398,,0.0,,,1.6712869019405943,3.3425738038811885,0.03333333333333333,0.032773069341672505,3.2418536571122845,0.0,0.0,24.0857621440536,35.06063651591289,33.81468962342685,0.06666666666666667
I|cloglog_1.0|entropy_vector|cal|s3,I,cloglog_1.0,entropy_vector,cal,s3,30,particle,q0.99,30,0.9333333333333333,0.045542003404264876,1.5309096404505858,2.186132304452412,10.923753071767607,10.643664605258326,,0.0,,,1.6712869019405943,3.3425738038811885,0.0,0.0,2.8051133543303384,0.0,0.0,24.0857621440536,35.06063651591289,34.935329170425796,0.5
I|cloglog_1.0|entropy_vector|cal|s3,I,cloglog_1.0,entropy_vector,cal,s3,50,particle,q0.5,30,0.9666666666666667,0.0327730693416725,-0.5469582314700604,0.8216228039418861,2.8176625121368186,2.78684718599399,2.5238625928067258,0.26666666666666666,0.0,0.0,1.6712869019405943,3.3425738038811885,0.0,0.0,6.205320183481773,0.0,0.0,23.851256281407032,35.10284757118927,30.000000000036525,0.0
I|cloglog_1.0|entropy_vector|cal|s3,I,cloglog_1.0,entropy_vector,cal,s3,50,particle,q0.95,30,1.0,0.0,0.6050456595752851,0.8482239105657708,5.703077510125128,5.6041521157813,4.962188850452113,0.23333333333333334,0.0,0.0,1.6712869019405943,3.3425738038811885,0.0,0.0,1.3228236282838637,0.0,0.0,23.851256281407032,35.10284757118927,33.81468962342685,0.06666666666666667
I|cloglog_1.0|entropy_vector|cal|s3,I,cloglog_1.0,entropy_vector,cal,s3,50,particle,q0.99,30,1.0,0.0,1.5361482352754188,1.723388384361467,7.557728938206941,7.411528573379989,6.505481304742142,0.23333333333333334,0.0,0.0,1.6712869019405943,3.3425738038811885,0.0,0.0,1.5361482352754188,0.0,0.0,23.851256281407032,35.10284757118927,34.935329170425796,0.4666666666666667
I|cloglog_1.0|entropy_vector|cal|s3,I,cloglog_1.0,entropy_vector,cal,s3,50,ref,q0.5,30,0.9333333333333333,0.045542003404264876,-0.5442542203104371,0.8183356022203301,2.8249682229292725,2.787727735553087,2.5238625928067258,0.26666666666666666,0.0,0.0,1.6712869019405943,3.3425738038811885,0.0,0.0,6.181625897055726,0.0,0.0,23.851256281407032,35.10284757118927,30.000000000036525,0.0
I|cloglog_1.0|entropy_vector|cal|s3,I,cloglog_1.0,entropy_vector,cal,s3,50,ref,q0.95,30,1.0,0.0,0.8230645041196885,1.035041449813047,5.696855896587664,5.538213240787979,4.962188850452113,0.2,0.0,0.0,1.6712869019405943,3.3425738038811885,0.0,0.0,1.2519933514343966,0.0,0.0,23.851256281407032,35.10284757118927,33.81468962342685,0.06666666666666667
I|cloglog_1.0|entropy_vector|cal|s3,I,cloglog_1.0,entropy_vector,cal,s3,50,ref,q0.99,30,1.0,0.0,1.8494299060984505,2.031699226859343,7.537303149074336,7.3072565218226195,6.505481304742142,0.23333333333333334,0.0,0.0,1.6712869019405943,3.3425738038811885,0.0,0.0,1.8494299060984505,0.0,0.0,23.851256281407032,35.10284757118927,34.935329170425796,0.4666666666666667
I|cloglog_1.0|fixed_design|cal|s3,I,cloglog_1.0,fixed_design,cal,s3,20,particle,q0.5,30,1.0,0.0,-0.23765811682713836,1.0307925908598183,5.486127436233051,4.8541817852068565,,0.0,,,1.6712869019405943,3.3425738038811885,0.06666666666666667,0.04554200340426488,5.575605700204312,0.0,0.0,26.39999999999999,33.60000000000001,30.000000000036525,0.0
I|cloglog_1.0|fixed_design|cal|s3,I,cloglog_1.0,fixed_design,cal,s3,20,particle,q0.95,30,0.8666666666666667,0.06206328908341751,1.6207958291925049,2.4312664805327553,16.07963660742335,13.789536287512918,,0.0,,,1.6712869019405943,3.3425738038811885,0.0,0.0,2.7242738730389133,0.0,0.0,26.39999999999999,33.60000000000001,33.81468962342685,1.0
I|cloglog_1.0|fixed_design|cal|s3,I,cloglog_1.0,fixed_design,cal,s3,20,particle,q0.99,30,0.8333333333333334,0.06804138174397716,2.8531897312453536,3.853933588986289,22.19866896860265,18.909752738201725,,0.0,,,1.6712869019405943,3.3425738038811885,0.0,0.0,3.6246655009777604,0.0,0.0,26.39999999999999,33.60000000000001,34.935329170425796,1.0
I|cloglog_1.0|fixed_design|cal|s3,I,cloglog_1.0,fixed_design,cal,s3,30,particle,q0.5,30,0.9333333333333333,0.045542003404264876,-0.3196311393854431,0.9336959036930705,3.9166759859207785,3.571140590001793,,0.0,,,1.6712869019405943,3.3425738038811885,0.13333333333333333,0.06206328908341752,5.296421546433959,0.0,0.0,26.39999999999999,33.60000000000001,30.000000000036525,0.0
I|cloglog_1.0|fixed_design|cal|s3,I,cloglog_1.0,fixed_design,cal,s3,30,particle,q0.95,30,0.9666666666666667,0.0327730693416725,0.9588101010159643,1.7506332785920817,10.775435869844763,8.975135283367011,,0.0,,,1.6712869019405943,3.3425738038811885,0.03333333333333333,0.032773069341672505,2.1289384686461577,0.0,0.0,26.39999999999999,33.60000000000001,33.81468962342685,1.0
I|cloglog_1.0|fixed_design|cal|s3,I,cloglog_1.0,fixed_design,cal,s3,30,particle,q0.99,30,0.8666666666666667,0.06206328908341751,1.950930141940838,2.910351439372121,14.89286975915251,12.498625855822858,,0.0,,,1.6712869019405943,3.3425738038811885,0.0,0.0,2.963483703926795,0.0,0.0,26.39999999999999,33.60000000000001,34.935329170425796,1.0
I|cloglog_1.0|fixed_design|cal|s3,I,cloglog_1.0,fixed_design,cal,s3,50,particle,q0.5,30,0.9333333333333333,0.045542003404264876,-0.31773097254344607,0.7335775750722241,2.8186879600267005,2.623282395927479,2.5238625928067258,0.36666666666666664,0.0,0.0,1.6712869019405943,3.3425738038811885,0.03333333333333333,0.032773069341672505,4.680998890303637,0.0,0.0,26.39999999999999,33.60000000000001,30.000000000036525,0.0
I|cloglog_1.0|fixed_design|cal|s3,I,cloglog_1.0,fixed_design,cal,s3,50,particle,q0.95,30,0.9333333333333333,0.045542003404264876,0.9499537960768802,1.6401481099026975,7.639324646990875,6.570387706038698,4.962188850452113,0.23333333333333334,0.0,0.0,1.6712869019405943,3.3425738038811885,0.0,0.0,1.9711430493967306,0.0,0.0,26.39999999999999,33.60000000000001,33.81468962342685,1.0
I|cloglog_1.0|fixed_design|cal|s3,I,cloglog_1.0,fixed_design,cal,s3,50,particle,q0.99,30,0.8333333333333334,0.06804138174397716,1.931599244880578,2.727798016199876,10.55175880885477,9.024653781376994,6.505481304742142,0.2,0.0,0.0,1.6712869019405943,3.3425738038811885,0.0,0.0,2.352329327112676,0.0,0.0,26.39999999999999,33.60000000000001,34.935329170425796,1.0
I|cloglog_1.0|fixed_design|cal|s3,I,cloglog_1.0,fixed_design,cal,s3,50,ref,q0.5,30,0.9333333333333333,0.045542003404264876,-0.33768609773454955,0.7723926180915468,2.8305002591012696,2.623278961365724,2.5238625928067258,0.4,0.03333333333333333,0.032773069341672505,1.6712869019405943,3.3425738038811885,0.03333333333333333,0.032773069341672505,4.936785608995362,0.0,0.0,26.39999999999999,33.60000000000001,30.000000000036525,0.0
I|cloglog_1.0|fixed_design|cal|s3,I,cloglog_1.0,fixed_design,cal,s3,50,ref,q0.95,30,0.9333333333333333,0.045542003404264876,1.3729642975867251,2.1306718083717215,7.684741907208229,6.87343876520206,4.962188850452113,0.23333333333333334,0.0,0.0,1.6712869019405943,3.3425738038811885,0.0,0.0,2.0111032058767697,0.0,0.0,26.39999999999999,33.60000000000001,33.81468962342685,1.0
I|cloglog_1.0|fixed_design|cal|s3,I,cloglog_1.0,fixed_design,cal,s3,50,ref,q0.99,30,0.8666666666666667,0.06206328908341751,2.541578562760419,3.465792439556237,10.621197359144226,9.439406857547251,6.505481304742142,0.2,0.0,0.0,1.6712869019405943,3.3425738038811885,0.0,0.0,2.755602383978837,0.0,0.0,26.39999999999999,33.60000000000001,34.935329170425796,1.0
I|cloglog_1.0|uniform_grid|cal|s3,I,cloglog_1.0,uniform_grid,cal,s3,20,particle,q0.5,30,0.9666666666666667,0.0327730693416725,-0.5490787948782615,1.5852624579445393,6.468692440162469,6.312719703495681,,0.0,,,1.6712869019405943,3.3425738038811885,0.26666666666666666,0.08073734277593311,9.085707117979023,0.2,0.0,17.139698492462312,42.33500837520938,30.000000000036525,0.0
I|cloglog_1.0|uniform_grid|cal|s3,I,cloglog_1.0,uniform_grid,cal,s3,20,particle,q0.95,30,0.9666666666666667,0.0327730693416725,0.918266576661937,2.8111806135157646,12.617432225350312,12.507203643097547,,0.0,,,1.6712869019405943,3.3425738038811885,0.16666666666666666,0.06804138174397717,7.3708057631974215,0.2,0.0,17.139698492462312,42.33500837520938,33.81468962342685,0.0
I|cloglog_1.0|uniform_grid|cal|s3,I,cloglog_1.0,uniform_grid,cal,s3,20,particle,q0.99,30,0.9,0.054772255750516606,1.9797819633630598,4.04626255670458,16.50239264396403,16.405151018496,,0.0,,,1.6712869019405943,3.3425738038811885,0.13333333333333333,0.06206328908341752,7.725234424705992,0.2,0.0,17.139698492462312,42.33500837520938,34.935329170425796,0.0
I|cloglog_1.0|uniform_grid|cal|s3,I,cloglog_1.0,uniform_grid,cal,s3,30,particle,q0.5,30,0.9333333333333333,0.045542003404264876,-0.5137509294234365,1.4583705083570981,5.231991692090935,5.186657032531944,,0.0,,,1.6712869019405943,3.3425738038811885,0.16666666666666666,0.06804138174397717,8.438270636452193,0.13333333333333333,0.0,16.92395309882747,42.789949748743716,30.000000000036525,0.0
I|cloglog_1.0|uniform_grid|cal|s3,I,cloglog_1.0,uniform_grid,cal,s3,30,particle,q0.95,30,0.9,0.054772255750516606,0.8173550371589743,2.6319451885718013,9.863997611772337,9.328155866067643,,0.0,,,1.6712869019405943,3.3425738038811885,0.16666666666666666,0.06804138174397717,8.177886117362307,0.13333333333333333,0.0,16.92395309882747,42.789949748743716,33.81468962342685,0.0
I|cloglog_1.0|uniform_grid|cal|s3,I,cloglog_1.0,uniform_grid,cal,s3,30,particle,q0.99,30,0.8666666666666667,0.06206328908341751,1.8330827753209964,3.8443175956652444,13.414694830675137,12.069838547739245,,0.0,,,1.6712869019405943,3.3425738038811885,0.16666666666666666,0.06804138174397717,8.642881820924883,0.13333333333333333,0.0,16.92395309882747,42.789949748743716,34.935329170425796,0.0
I|cloglog_1.0|uniform_grid|cal|s3,I,cloglog_1.0,uniform_grid,cal,s3,50,particle,q0.5,30,0.9333333333333333,0.045542003404264876,-0.5025834927184761,1.029262659105772,4.025084466068809,3.9859266840757464,2.5238625928067258,0.03333333333333333,0.0,0.0,1.6712869019405943,3.3425738038811885,0.13333333333333333,0.06206328908341752,6.710137946957548,0.03333333333333333,0.0,16.412730318257957,43.45594639865996,30.000000000036525,0.0
I|cloglog_1.0|uniform_grid|cal|s3,I,cloglog_1.0,uniform_grid,cal,s3,50,particle,q0.95,30,0.9,0.054772255750516606,0.8676598039817581,2.0914689107825213,7.49096165153061,7.555936788487662,4.962188850452113,0.03333333333333333,0.0,0.0,1.6712869019405943,3.3425738038811885,0.1,0.05477225575051661,5.934617920171178,0.03333333333333333,0.0,16.412730318257957,43.45594639865996,33.81468962342685,0.0
I|cloglog_1.0|uniform_grid|cal|s3,I,cloglog_1.0,uniform_grid,cal,s3,50,particle,q0.99,30,0.8,0.07302967433402215,1.8953249099460001,3.2240704460755776,10.5575043630885,9.74795676440704,6.505481304742142,0.03333333333333333,0.0,0.0,1.6712869019405943,3.3425738038811885,0.1,0.05477225575051661,6.641865260436985,0.03333333333333333,0.0,16.412730318257957,43.45594639865996,34.935329170425796,0.0
I|cloglog_1.0|uniform_grid|cal|s3,I,cloglog_1.0,uniform_grid,cal,s3,50,ref,q0.5,30,0.9333333333333333,0.045542003404264876,-0.49039992332456633,1.0730497350736432,4.0540741017423345,3.9556063300690063,2.5238625928067258,0.03333333333333333,0.0,0.0,1.6712869019405943,3.3425738038811885,0.13333333333333333,0.06206328908341752,6.804766020185539,0.03333333333333333,0.0,16.412730318257957,43.45594639865996,30.000000000036525,0.0
I|cloglog_1.0|uniform_grid|cal|s3,I,cloglog_1.0,uniform_grid,cal,s3,50,ref,q0.95,30,0.9333333333333333,0.045542003404264876,1.1370075881927184,2.2637197510646616,7.538876472493954,7.648030113611799,4.962188850452113,0.03333333333333333,0.0,0.0,1.6712869019405943,3.3425738038811885,0.1,0.05477225575051661,5.575480110331909,0.03333333333333333,0.0,16.412730318257957,43.45594639865996,33.81468962342685,0.0
I|cloglog_1.0|uniform_grid|cal|s3,I,cloglog_1.0,uniform_grid,cal,s3,50,ref,q0.99,30,0.8,0.07302967433402215,2.271132738046949,3.504762192447736,9.786698601392398,9.883862352705997,6.505481304742142,0.03333333333333333,0.0,0.0,1.6712869019405943,3.3425738038811885,0.06666666666666667,0.04554200340426488,6.266653849925938,0.03333333333333333,0.0,16.412730318257957,43.45594639865996,34.935329170425796,0.0
I|logistic_0.5|entropy_q0.95|cal|s3,I,logistic_0.5,entropy_q0.95,cal,s3,20,particle,q0.5,30,1.0,0.0,0.4256610296989695,1.3944907128175743,7.350067170332208,7.981477583909253,,0.0,,,1.605746104537992,3.211492209075984,0.06666666666666667,0.04554200340426488,4.722896040071377,0.03333333333333333,0.0,26.426130653266334,37.01641541038525,30.0,0.03333333333333333
I|logistic_0.5|entropy_q0.95|cal|s3,I,logistic_0.5,entropy_q0.95,cal,s3,20,particle,q0.95,30,1.0,0.0,-0.07278143152732497,1.4380538950320092,8.720327098091984,8.670716143292275,,0.0,,,1.605746104537992,3.211492209075984,0.13333333333333333,0.06206328908341752,6.7833753490372874,0.03333333333333333,0.0,26.426130653266334,37.01641541038525,35.21198473697024,0.1
I|logistic_0.5|entropy_q0.95|cal|s3,I,logistic_0.5,entropy_q0.95,cal,s3,20,particle,q0.99,30,1.0,0.0,-0.7215911736187732,1.9972577075910112,12.779426212198086,12.786586423717043,,0.0,,,1.605746104537992,3.211492209075984,0.3,0.08366600265340755,12.491466161524661,0.03333333333333333,0.0,26.426130653266334,37.01641541038525,37.815574562163114,0.8
I|logistic_0.5|entropy_q0.95|cal|s3,I,logistic_0.5,entropy_q0.95,cal,s3,30,particle,q0.5,30,0.9666666666666667,0.0327730693416725,0.18018928227953357,1.442944718157263,6.3008757993869295,6.62834908961411,,0.0,,,1.605746104537992,3.211492209075984,0.16666666666666666,0.06804138174397717,6.083072200083565,0.0,0.0,24.17956448911223,37.32127303182579,30.0,0.03333333333333333
I|logistic_0.5|entropy_q0.95|cal|s3,I,logistic_0.5,entropy_q0.95,cal,s3,30,particle,q0.95,30,0.9,0.054772255750516606,-0.016030714247504817,1.4080494271284267,6.682373298808121,6.708267472958823,,0.0,,,1.605746104537992,3.211492209075984,0.1,0.05477225575051661,6.6899489581644636,0.0,0.0,24.17956448911223,37.32127303182579,35.21198473697024,0.1
I|logistic_0.5|entropy_q0.95|cal|s3,I,logistic_0.5,entropy_q0.95,cal,s3,30,particle,q0.99,30,0.9666666666666667,0.0327730693416725,-0.5520314200175261,2.031247193280396,9.759904270234829,9.774292844860092,,0.0,,,1.605746104537992,3.211492209075984,0.36666666666666664,0.08798147953257401,12.237272431679544,0.0,0.0,24.17956448911223,37.32127303182579,37.815574562163114,0.6666666666666666
I|logistic_0.5|entropy_q0.95|cal|s3,I,logistic_0.5,entropy_q0.95,cal,s3,50,particle,q0.5,30,0.9666666666666667,0.0327730693416725,0.13182294028832414,1.0043961227079283,4.967824200506573,4.914260207739376,2.5238625928067258,0.0,0.0,0.0,1.605746104537992,3.211492209075984,0.06666666666666667,0.04554200340426488,4.142456751269745,0.0,0.0,22.795979899497485,37.443216080402,30.0,0.0
I|logistic_0.5|entropy_q0.95|cal|s3,I,logistic_0.5,entropy_q0.95,cal,s3,50,particle,q0.95,30,0.9666666666666667,0.0327730693416725,-0.007778159805581453,1.0347170168422581,4.674486517146013,4.5434187128977825,4.962188850452113,0.6666666666666666,0.03333333333333333,0.032773069341672505,1.605746104537992,3.211492209075984,0.03333333333333333,0.032773069341672505,4.7262901208249,0.0,0.0,22.795979899497485,37.443216080402,35.21198473697024,0.03333333333333333
I|logistic_0.5|entropy_q0.95|cal|s3,I,logistic_0.5,entropy_q0.95,cal,s3,50,particle,q0.99,30,0.9333333333333333,0.045542003404264876,-0.5186204869635577,1.6319228287715688,6.782047677091193,6.564362956938105,6.505481304742142,0.5,0.06666666666666667,0.04554200340426488,1.605746104537992,3.211492209075984,0.3,0.08366600265340755,9.907587038689075,0.0,0.0,22.795979899497485,37.443216080402,37.815574562163114,0.6666666666666666
I|logistic_0.5|entropy_q0.95|cal|s3,I,logistic_0.5,entropy_q0.95,cal,s3,50,ref,q0.5,30,0.9666666666666667,0.0327730693416725,-0.048187773515187854,1.0268122457038877,4.9724303073518294,4.9170146608461955,2.5238625928067258,0.0,0.0,0.0,1.605746104537992,3.211492209075984,0.1,0.05477225575051661,5.043934262203124,0.0,0.0,22.795979899497485,37.443216080402,30.0,0.0
I|logistic_0.5|entropy_q0.95|cal|s3,I,logistic_0.5,entropy_q0.95,cal,s3,50,ref,q0.95,30,0.9666666666666667,0.0327730693416725,0.14320204112568338,1.0778244859452948,4.6895387669033815,4.547701204867554,4.962188850452113,0.6333333333333333,0.03333333333333333,0.032773069341672505,1.605746104537992,3.211492209075984,0.03333333333333333,0.032773069341672505,4.3292096724884646,0.0,0.0,22.795979899497485,37.443216080402,35.21198473697024,0.03333333333333333
I|logistic_0.5|entropy_q0.95|cal|s3,I,logistic_0.5,entropy_q0.95,cal,s3,50,ref,q0.99,30,0.9333333333333333,0.045542003404264876,-0.22166659243331802,1.6412274094345616,6.800914308600162,6.570213674195031,6.505481304742142,0.4666666666666667,0.06666666666666667,0.04554200340426488,1.605746104537992,3.211492209075984,0.2,0.07302967433402216,8.464371804553695,0.0,0.0,22.795979899497485,37.443216080402,37.815574562163114,0.6666666666666666
I|logistic_0.5|entropy_vector|cal|s3,I,logistic_0.5,entropy_vector,cal,s3,20,particle,q0.5,30,0.9333333333333333,0.045542003404264876,0.12843323591671982,0.9107681096096034,4.582247019799807,4.701281716747326,,0.0,,,1.605746104537992,3.211492209075984,0.0,0.0,3.6508910643491905,0.03333333333333333,0.0,25.000335008375213,35.18726968174204,30.0,0.0
I|logistic_0.5|entropy_vector|cal|s3,I,logistic_0.5,entropy_vector,cal,s3,20,particle,q0.95,30,0.9666666666666667,0.0327730693416725,-0.3405162231041166,1.8547344212172778,10.977955339443104,11.13033899627872,,0.0,,,1.605746104537992,3.211492209075984,0.2,0.07302967433402216,9.548440121652314,0.03333333333333333,0.0,25.000335008375213,35.18726968174204,35.21198473697024,0.5333333333333333
I|logistic_0.5|entropy_vector|cal|s3,I,logistic_0.5,entropy_vector,cal,s3,20,particle,q0.99,30,0.9666666666666667,0.0327730693416725,-0.9795263253337421,2.623216196130905,14.760173258922608,15.068102631225997,,0.0,,,1.605746104537992,3.211492209075984,0.4,0.08944271909999159,15.539617652783505,0.03333333333333333,0.0,25.000335008375213,35.18726968174204,37.815574562163114,0.9333333333333333
I|logistic_0.5|entropy_vector|cal|s3,I,logistic_0.5,entropy_vector,cal,s3,30,particle,q0.5,30,0.9333333333333333,0.045542003404264876,0.13943700633138445,0.8015826530176013,3.615689698438042,3.819297896711875,,0.0,,,1.605746104537992,3.211492209075984,0.03333333333333333,0.032773069341672505,2.769215354213883,0.0,0.0,24.700167504187608,35.45460636515913,30.0,0.0
I|logistic_0.5|entropy_vector|cal|s3,I,logistic_0.5,entropy_vector,cal,s3,30,particle,q0.95,30,0.9666666666666667,0.0327730693416725,-0.30589085576073577,1.4533895487295152,7.95620194525283,7.974202999653674,,0.0,,,1.605746104537992,3.211492209075984,0.16666666666666666,0.06804138174397717,7.4228743938126645,0.0,0.0,24.700167504187608,35.45460636515913,35.21198473697024,0.4666666666666667
I|logistic_0.5|entropy_vector|cal|s3,I,logistic_0.5,entropy_vector,cal,s3,30,particle,q0.99,30,0.9666666666666667,0.0327730693416725,-0.9384222369123693,2.051433808269751,10.600819817780009,10.697565513636427,,0.0,,,1.605746104537992,3.211492209075984,0.3333333333333333,0.08606629658238704,12.91638172636724,0.0,0.0,24.700167504187608,35.45460636515913,37.815574562163114,0.9333333333333333
I|logistic_0.5|entropy_vector|cal|s3,I,logistic_0.5,entropy_vector,cal,s3,50,particle,q0.5,30,0.9,0.054772255750516606,0.051293834372993646,0.6374585488844069,2.7528595130360314,2.8124111087871526,2.5238625928067258,0.23333333333333334,0.06666666666666667,0.04554200340426488,1.605746104537992,3.211492209075984,0.0,0.0,2.540585560490345,0.0,0.0,24.540703517587943,35.48743718592964,30.0,0.0
I|logistic_0.5|entropy_vector|cal|s3,I,logistic_0.5,entropy_vector,cal,s3,50,particle,q0.95,30,0.9666666666666667,0.0327730693416725,-0.3386982398660083,1.1731721421397814,5.536344895532552,5.572022885451439,4.962188850452113,0.26666666666666666,0.03333333333333333,0.032773069341672505,1.605746104537992,3.211492209075984,0.13333333333333333,0.06206328908341752,6.2167202961906165,0.0,0.0,24.540703517587943,35.48743718592964,35.21198473697024,0.4666666666666667
I|logistic_0.5|entropy_vector|cal|s3,I,logistic_0.5,entropy_vector,cal,s3,50,particle,q0.99,30,0.9666666666666667,0.0327730693416725,-0.9480904317822066,1.7187883415252745,7.31967484186543,7.363954255466485,6.505481304742142,0.26666666666666666,0.03333333333333333,0.032773069341672505,1.605746104537992,3.211492209075984,0.26666666666666666,0.08073734277593311,11.39745509997301,0.0,0.0,24.540703517587943,35.48743718592964,37.815574562163114,0.9333333333333333
I|logistic_0.5|entropy_vector|cal|s3,I,logistic_0.5,entropy_vector,cal,s3,50,ref,q0.5,30,0.9,0.054772255750516606,0.05208233302038951,0.6414378549476124,2.750127263422086,2.8055377625505162,2.5238625928067258,0.23333333333333334,0.06666666666666667,0.04554200340426488,1.605746104537992,3.211492209075984,0.0,0.0,2.552597938267413,0.0,0.0,24.540703517587943,35.48743718592964,30.0,0.0
I|logistic_0.5|entropy_vector|cal|s3,I,logistic_0.5,entropy_vector,cal,s3,50,ref,q0.95,30,0.9666666666666667,0.0327730693416725,-0.13005207103096528,1.157848811300549,5.550438004280844,5.498498049583894,4.962188850452113,0.26666666666666666,0.03333333333333333,0.032773069341672505,1.605746104537992,3.211492209075984,0.06666666666666667,0.04554200340426488,5.1938225325725655,0.0,0.0,24.540703517587943,35.48743718592964,35.21198473697024,0.4666666666666667
I|logistic_0.5|entropy_vector|cal|s3,I,logistic_0.5,entropy_vector,cal,s3,50,ref,q0.99,30,0.9666666666666667,0.0327730693416725,-0.6496789165161573,1.6084022156323146,7.325627022249714,7.246159376061588,6.505481304742142,0.26666666666666666,0.03333333333333333,0.032773069341672505,1.605746104537992,3.211492209075984,0.16666666666666666,0.06804138174397717,9.458680396251514,0.0,0.0,24.540703517587943,35.48743718592964,37.815574562163114,0.9333333333333333
I|logistic_0.5|fixed_design|cal|s3,I,logistic_0.5,fixed_design,cal,s3,20,particle,q0.5,30,0.9666666666666667,0.0327730693416725,0.1921884812144384,1.1000751025175879,5.912783591186292,5.995225990708612,,0.0,,,1.605746104537992,3.211492209075984,0.03333333333333333,0.032773069341672505,3.7800838693527767,0.0,0.0,26.39999999999999,33.60000000000001,30.0,0.0
I|logistic_0.5|fixed_design|cal|s3,I,logistic_0.5,fixed_design,cal,s3,20,particle,q0.95,30,1.0,0.0,1.1354416830335432,2.3670081424892366,18.21846565468958,17.971326050267443,,0.0,,,1.605746104537992,3.211492209075984,0.06666666666666667,0.04554200340426488,5.34121445611669,0.0,0.0,26.39999999999999,33.60000000000001,35.21198473697024,1.0
I|logistic_0.5|fixed_design|cal|s3,I,logistic_0.5,fixed_design,cal,s3,20,particle,q0.99,30,1.0,0.0,1.0859700143177307,2.9974127962426356,24.98133557611135,25.063971761253747,,0.0,,,1.605746104537992,3.211492209075984,0.23333333333333334,0.07722022379508468,8.668234128232749,0.0,0.0,26.39999999999999,33.60000000000001,37.815574562163114,1.0
I|logistic_0.5|fixed_design|cal|s3,I,logistic_0.5,fixed_design,cal,s3,30,particle,q0.5,30,0.9666666666666667,0.0327730693416725,-0.03248573160790021,0.9129310558179193,4.1762534732250165,3.917714135808465,,0.0,,,1.605746104537992,3.211492209075984,0.06666666666666667,0.04554200340426488,3.963590045275658,0.0,0.0,26.39999999999999,33.60000000000001,30.0,0.0
I|logistic_0.5|fixed_design|cal|s3,I,logistic_0.5,fixed_design,cal,s3,30,particle,q0.95,30,1.0,0.0,0.2194033862683535,1.612923558358235,12.236185104572602,10.44592379991554,,0.0,,,1.605746104537992,3.211492209075984,0.13333333333333333,0.06206328908341752,6.415599252487662,0.0,0.0,26.39999999999999,33.60000000000001,35.21198473697024,1.0
I|logistic_0.5|fixed_design|cal|s3,I,logistic_0.5,fixed_design,cal,s3,30,particle,q0.99,30,1.0,0.0,-0.1184858361313547,2.2417047292342605,16.855391776000502,14.036632654454,,0.0,,,1.605746104537992,3.211492209075984,0.36666666666666664,0.08798147953257401,10.825218581149654,0.0,0.0,26.39999999999999,33.60000000000001,37.815574562163114,1.0
I|logistic_0.5|fixed_design|cal|s3,I,logistic_0.5,fixed_design,cal,s3,50,particle,q0.5,30,0.9,0.054772255750516606,0.019441303309256124,0.7761011302140449,3.106711776519941,2.957034907770323,2.5238625928067258,0.36666666666666664,0.03333333333333333,0.032773069341672505,1.605746104537992,3.211492209075984,0.03333333333333333,0.032773069341672505,3.339226151650424,0.0,0.0,26.39999999999999,33.60000000000001,30.0,0.0
I|logistic_0.5|fixed_design|cal|s3,I,logistic_0.5,fixed_design,cal,s3,50,particle,q0.95,30,0.9666666666666667,0.0327730693416725,0.4087907985064587,1.7513194594707646,9.319313615831083,8.171946427930369,4.962188850452113,0.23333333333333334,0.0,0.0,1.605746104537992,3.211492209075984,0.1,0.05477225575051661,5.22789404680799,0.0,0.0,26.39999999999999,33.60000000000001,35.21198473697024,1.0
I|logistic_0.5|fixed_design|cal|s3,I,logistic_0.5,fixed_design,cal,s3,50,particle,q0.99,30,0.9666666666666667,0.0327730693416725,0.12386813797204373,2.3743465739561853,12.834713690196345,11.167842925289698,6.505481304742142,0.2,0.0,0.0,1.605746104537992,3.211492209075984,0.23333333333333334,0.07722022379508468,9.621288290377434,0.0,0.0,26.39999999999999,33.60000000000001,37.815574562163114,1.0
I|logistic_0.5|fixed_design|cal|s3,I,logistic_0.5,fixed_design,cal,s3,50,ref,q0.5,30,0.8666666666666667,0.06206328908341751,0.011092085119605717,0.8165596234737914,3.1221695439588775,2.9662003804180355,2.5238625928067258,0.3333333333333333,0.06666666666666667,0.04554200340426488,1.605746104537992,3.211492209075984,0.03333333333333333,0.032773069341672505,3.541886507633806,0.0,0.0,26.39999999999999,33.60000000000001,30.0,0.0
I|logistic_0.5|fixed_design|cal|s3,I,logistic_0.5,fixed_design,cal,s3,50,ref,q0.95,30,0.9666666666666667,0.0327730693416725,0.968987563090432,2.289031658787959,9.40631552191104,8.263334452532064,4.962188850452113,0.23333333333333334,0.0,0.0,1.605746104537992,3.211492209075984,0.1,0.05477225575051661,4.586076207821069,0.0,0.0,26.39999999999999,33.60000000000001,35.21198473697024,1.0
I|logistic_0.5|fixed_design|cal|s3,I,logistic_0.5,fixed_design,cal,s3,50,ref,q0.99,30,0.9666666666666667,0.0327730693416725,0.9216968534035606,3.0507113936792316,12.96164433389553,11.25987467880518,6.505481304742142,0.2,0.0,0.0,1.605746104537992,3.211492209075984,0.2,0.07302967433402216,8.464310344258479,0.0,0.0,26.39999999999999,33.60000000000001,37.815574562163114,1.0
I|logistic_0.5|uniform_grid|cal|s3,I,logistic_0.5,uniform_grid,cal,s3,20,particle,q0.5,30,0.9333333333333333,0.045542003404264876,0.05881603343257247,1.701571024261659,6.021795817757317,5.727758314975963,,0.0,,,1.605746104537992,3.211492209075984,0.16666666666666666,0.06804138174397717,6.63144298636964,0.4,0.0,17.186599664991626,42.41005025125629,30.0,0.0
I|logistic_0.5|uniform_grid|cal|s3,I,logistic_0.5,uniform_grid,cal,s3,20,particle,q0.95,30,0.9333333333333333,0.045542003404264876,-0.8258995597199328,2.8318279423892823,11.204674982769252,9.88585430815957,,0.0,,,1.605746104537992,3.211492209075984,0.4,0.08944271909999159,16.064670986473182,0.4,0.0,17.186599664991626,42.41005025125629,35.21198473697024,0.0
I|logistic_0.5|uniform_grid|cal|s3,I,logistic_0.5,uniform_grid,cal,s3,20,particle,q0.99,30,0.9666666666666667,0.0327730693416725,-1.6311554983473318,3.864006341319088,14.663383065179197,12.737319791148824,,0.0,,,1.605746104537992,3.211492209075984,0.5666666666666667,0.09047201327032126,24.89910108609723,0.4,0.0,17.186599664991626,42.41005025125629,37.815574562163114,0.0
I|logistic_0.5|uniform_grid|cal|s3,I,logistic_0.5,uniform_grid,cal,s3,30,particle,q0.5,30,0.8666666666666667,0.06206328908341751,-0.04988242277931221,1.5435196164647211,4.791211425398326,4.590076294103829,,0.0,,,1.605746104537992,3.211492209075984,0.1,0.05477225575051661,6.556016999680469,0.16666666666666666,0.0,17.036515912897823,42.93065326633166,30.0,0.0
I|logistic_0.5|uniform_grid|cal|s3,I,logistic_0.5,uniform_grid,cal,s3,30,particle,q0.95,30,0.9333333333333333,0.045542003404264876,-1.1114432574872337,2.6670758973995556,8.650024057994305,8.147418771647706,,0.0,,,1.605746104537992,3.211492209075984,0.4,0.08944271909999159,17.245616454708834,0.16666666666666666,0.0,17.036515912897823,42.93065326633166,35.21198473697024,0.0
I|logistic_0.5|uniform_grid|cal|s3,I,logistic_0.5,uniform_grid,cal,s3,30,particle,q0.99,30,0.9,0.054772255750516606,-1.9882941567851797,3.6852697141939856,11.798016369386696,10.579678355928811,,0.0,,,1.605746104537992,3.211492209075984,0.7,0.08366600265340757,26.193417701095733,0.16666666666666666,0.0,17.036515912897823,42.93065326633166,37.815574562163114,0.0
I|logistic_0.5|uniform_grid|cal|s3,I,logistic_0.5,uniform_grid,cal,s3,50,particle,q0.5,30,0.9,0.054772255750516606,-0.10494854737438668,1.2261331738372594,3.7976252177315417,3.7416961772024315,2.5238625928067258,0.03333333333333333,0.0,0.0,1.605746104537992,3.211492209075984,0.13333333333333333,0.06206328908341752,5.885489937496939,0.03333333333333333,0.0,16.4643216080402,43.47470686767168,30.0,0.0
I|logistic_0.5|uniform_grid|cal|s3,I,logistic_0.5,uniform_grid,cal,s3,50,particle,q0.95,30,0.8333333333333334,0.06804138174397716,-0.8291772107817426,2.3699410286611537,6.79943457286991,6.680658321789291,4.962188850452113,0.06666666666666667,0.0,0.0,1.605746104537992,3.211492209075984,0.4,0.08944271909999159,14.166465823392814,0.03333333333333333,0.0,16.4643216080402,43.47470686767168,35.21198473697024,0.0
I|logistic_0.5|uniform_grid|cal|s3,I,logistic_0.5,uniform_grid,cal,s3,50,particle,q0.99,30,0.7666666666666667,0.07722022379508468,-1.5654497999493453,3.272855946852471,9.691444635652529,8.646823164550511,6.505481304742142,0.06666666666666667,0.06666666666666667,0.04554200340426488,1.605746104537992,3.211492209075984,0.5666666666666667,0.09047201327032126,21.425531365864266,0.03333333333333333,0.0,16.4643216080402,43.47470686767168,37.815574562163114,0.0
I|logistic_0.5|uniform_grid|cal|s3,I,logistic_0.5,uniform_grid,cal,s3,50,ref,q0.5,30,0.8666666666666667,0.06206328908341751,-0.09597636946185303,1.2543599559203922,3.827429929773608,3.752303666483215,2.5238625928067258,0.03333333333333333,0.0,0.0,1.605746104537992,3.211492209075984,0.16666666666666666,0.06804138174397717,5.956258815703823,0.03333333333333333,0.0,16.4643216080402,43.47470686767168,30.0,0.0
I|logistic_0.5|uniform_grid|cal|s3,I,logistic_0.5,uniform_grid,cal,s3,50,ref,q0.95,30,0.8333333333333334,0.06804138174397716,-0.5633952308511339,2.3343225510683827,6.868617960710566,6.754444067552534,4.962188850452113,0.06666666666666667,0.0,0.0,1.605746104537992,3.211492209075984,0.3333333333333333,0.08606629658238704,12.828164204171635,0.03333333333333333,0.0,16.4643216080402,43.47470686767168,35.21198473697024,0.0
I|logistic_0.5|uniform_grid|cal|s3,I,logistic_0.5,uniform_grid,cal,s3,50,ref,q0.99,30,0.7666666666666667,0.07722022379508468,-1.20122087121641,3.1702881366140794,8.955023657655397,8.791950066364977,6.505481304742142,0.06666666666666667,0.06666666666666667,0.04554200340426488,1.605746104537992,3.211492209075984,0.4666666666666667,0.09108400680852977,19.33948324860019,0.03333333333333333,0.0,16.4643216080402,43.47470686767168,37.815574562163114,0.0
I|logistic_1.0|entropy_q0.95|cal|s3,I,logistic_1.0,entropy_q0.95,cal,s3,20,particle,q0.5,30,1.0,0.0,0.48412191137664895,1.5006786360688718,7.450476671098712,7.981477583909253,,0.0,,,1.7049456797629263,3.4098913595258526,0.06666666666666667,0.04554200340426488,4.806542240049388,0.03333333333333333,0.0,26.458961474036855,37.26499162479061,30.0,0.03333333333333333
I|logistic_1.0|entropy_q0.95|cal|s3,I,logistic_1.0,entropy_q0.95,cal,s3,20,particle,q0.95,30,0.9666666666666667,0.0327730693416725,-0.1402761152952389,1.862371711876061,9.103712554804174,8.670716143292275,,0.0,,,1.7049456797629263,3.4098913595258526,0.16666666666666666,0.06804138174397717,8.4615714918366,0.03333333333333333,0.0,26.458961474036855,37.26499162479061,35.53546049727342,0.13333333333333333
I|logistic_1.0|entropy_q0.95|cal|s3,I,logistic_1.0,entropy_q0.95,cal,s3,20,particle,q0.99,30,0.9666666666666667,0.0327730693416725,-1.2075537795052635,2.721153555245681,13.332117402084998,12.786586423717043,,0.0,,,1.7049456797629263,3.4098913595258526,0.4666666666666667,0.09108400680852977,18.184796816283644,0.03333333333333333,0.0,26.458961474036855,37.26499162479061,38.638693004212946,0.8
I|logistic_1.0|entropy_q0.95|cal|s3,I,logistic_1.0,entropy_q0.95,cal,s3,30,particle,q0.5,30,0.9666666666666667,0.0327730693416725,0.3286294052665409,1.565792618407875,6.280543459682833,6.505765908564037,,0.0,,,1.7049456797629263,3.4098913595258526,0.13333333333333333,0.06206328908341752,6.173696954865504,0.0,0.0,24.118592964824124,37.55108877721943,30.0,0.03333333333333333
I|logistic_1.0|entropy_q0.95|cal|s3,I,logistic_1.0,entropy_q0.95,cal,s3,30,particle,q0.95,30,0.9333333333333333,0.045542003404264876,-0.13361108271846167,1.6609555317622255,6.767715111745777,6.540632058205519,,0.0,,,1.7049456797629263,3.4098913595258526,0.16666666666666666,0.06804138174397717,8.314424923489703,0.0,0.0,24.118592964824124,37.55108877721943,35.53546049727342,0.13333333333333333
I|logistic_1.0|entropy_q0.95|cal|s3,I,logistic_1.0,entropy_q0.95,cal,s3,30,particle,q0.99,30,0.9,0.054772255750516606,-1.1429649146437493,2.524064414172907,9.902314514153916,9.466800984707223,,0.0,,,1.7049456797629263,3.4098913595258526,0.5333333333333333,0.09108400680852977,17.518799066674728,0.0,0.0,24.118592964824124,37.55108877721943,38.638693004212946,0.7333333333333333
I|logistic_1.0|entropy_q0.95|cal|s3,I,logistic_1.0,entropy_q0.95,cal,s3,50,particle,q0.5,30,0.9666666666666667,0.0327730693416725,0.10117916827088039,1.069099839363833,5.168989511366395,5.00373798453891,2.5238625928067258,0.0,0.0,0.0,1.7049456797629263,3.4098913595258526,0.06666666666666667,0.04554200340426488,4.652286134876537,0.0,0.0,22.814740368509213,37.72931323283082,30.0,0.0
I|logistic_1.0|entropy_q0.95|cal|s3,I,logistic_1.0,entropy_q0.95,cal,s3,50,particle,q0.95,30,0.9333333333333333,0.045542003404264876,-0.1458870128537247,1.1947549607878851,4.884046207514121,4.850952976243352,4.962188850452113,0.6,0.06666666666666667,0.04554200340426488,1.7049456797629263,3.4098913595258526,0.06666666666666667,0.04554200340426488,5.940656710485917,0.0,0.0,22.814740368509213,37.72931323283082,35.53546049727342,0.03333333333333333
I|logistic_1.0|entropy_q0.95|cal|s3,I,logistic_1.0,entropy_q0.95,cal,s3,50,particle,q0.99,30,0.9,0.054772255750516606,-1.068355976300148,2.0957152625969857,7.093853123183798,7.066788350724508,6.505481304742142,0.36666666666666664,0.1,0.05477225575051661,1.7049456797629263,3.4098913595258526,0.43333333333333335,0.09047201327032126,14.114286716418905,0.0,0.0,22.814740368509213,37.72931323283082,38.638693004212946,0.7333333333333333
I|logistic_1.0|entropy_q0.95|cal|s3,I,logistic_1.0,entropy_q0.95,cal,s3,50,ref,q0.5,30,0.9666666666666667,0.0327730693416725,-0.09030418447962502,1.1124380466256876,5.174668303068095,5.080508667585239,2.5238625928067258,0.0,0.0,0.0,1.7049456797629263,3.4098913595258526,0.1,0.05477225575051661,5.742872966077495,0.0,0.0,22.814740368509213,37.72931323283082,30.0,0.0
I|logistic_1.0|entropy_q0.95|cal|s3,I,logistic_1.0,entropy_q0.95,cal,s3,50,ref,q0.95,30,0.9333333333333333,0.045542003404264876,0.010476131852799853,1.2205666965189352,4.891423513810149,4.828809804570856,4.962188850452113,0.5666666666666667,0.06666666666666667,0.04554200340426488,1.7049456797629263,3.4098913595258526,0.03333333333333333,0.032773069341672505,5.4019435224085575,0.0,0.0,22.814740368509213,37.72931323283082,35.53546049727342,0.03333333333333333
I|logistic_1.0|entropy_q0.95|cal|s3,I,logistic_1.0,entropy_q0.95,cal,s3,50,ref,q0.99,30,0.9,0.054772255750516606,-0.7575542472222234,2.035333121860251,7.098855651864473,7.041928656014555,6.505481304742142,0.36666666666666664,0.1,0.05477225575051661,1.7049456797629263,3.4098913595258526,0.36666666666666664,0.08798147953257401,12.469064617865318,0.0,0.0,22.814740368509213,37.72931323283082,38.638693004212946,0.7333333333333333
I|logistic_1.0|entropy_vector|cal|s3,I,logistic_1.0,entropy_vector,cal,s3,20,particle,q0.5,30,0.9333333333333333,0.045542003404264876,0.10744578816080914,0.9094612711650804,4.618791165658268,4.946940666242032,,0.0,,,1.7049456797629263,3.4098913595258526,0.0,0.0,3.724555331131124,0.03333333333333333,0.0,25.000335008375213,35.18726968174204,30.0,0.0
I|logistic_1.0|entropy_vector|cal|s3,I,logistic_1.0,entropy_vector,cal,s3,20,particle,q0.95,30,0.9666666666666667,0.0327730693416725,-0.6396397290118224,1.931746179628314,11.12412866294943,11.413142862365708,,0.0,,,1.7049456797629263,3.4098913595258526,0.26666666666666666,0.08073734277593311,11.118916138062424,0.03333333333333333,0.0,25.000335008375213,35.18726968174204,35.53546049727342,0.6333333333333333
I|logistic_1.0|entropy_vector|cal|s3,I,logistic_1.0,entropy_vector,cal,s3,20,particle,q0.99,30,0.9666666666666667,0.0327730693416725,-1.7590366861551643,3.0023295471821663,14.96892714065574,15.518004156615063,,0.0,,,1.7049456797629263,3.4098913595258526,0.4666666666666667,0.09108400680852977,20.622876416815547,0.03333333333333333,0.0,25.000335008375213,35.18726968174204,38.638693004212946,1.0
I|logistic_1.0|entropy_vector|cal|s3,I,logistic_1.0,entropy_vector,cal,s3,30,particle,q0.5,30,0.9333333333333333,0.045542003404264876,0.16856097292593403,0.8213172462766151,3.636516074841361,3.819297896711875,,0.0,,,1.7049456797629263,3.4098913595258526,0.03333333333333333,0.032773069341672505,2.785550549134451,0.0,0.0,24.709547738693466,35.52495812395309,30.0,0.0
I|logistic_1.0|entropy_vector|cal|s3,I,logistic_1.0,entropy_vector,cal,s3,30,particle,q0.95,30,0.9666666666666667,0.0327730693416725,-0.572316266490854,1.5612405388723825,7.993827699654014,8.17489400024466,,0.0,,,1.7049456797629263,3.4098913595258526,0.16666666666666666,0.06804138174397717,9.208403791547294,0.0,0.0,24.709547738693466,35.52495812395309,35.53546049727342,0.5666666666666667
I|logistic_1.0|entropy_vector|cal|s3,I,logistic_1.0,entropy_vector,cal,s3,30,particle,q0.99,30,0.9333333333333333,0.045542003404264876,-1.6918502632882577,2.5132539313653313,10.659113176190115,10.89126034895261,,0.0,,,1.7049456797629263,3.4098913595258526,0.4666666666666667,0.09108400680852977,18.53102655711749,0.0,0.0,24.709547738693466,35.52495812395309,38.638693004212946,1.0
I|logistic_1.0|entropy_vector|cal|s3,I,logistic_1.0,entropy_vector,cal,s3,50,particle,q0.5,30,0.8666666666666667,0.06206328908341751,0.08968126645646267,0.6836425215226687,2.789312532663229,2.8172469366631727,2.5238625928067258,0.23333333333333334,0.1,0.05477225575051661,1.7049456797629263,3.4098913595258526,0.0,0.0,2.6352782562089767,0.0,0.0,24.52194304857621,35.55309882747068,30.0,0.0
I|logistic_1.0|entropy_vector|cal|s3,I,logistic_1.0,entropy_vector,cal,s3,50,particle,q0.95,30,0.9666666666666667,0.0327730693416725,-0.5528932380415209,1.263786636197701,5.648338882083933,5.66769421373348,4.962188850452113,0.23333333333333334,0.03333333333333333,0.032773069341672505,1.7049456797629263,3.4098913595258526,0.13333333333333333,0.06206328908341752,7.816142848593256,0.0,0.0,24.52194304857621,35.55309882747068,35.53546049727342,0.5666666666666667
I|logistic_1.0|entropy_vector|cal|s3,I,logistic_1.0,entropy_vector,cal,s3,50,particle,q0.99,30,0.9333333333333333,0.045542003404264876,-1.6321970781370259,2.1779291228590716,7.469678103044542,7.478007286941889,6.505481304742142,0.23333333333333334,0.06666666666666667,0.04554200340426488,1.7049456797629263,3.4098913595258526,0.5,0.09128709291752768,17.17703645983853,0.0,0.0,24.52194304857621,35.55309882747068,38.638693004212946,1.0
I|logistic_1.0|entropy_vector|cal|s3,I,logistic_1.0,entropy_vector,cal,s3,50,ref,q0.5,30,0.9,0.054772255750516606,0.09042133399449301,0.6872684006956312,2.787181933384261,2.8232229788373697,2.5238625928067258,0.23333333333333334,0.06666666666666667,0.04554200340426488,1.7049456797629263,3.4098913595258526,0.0,0.0,2.649396056879298,0.0,0.0,24.52194304857621,35.55309882747068,30.0,0.0
I|logistic_1.0|entropy_vector|cal|s3,I,logistic_1.0,entropy_vector,cal,s3,50,ref,q0.95,30,0.9666666666666667,0.0327730693416725,-0.339147740383526,1.2124468491891658,5.664104419503181,5.582958395866868,4.962188850452113,0.23333333333333334,0.03333333333333333,0.032773069341672505,1.7049456797629263,3.4098913595258526,0.06666666666666667,0.04554200340426488,6.477341739840735,0.0,0.0,24.52194304857621,35.55309882747068,35.53546049727342,0.5666666666666667
I|logistic_1.0|entropy_vector|cal|s3,I,logistic_1.0,entropy_vector,cal,s3,50,ref,q0.99,30,0.9333333333333333,0.045542003404264876,-1.32691199291354,1.9885239039886984,7.477764640371745,7.393858775692987,6.505481304742142,0.23333333333333334,0.06666666666666667,0.04554200340426488,1.7049456797629263,3.4098913595258526,0.3333333333333333,0.08606629658238704,14.648936990362536,0.0,0.0,24.52194304857621,35.55309882747068,38.638693004212946,1.0
I|logistic_1.0|fixed_design|cal|s3,I,logistic_1.0,fixed_design,cal,s3,20,particle,q0.5,30,0.9666666666666667,0.0327730693416725,0.21957302253920286,1.1275095741983874,5.967312323984216,5.995225990708612,,0.0,,,1.7049456797629263,3.4098913595258526,0.03333333333333333,0.032773069341672505,3.807468410677542,0.0,0.0,26.39999999999999,33.60000000000001,30.0,0.0
I|logistic_1.0|fixed_design|cal|s3,I,logistic_1.0,fixed_design,cal,s3,20,particle,q0.95,30,1.0,0.0,0.9238023727100831,2.4607190097698637,18.452233536503275,17.971326050267443,,0.0,,,1.7049456797629263,3.4098913595258526,0.06666666666666667,0.04554200340426488,6.51877030191367,0.0,0.0,26.39999999999999,33.60000000000001,35.53546049727342,1.0
I|logistic_1.0|fixed_design|cal|s3,I,logistic_1.0,fixed_design,cal,s3,20,particle,q0.99,30,1.0,0.0,0.4092239183089648,3.0834756477358054,25.282593852462707,25.063971761253747,,0.0,,,1.7049456797629263,3.4098913595258526,0.3333333333333333,0.08606629658238704,11.9245133875951,0.0,0.0,26.39999999999999,33.60000000000001,38.638693004212946,1.0
I|logistic_1.0|fixed_design|cal|s3,I,logistic_1.0,fixed_design,cal,s3,30,particle,q0.5,30,0.9666666666666667,0.0327730693416725,-0.014537538366504066,0.9292662453909983,4.29159288567798,4.092053772169821,,0.0,,,1.7049456797629263,3.4098913595258526,0.06666666666666667,0.04554200340426488,3.875215462359246,0.0,0.0,26.39999999999999,33.60000000000001,30.0,0.0
I|logistic_1.0|fixed_design|cal|s3,I,logistic_1.0,fixed_design,cal,s3,30,particle,q0.95,30,1.0,0.0,0.06252367387767516,1.6878395656371254,12.782856538148986,11.574361166689531,,0.0,,,1.7049456797629263,3.4098913595258526,0.16666666666666666,0.06804138174397717,7.477158612893889,0.0,0.0,26.39999999999999,33.60000000000001,35.53546049727342,1.0
I|logistic_1.0|fixed_design|cal|s3,I,logistic_1.0,fixed_design,cal,s3,30,particle,q0.99,30,1.0,0.0,-0.7141708165740257,2.4428014432425913,17.61038040044477,15.872537492100552,,0.0,,,1.7049456797629263,3.4098913595258526,0.4,0.08944271909999159,14.678281746940401,0.0,0.0,26.39999999999999,33.60000000000001,38.638693004212946,1.0
I|logistic_1.0|fixed_design|cal|s3,I,logistic_1.0,fixed_design,cal,s3,50,particle,q0.5,30,0.9333333333333333,0.045542003404264876,0.0330569553740799,0.7871764896191497,3.1716360524865665,3.1817914831896115,2.5238625928067258,0.3333333333333333,0.03333333333333333,0.032773069341672505,1.7049456797629263,3.4098913595258526,0.03333333333333333,0.032773069341672505,3.30507161872173,0.0,0.0,26.39999999999999,33.60000000000001,30.0,0.0
I|logistic_1.0|fixed_design|cal|s3,I,logistic_1.0,fixed_design,cal,s3,50,particle,q0.95,30,0.9666666666666667,0.0327730693416725,0.21530215941367364,1.6940431430663856,9.641664882390025,9.512750044064497,4.962188850452113,0.16666666666666666,0.0,0.0,1.7049456797629263,3.4098913595258526,0.1,0.05477225575051661,6.053098434978425,0.0,0.0,26.39999999999999,33.60000000000001,35.53546049727342,1.0
I|logistic_1.0|fixed_design|cal|s3,I,logistic_1.0,fixed_design,cal,s3,50,particle,q0.99,30,0.9666666666666667,0.0327730693416725,-0.5219168701340052,2.379002786117287,13.285825399712913,12.960469639256175,6.505481304742142,0.13333333333333333,0.03333333333333333,0.032773069341672505,1.7049456797629263,3.4098913595258526,0.36666666666666664,0.08798147953257401,12.52928660503057,0.0,0.0,26.39999999999999,33.60000000000001,38.638693004212946,1.0
I|logistic_1.0|fixed_design|cal|s3,I,logistic_1.0,fixed_design,cal,s3,50,ref,q0.5,30,0.9,0.054772255750516606,0.027701428804332313,0.8295831021380589,3.1845846464550194,3.1551656737329523,2.5238625928067258,0.3,0.06666666666666667,0.04554200340426488,1.7049456797629263,3.4098913595258526,0.03333333333333333,0.032773069341672505,3.495092091280017,0.0,0.0,26.39999999999999,33.60000000000001,30.0,0.0
I|logistic_1.0|fixed_design|cal|s3,I,logistic_1.0,fixed_design,cal,s3,50,ref,q0.95,30,0.9666666666666667,0.0327730693416725,0.8022286477031424,2.188391482406268,9.697767311215982,9.448822103504035,4.962188850452113,0.16666666666666666,0.0,0.0,1.7049456797629263,3.4098913595258526,0.1,0.05477225575051661,5.1921658878343235,0.0,0.0,26.39999999999999,33.60000000000001,35.53546049727342,1.0
I|logistic_1.0|fixed_design|cal|s3,I,logistic_1.0,fixed_design,cal,s3,50,ref,q0.99,30,0.9666666666666667,0.0327730693416725,0.31334446776090347,2.8533072366890364,13.361727048648337,12.846128124514394,6.505481304742142,0.13333333333333333,0.03333333333333333,0.032773069341672505,1.7049456797629263,3.4098913595258526,0.26666666666666666,0.08073734277593311,10.672389865105679,0.0,0.0,26.39999999999999,33.60000000000001,38.638693004212946,1.0
I|logistic_1.0|uniform_grid|cal|s3,I,logistic_1.0,uniform_grid,cal,s3,20,particle,q0.5,30,0.9333333333333333,0.045542003404264876,0.16013359352322615,1.7181224151705259,6.166175727936371,5.943441480262976,,0.0,,,1.7049456797629263,3.4098913595258526,0.13333333333333333,0.06206328908341752,6.192801381024631,0.36666666666666664,0.0,17.186599664991626,42.41943048576215,30.0,0.0
I|logistic_1.0|uniform_grid|cal|s3,I,logistic_1.0,uniform_grid,cal,s3,20,particle,q0.95,30,0.9666666666666667,0.0327730693416725,-0.7733595441939102,2.802303989160009,11.546204610078373,10.349018928859676,,0.0,,,1.7049456797629263,3.4098913595258526,0.36666666666666664,0.08798147953257401,16.312955917847972,0.36666666666666664,0.0,17.186599664991626,42.41943048576215,35.53546049727342,0.0
I|logistic_1.0|uniform_grid|cal|s3,I,logistic_1.0,uniform_grid,cal,s3,20,particle,q0.99,30,0.9333333333333333,0.045542003404264876,-1.9656294163508001,4.0252357156079945,15.132998642873421,13.344506271629392,,0.0,,,1.7049456797629263,3.4098913595258526,0.6333333333333333,0.08798147953257401,27.609505231783412,0.36666666666666664,0.0,17.186599664991626,42.41943048576215,38.638693004212946,0.0
I|logistic_1.0|uniform_grid|cal|s3,I,logistic_1.0,uniform_grid,cal,s3,30,particle,q0.5,30,0.9,0.054772255750516606,-0.04640829052976964,1.6636652063323727,4.922823149280562,4.590076294103829,,0.0,,,1.7049456797629263,3.4098913595258526,0.13333333333333333,0.06206328908341752,7.006382347739164,0.13333333333333333,0.0,16.942713567839196,42.94472361809046,30.0,0.0
I|logistic_1.0|uniform_grid|cal|s3,I,logistic_1.0,uniform_grid,cal,s3,30,particle,q0.95,30,0.9333333333333333,0.045542003404264876,-1.076881979494641,2.6393748467085554,8.947055199313505,8.177959830407351,,0.0,,,1.7049456797629263,3.4098913595258526,0.5,0.09128709291752768,17.3629731513094,0.13333333333333333,0.0,16.942713567839196,42.94472361809046,35.53546049727342,0.0
I|logistic_1.0|uniform_grid|cal|s3,I,logistic_1.0,uniform_grid,cal,s3,30,particle,q0.99,30,0.9666666666666667,0.0327730693416725,-2.3107712684376347,3.926767200806279,12.219937068418204,10.76404654618206,,0.0,,,1.7049456797629263,3.4098913595258526,0.6333333333333333,0.08798147953257401,29.357455575153548,0.13333333333333333,0.0,16.942713567839196,42.94472361809046,38.638693004212946,0.0
I|logistic_1.0|uniform_grid|cal|s3,I,logistic_1.0,uniform_grid,cal,s3,50,particle,q0.5,30,0.9,0.054772255750516606,-0.0704183145032084,1.2350741981601732,3.896111281419502,3.7870130948678113,2.5238625928067258,0.03333333333333333,0.0,0.0,1.7049456797629263,3.4098913595258526,0.1,0.05477225575051661,5.773061574215253,0.0,0.0,16.469011725293136,43.42780569514236,30.0,0.0
I|logistic_1.0|uniform_grid|cal|s3,I,logistic_1.0,uniform_grid,cal,s3,50,particle,q0.95,30,0.8666666666666667,0.06206328908341751,-0.7512637472472707,2.28801481557893,7.0285635107876585,6.809425400579629,4.962188850452113,0.06666666666666667,0.0,0.0,1.7049456797629263,3.4098913595258526,0.4,0.08944271909999159,13.6713866414265,0.0,0.0,16.469011725293136,43.42780569514236,35.53546049727342,0.0
I|logistic_1.0|uniform_grid|cal|s3,I,logistic_1.0,uniform_grid,cal,s3,50,particle,q0.99,30,0.8,0.07302967433402215,-1.8400971896748348,3.3888307242916396,9.991341088710652,8.861276679207517,6.505481304742142,0.06666666666666667,0.06666666666666667,0.04554200340426488,1.7049456797629263,3.4098913595258526,0.5333333333333333,0.09108400680852977,23.77981872249007,0.0,0.0,16.469011725293136,43.42780569514236,38.638693004212946,0.0
I|logistic_1.0|uniform_grid|cal|s3,I,logistic_1.0,uniform_grid,cal,s3,50,ref,q0.5,30,0.8666666666666667,0.06206328908341751,-0.053010018937402495,1.2441840592883007,3.9342770129582063,3.8108151544851125,2.5238625928067258,0.03333333333333333,0.0,0.0,1.7049456797629263,3.4098913595258526,0.1,0.05477225575051661,5.769362787257015,0.0,0.0,16.469011725293136,43.42780569514236,30.0,0.0
I|logistic_1.0|uniform_grid|cal|s3,I,logistic_1.0,uniform_grid,cal,s3,50,ref,q0.95,30,0.8666666666666667,0.06206328908341751,-0.4706610693987532,2.2458525239790466,7.080411935730892,6.911356264414643,4.962188850452113,0.06666666666666667,0.0,0.0,1.7049456797629263,3.4098913595258526,0.3,0.08366600265340755,12.369415582672579,0.0,0.0,16.469011725293136,43.42780569514236,35.53546049727342,0.0
I|logistic_1.0|uniform_grid|cal|s3,I,logistic_1.0,uniform_grid,cal,s3,50,ref,q0.99,30,0.8,0.07302967433402215,-1.4534874571833492,3.244078644623482,9.239071417854024,9.060054506064619,6.505481304742142,0.06666666666666667,0.06666666666666667,0.04554200340426488,1.7049456797629263,3.4098913595258526,0.5,0.09128709291752768,21.202162860960804,0.0,0.0,16.469011725293136,43.42780569514236,38.638693004212946,0.0
I|mixture_0.5|entropy_q0.95|cal|s3,I,mixture_0.5,entropy_q0.95,cal,s3,20,particle,q0.5,30,0.9666666666666667,0.0327730693416725,0.4675087811069719,1.46630628272026,7.173995666551068,7.911042335503966,,0.0,,,1.4806910927451493,2.9613821854902986,0.13333333333333333,0.06206328908341752,4.803876261765688,0.06666666666666667,0.0,26.4214405360134,36.941373534338354,30.0,0.03333333333333333
I|mixture_0.5|entropy_q0.95|cal|s3,I,mixture_0.5,entropy_q0.95,cal,s3,20,particle,q0.95,30,0.9666666666666667,0.0327730693416725,0.18761502077924633,1.440722363233869,8.496915533707945,8.614729376661948,,0.0,,,1.4806910927451493,2.9613821854902986,0.1,0.05477225575051661,5.322681624252393,0.06666666666666667,0.0,26.4214405360134,36.941373534338354,34.86693113894355,0.06666666666666667
I|mixture_0.5|entropy_q0.95|cal|s3,I,mixture_0.5,entropy_q0.95,cal,s3,20,particle,q0.99,30,1.0,0.0,0.12668665390977693,1.899637164184598,12.452373520731344,12.755354344913215,,0.0,,,1.4806910927451493,2.9613821854902986,0.16666666666666666,0.06804138174397717,7.6010485181793,0.06666666666666667,0.0,26.4214405360134,36.941373534338354,36.83034340505614,0.6
I|mixture_0.5|entropy_q0.95|cal|s3,I,mixture_0.5,entropy_q0.95,cal,s3,30,particle,q0.5,30,0.9333333333333333,0.045542003404264876,0.19149416591502516,1.4700042649522773,6.08782795456577,6.3017900610546995,,0.0,,,1.4806910927451493,2.9613821854902986,0.16666666666666666,0.06804138174397717,6.110915844003602,0.0,0.0,24.61574539363484,37.10083752093802,30.0,0.03333333333333333
I|mixture_0.5|entropy_q0.95|cal|s3,I,mixture_0.5,entropy_q0.95,cal,s3,30,particle,q0.95,30,1.0,0.0,0.03925450346305084,1.1826552796112435,6.242870412759285,6.244078893211475,,0.0,,,1.4806910927451493,2.9613821854902986,0.1,0.05477225575051661,5.122760267370113,0.0,0.0,24.61574539363484,37.10083752093802,34.86693113894355,0.06666666666666667
I|mixture_0.5|entropy_q0.95|cal|s3,I,mixture_0.5,entropy_q0.95,cal,s3,30,particle,q0.99,30,1.0,0.0,0.018010398268244406,1.6469811172658708,9.099989477348235,8.974802640318156,,0.0,,,1.4806910927451493,2.9613821854902986,0.13333333333333333,0.06206328908341752,7.613443842414559,0.0,0.0,24.61574539363484,37.10083752093802,36.83034340505614,0.5333333333333333
I|mixture_0.5|entropy_q0.95|cal|s3,I,mixture_0.5,entropy_q0.95,cal,s3,50,particle,q0.5,30,0.9333333333333333,0.045542003404264876,0.13480975376103313,1.0583198685984583,4.744785308954785,4.738432864088791,2.5238625928067258,0.03333333333333333,0.03333333333333333,0.032773069341672505,1.4806910927451493,2.9613821854902986,0.1,0.05477225575051661,4.393413366745443,0.0,0.0,23.14304857621441,37.189949748743715,30.0,0.0
I|mixture_0.5|entropy_q0.95|cal|s3,I,mixture_0.5,entropy_q0.95,cal,s3,50,particle,q0.95,30,0.9333333333333333,0.045542003404264876,0.06332407448645773,0.9474253755287713,4.436774402537697,4.430126880638586,4.962188850452113,0.6666666666666666,0.06666666666666667,0.04554200340426488,1.4806910927451493,2.9613821854902986,0.03333333333333333,0.032773069341672505,4.233970944274843,0.0,0.0,23.14304857621441,37.189949748743715,34.86693113894355,0.03333333333333333
I|mixture_0.5|entropy_q0.95|cal|s3,I,mixture_0.5,entropy_q0.95,cal,s3,50,particle,q0.99,30,0.9666666666666667,0.0327730693416725,0.07811172270309423,1.4862794265752592,6.4111399648546525,6.41472537360686,6.505481304742142,0.5666666666666667,0.03333333333333333,0.032773069341672505,1.4806910927451493,2.9613821854902986,0.2,0.07302967433402216,6.474703103183846,0.0,0.0,23.14304857621441,37.189949748743715,36.83034340505614,0.5333333333333333
I|mixture_0.5|entropy_q0.95|cal|s3,I,mixture_0.5,entropy_q0.95,cal,s3,50,ref,q0.5,30,0.9333333333333333,0.045542003404264876,-0.039586965346240885,1.0877470599912213,4.7471992265891405,4.761378225729944,2.5238625928067258,0.03333333333333333,0.03333333333333333,0.032773069341672505,1.4806910927451493,2.9613821854902986,0.1,0.05477225575051661,5.3039382908593415,0.0,0.0,23.14304857621441,37.189949748743715,30.0,0.0
I|mixture_0.5|entropy_q0.95|cal|s3,I,mixture_0.5,entropy_q0.95,cal,s3,50,ref,q0.95,30,0.9333333333333333,0.045542003404264876,0.20180849943489748,1.0026129355724134,4.451373086439252,4.435630797220053,4.962188850452113,0.6333333333333333,0.06666666666666667,0.04554200340426488,1.4806910927451493,2.9613821854902986,0.03333333333333333,0.032773069341672505,3.880425827833254,0.0,0.0,23.14304857621441,37.189949748743715,34.86693113894355,0.03333333333333333
I|mixture_0.5|entropy_q0.95|cal|s3,I,mixture_0.5,entropy_q0.95,cal,s3,50,ref,q0.99,30,0.9,0.054772255750516606,0.35487342962100094,1.6073761523702579,6.4426231434711125,6.428909620316038,6.505481304742142,0.5333333333333333,0.06666666666666667,0.04554200340426488,1.4806910927451493,2.9613821854902986,0.16666666666666666,0.06804138174397717,5.700671849318172,0.0,0.0,23.14304857621441,37.189949748743715,36.83034340505614,0.5333333333333333
I|mixture_0.5|entropy_vector|cal|s3,I,mixture_0.5,entropy_vector,cal,s3,20,particle,q0.5,30,0.9333333333333333,0.045542003404264876,0.11988720844437092,0.910789916179198,4.445420380822082,4.612337918931029,,0.0,,,1.4806910927451493,2.9613821854902986,0.03333333333333333,0.032773069341672505,3.6902003212259022,0.03333333333333333,0.0,25.122278056951426,35.074706867671686,30.0,0.0
I|mixture_0.5|entropy_vector|cal|s3,I,mixture_0.5,entropy_vector,cal,s3,20,particle,q0.95,30,0.9666666666666667,0.0327730693416725,-0.16796677175198707,1.7813179916836248,10.704531224544354,11.029059143026043,,0.0,,,1.4806910927451493,2.9613821854902986,0.16666666666666666,0.06804138174397717,8.523941292436385,0.03333333333333333,0.0,25.122278056951426,35.074706867671686,34.86693113894355,0.4666666666666667
I|mixture_0.5|entropy_vector|cal|s3,I,mixture_0.5,entropy_vector,cal,s3,20,particle,q0.99,30,0.9666666666666667,0.0327730693416725,-0.2351937869965976,2.3640711621996684,14.37051674437859,14.656497338451457,,0.0,,,1.4806910927451493,2.9613821854902986,0.3,0.08366600265340755,11.505468012214825,0.03333333333333333,0.0,25.122278056951426,35.074706867671686,36.83034340505614,0.9
I|mixture_0.5|entropy_vector|cal|s3,I,mixture_0.5,entropy_vector,cal,s3,30,particle,q0.5,30,0.9333333333333333,0.045542003404264876,0.11839345096024764,0.7900568255121871,3.5395736224283456,3.7414402977014714,,0.0,,,1.4806910927451493,2.9613821854902986,0.03333333333333333,0.032773069341672505,2.748171798842746,0.0,0.0,24.82211055276382,35.34204355108877,30.0,0.0
I|mixture_0.5|entropy_vector|cal|s3,I,mixture_0.5,entropy_vector,cal,s3,30,particle,q0.95,30,0.9666666666666667,0.0327730693416725,-0.08572770993870311,1.3361502497505047,7.842505641436511,7.676636197372929,,0.0,,,1.4806910927451493,2.9613821854902986,0.13333333333333333,0.06206328908341752,6.09283931948364,0.0,0.0,24.82211055276382,35.34204355108877,34.86693113894355,0.36666666666666664
I|mixture_0.5|entropy_vector|cal|s3,I,mixture_0.5,entropy_vector,cal,s3,30,particle,q0.99,30,0.9666666666666667,0.0327730693416725,-0.12046924054083412,1.7119964149157632,10.461710435861493,10.293671357372315,,0.0,,,1.4806910927451493,2.9613821854902986,0.13333333333333333,0.06206328908341752,8.004166459066878,0.0,0.0,24.82211055276382,35.34204355108877,36.83034340505614,0.8333333333333334
I|mixture_0.5|entropy_vector|cal|s3,I,mixture_0.5,entropy_vector,cal,s3,50,particle,q0.5,30,0.9,0.054772255750516606,0.08822267583756845,0.6218564038624358,2.696971271553318,2.7707982260345805,2.5238625928067258,0.26666666666666666,0.06666666666666667,0.04554200340426488,1.4806910927451493,2.9613821854902986,0.0,0.0,2.211492982335439,0.0,0.0,24.662646566164156,35.37487437185929,30.0,0.0
I|mixture_0.5|entropy_vector|cal|s3,I,mixture_0.5,entropy_vector,cal,s3,50,particle,q0.95,30,0.9666666666666667,0.0327730693416725,-0.06237093633997854,1.0636972501409316,5.432947533481912,5.501877321917512,4.962188850452113,0.26666666666666666,0.03333333333333333,0.032773069341672505,1.4806910927451493,2.9613821854902986,0.06666666666666667,0.04554200340426488,4.550733512261119,0.0,0.0,24.662646566164156,35.37487437185929,34.86693113894355,0.36666666666666664
I|mixture_0.5|entropy_vector|cal|s3,I,mixture_0.5,entropy_vector,cal,s3,50,particle,q0.99,30,0.9666666666666667,0.0327730693416725,-0.07466038326439678,1.337620468817261,7.1896144584472275,7.267649796955624,6.505481304742142,0.26666666666666666,0.03333333333333333,0.032773069341672505,1.4806910927451493,2.9613821854902986,0.16666666666666666,0.06804138174397717,5.618704455228634,0.0,0.0,24.662646566164156,35.37487437185929,36.83034340505614,0.8333333333333334
I|mixture_0.5|entropy_vector|cal|s3,I,mixture_0.5,entropy_vector,cal,s3,50,ref,q0.5,30,0.9,0.054772255750516606,0.08804325080895019,0.6268644809474421,2.69125448900141,2.7660868445185365,2.5238625928067258,0.26666666666666666,0.06666666666666667,0.04554200340426488,1.4806910927451493,2.9613821854902986,0.0,0.0,2.235354149202569,0.0,0.0,24.662646566164156,35.37487437185929,30.0,0.0
I|mixture_0.5|entropy_vector|cal|s3,I,mixture_0.5,entropy_vector,cal,s3,50,ref,q0.95,30,0.9666666666666667,0.0327730693416725,0.14145691850198314,1.0964209799722144,5.445116125222746,5.4651024579146394,4.962188850452113,0.26666666666666666,0.03333333333333333,0.032773069341672505,1.4806910927451493,2.9613821854902986,0.06666666666666667,0.04554200340426488,3.942144922261911,0.0,0.0,24.662646566164156,35.37487437185929,34.86693113894355,0.36666666666666664
I|mixture_0.5|entropy_vector|cal|s3,I,mixture_0.5,entropy_vector,cal,s3,50,ref,q0.99,30,0.9666666666666667,0.0327730693416725,0.21663740281765248,1.3885472765367788,7.188680619928445,7.177253373693205,6.505481304742142,0.26666666666666666,0.03333333333333333,0.032773069341672505,1.4806910927451493,2.9613821854902986,0.16666666666666666,0.06804138174397717,4.818138078033203,0.0,0.0,24.662646566164156,35.37487437185929,36.83034340505614,0.8333333333333334
I|mixture_0.5|fixed_design|cal|s3,I,mixture_0.5,fixed_design,cal,s3,20,particle,q0.5,30,1.0,0.0,0.1016939601174111,0.9971410839691703,5.615546021369415,5.541801858710409,,0.0,,,1.4806910927451493,2.9613821854902986,0.03333333333333333,0.032773069341672505,3.6589084653757826,0.03333333333333333,0.0,26.39999999999999,33.60000000000001,30.0,0.0
I|mixture_0.5|fixed_design|cal|s3,I,mixture_0.5,fixed_design,cal,s3,20,particle,q0.95,30,0.9666666666666667,0.0327730693416725,1.0617195171911584,2.3641448814112858,17.029266780230248,17.442559649066812,,0.0,,,1.4806910927451493,2.9613821854902986,0.06666666666666667,0.04554200340426488,4.955194487891927,0.03333333333333333,0.0,26.39999999999999,33.60000000000001,34.86693113894355,1.0
I|mixture_0.5|fixed_design|cal|s3,I,mixture_0.5,fixed_design,cal,s3,20,particle,q0.99,30,0.9666666666666667,0.0327730693416725,1.5196084308965279,3.281698436729273,23.381273928961136,23.571132869365996,,0.0,,,1.4806910927451493,2.9613821854902986,0.06666666666666667,0.04554200340426488,6.924815909523229,0.03333333333333333,0.0,26.39999999999999,33.60000000000001,36.83034340505614,1.0
I|mixture_0.5|fixed_design|cal|s3,I,mixture_0.5,fixed_design,cal,s3,30,particle,q0.5,30,0.9666666666666667,0.0327730693416725,-0.062421442728881144,0.8662400292124737,3.955452758606619,3.631315767555847,,0.0,,,1.4806910927451493,2.9613821854902986,0.1,0.05477225575051661,3.9000550840679815,0.03333333333333333,0.0,26.39999999999999,33.60000000000001,30.0,0.0
I|mixture_0.5|fixed_design|cal|s3,I,mixture_0.5,fixed_design,cal,s3,30,particle,q0.95,30,0.9666666666666667,0.0327730693416725,0.226950818865724,1.6363199499505845,11.388369317349316,9.113814635336784,,0.0,,,1.4806910927451493,2.9613821854902986,0.06666666666666667,0.04554200340426488,6.411279415242178,0.03333333333333333,0.0,26.39999999999999,33.60000000000001,34.86693113894355,1.0
I|mixture_0.5|fixed_design|cal|s3,I,mixture_0.5,fixed_design,cal,s3,30,particle,q0.99,30,0.9666666666666667,0.0327730693416725,0.4024047405008981,2.299693810223105,15.688412699152222,12.852637303860373,,0.0,,,1.4806910927451493,2.9613821854902986,0.1,0.05477225575051661,8.806218012054462,0.03333333333333333,0.0,26.39999999999999,33.60000000000001,36.83034340505614,1.0
I|mixture_0.5|fixed_design|cal|s3,I,mixture_0.5,fixed_design,cal,s3,50,particle,q0.5,30,0.9,0.054772255750516606,0.0030447066000479123,0.6898118498094665,2.9554814912368106,2.6816312555833015,2.5238625928067258,0.36666666666666664,0.03333333333333333,0.032773069341672505,1.4806910927451493,2.9613821854902986,0.03333333333333333,0.032773069341672505,3.0185071580302005,0.0,0.0,26.39999999999999,33.60000000000001,30.0,0.0
I|mixture_0.5|fixed_design|cal|s3,I,mixture_0.5,fixed_design,cal,s3,50,particle,q0.95,30,0.9666666666666667,0.0327730693416725,0.47817525429540025,1.781554097746525,8.655030716490769,7.2246419207852135,4.962188850452113,0.3,0.0,0.0,1.4806910927451493,2.9613821854902986,0.06666666666666667,0.04554200340426488,4.9552805788035785,0.0,0.0,26.39999999999999,33.60000000000001,34.86693113894355,1.0
I|mixture_0.5|fixed_design|cal|s3,I,mixture_0.5,fixed_design,cal,s3,50,particle,q0.99,30,0.9666666666666667,0.0327730693416725,0.72765424898326,2.4942791305948973,11.88887677180645,9.665019291047319,6.505481304742142,0.3,0.0,0.0,1.4806910927451493,2.9613821854902986,0.16666666666666666,0.06804138174397717,6.86522761224474,0.0,0.0,26.39999999999999,33.60000000000001,36.83034340505614,1.0
I|mixture_0.5|fixed_design|cal|s3,I,mixture_0.5,fixed_design,cal,s3,50,ref,q0.5,30,0.9,0.054772255750516606,-0.0027887753806525714,0.7213670232256615,2.966141660800565,2.655183405057681,2.5238625928067258,0.3333333333333333,0.03333333333333333,0.032773069341672505,1.4806910927451493,2.9613821854902986,0.03333333333333333,0.032773069341672505,3.1794910819937927,0.0,0.0,26.39999999999999,33.60000000000001,30.0,0.0
I|mixture_0.5|fixed_design|cal|s3,I,mixture_0.5,fixed_design,cal,s3,50,ref,q0.95,30,0.9666666666666667,0.0327730693416725,0.9911777892950312,2.306194175842686,8.746005688949928,7.294433742240752,4.962188850452113,0.3,0.0,0.0,1.4806910927451493,2.9613821854902986,0.06666666666666667,0.04554200340426488,4.571390887485672,0.0,0.0,26.39999999999999,33.60000000000001,34.86693113894355,1.0
I|mixture_0.5|fixed_design|cal|s3,I,mixture_0.5,fixed_design,cal,s3,50,ref,q0.99,30,0.9666666666666667,0.0327730693416725,1.456047287802751,3.2565232791819505,12.028544350148975,9.837810994988637,6.505481304742142,0.3,0.0,0.0,1.4806910927451493,2.9613821854902986,0.1,0.05477225575051661,6.347818282952576,0.0,0.0,26.39999999999999,33.60000000000001,36.83034340505614,1.0
I|mixture_0.5|uniform_grid|cal|s3,I,mixture_0.5,uniform_grid,cal,s3,20,particle,q0.5,30,0.9333333333333333,0.045542003404264876,0.07957351768916325,1.6821468709335705,5.830642346657582,5.520264601017754,,0.0,,,1.4806910927451493,2.9613821854902986,0.2,0.07302967433402216,6.313715998460097,0.4,0.0,17.289782244556115,42.41005025125629,30.0,0.0
I|mixture_0.5|uniform_grid|cal|s3,I,mixture_0.5,uniform_grid,cal,s3,20,particle,q0.95,30,1.0,0.0,-0.7377759578164638,2.3537103799926244,10.722884123604212,9.867727882704838,,0.0,,,1.4806910927451493,2.9613821854902986,0.36666666666666664,0.08798147953257401,13.67800488926212,0.4,0.0,17.289782244556115,42.41005025125629,34.86693113894355,0.0
I|mixture_0.5|uniform_grid|cal|s3,I,mixture_0.5,uniform_grid,cal,s3,20,particle,q0.99,30,1.0,0.0,-1.020657086144358,2.9168521136058287,13.942929585109454,12.737319791148824,,0.0,,,1.4806910927451493,2.9613821854902986,0.43333333333333335,0.09047201327032126,17.77979344544821,0.4,0.0,17.289782244556115,42.41005025125629,36.83034340505614,0.0
I|mixture_0.5|uniform_grid|cal|s3,I,mixture_0.5,uniform_grid,cal,s3,30,particle,q0.5,30,0.8666666666666667,0.06206328908341751,-0.018151497712995616,1.5303229933012978,4.675976952189375,4.590076294103829,,0.0,,,1.4806910927451493,2.9613821854902986,0.1,0.05477225575051661,6.3370819586575555,0.16666666666666666,0.0,17.036515912897823,42.93065326633166,30.0,0.0
I|mixture_0.5|uniform_grid|cal|s3,I,mixture_0.5,uniform_grid,cal,s3,30,particle,q0.95,30,0.9333333333333333,0.045542003404264876,-0.9331939412614515,2.3758705109904037,8.425129090863537,8.03851043749486,,0.0,,,1.4806910927451493,2.9613821854902986,0.3333333333333333,0.08606629658238704,14.84434318048572,0.16666666666666666,0.0,17.036515912897823,42.93065326633166,34.86693113894355,0.0
I|mixture_0.5|uniform_grid|cal|s3,I,mixture_0.5,uniform_grid,cal,s3,30,particle,q0.99,30,0.9333333333333333,0.045542003404264876,-1.2545245542724672,2.9825438366858212,11.45716074513513,10.497012697218182,,0.0,,,1.4806910927451493,2.9613821854902986,0.5,0.09128709291752768,19.414278882118502,0.16666666666666666,0.0,17.036515912897823,42.93065326633166,36.83034340505614,0.0
I|mixture_0.5|uniform_grid|cal|s3,I,mixture_0.5,uniform_grid,cal,s3,50,particle,q0.5,30,0.9,0.054772255750516606,-0.05998860797991531,1.1556041292586952,3.6725694226023164,3.6933097008069833,2.5238625928067258,0.03333333333333333,0.0,0.0,1.4806910927451493,2.9613821854902986,0.16666666666666666,0.06804138174397717,5.120863584977738,0.03333333333333333,0.0,16.4643216080402,43.46063651591289,30.0,0.0
I|mixture_0.5|uniform_grid|cal|s3,I,mixture_0.5,uniform_grid,cal,s3,50,particle,q0.95,30,0.9,0.054772255750516606,-0.7881200357518848,2.086847916017779,6.5691243775387305,6.5777950941915755,4.962188850452113,0.06666666666666667,0.0,0.0,1.4806910927451493,2.9613821854902986,0.36666666666666664,0.08798147953257401,12.618476158123801,0.03333333333333333,0.0,16.4643216080402,43.46063651591289,34.86693113894355,0.0
I|mixture_0.5|uniform_grid|cal|s3,I,mixture_0.5,uniform_grid,cal,s3,50,particle,q0.99,30,0.9333333333333333,0.045542003404264876,-1.0240275673691854,2.655038102105215,9.357827213026402,8.4578225828857,6.505481304742142,0.06666666666666667,0.0,0.0,1.4806910927451493,2.9613821854902986,0.43333333333333335,0.09047201327032126,16.183451246567625,0.03333333333333333,0.0,16.4643216080402,43.46063651591289,36.83034340505614,0.0
I|mixture_0.5|uniform_grid|cal|s3,I,mixture_0.5,uniform_grid,cal,s3,50,ref,q0.5,30,0.8666666666666667,0.06206328908341751,-0.04861046650998517,1.1881550807165733,3.696470266026861,3.7073514646350034,2.5238625928067258,0.03333333333333333,0.0,0.0,1.4806910927451493,2.9613821854902986,0.16666666666666666,0.06804138174397717,5.15635801790011,0.03333333333333333,0.0,16.4643216080402,43.46063651591289,30.0,0.0
I|mixture_0.5|uniform_grid|cal|s3,I,mixture_0.5,uniform_grid,cal,s3,50,ref,q0.95,30,0.9,0.054772255750516606,-0.5301580665747692,2.037332022382596,6.6205570447061275,6.583354529860692,4.962188850452113,0.06666666666666667,0.0,0.0,1.4806910927451493,2.9613821854902986,0.23333333333333334,0.07722022379508468,11.076271939978485,0.03333333333333333,0.0,16.4643216080402,43.46063651591289,34.86693113894355,0.0
I|mixture_0.5|uniform_grid|cal|s3,I,mixture_0.5,uniform_grid,cal,s3,50,ref,q0.99,30,0.9333333333333333,0.045542003404264876,-0.6766222443852171,2.5739432841690606,8.612399218275504,8.593937231272484,6.505481304742142,0.06666666666666667,0.0,0.0,1.4806910927451493,2.9613821854902986,0.36666666666666664,0.08798147953257401,14.151358055559161,0.03333333333333333,0.0,16.4643216080402,43.46063651591289,36.83034340505614,0.0
I|mixture_1.0|entropy_q0.95|cal|s3,I,mixture_1.0,entropy_q0.95,cal,s3,20,particle,q0.5,30,0.9666666666666667,0.0327730693416725,0.4638617952371689,1.4643286092089958,7.1560854954705295,7.744625308672758,,0.0,,,1.4611265826945175,2.922253165389035,0.13333333333333333,0.06206328908341752,4.800229275895885,0.06666666666666667,0.0,26.4214405360134,36.88509212730318,30.0,0.03333333333333333
I|mixture_1.0|entropy_q0.95|cal|s3,I,mixture_1.0,entropy_q0.95,cal,s3,20,particle,q0.95,30,0.9333333333333333,0.045542003404264876,0.24965284565420068,1.449389914978736,8.529951315111662,8.670716143292275,,0.0,,,1.4611265826945175,2.922253165389035,0.06666666666666667,0.04554200340426488,5.02445636469991,0.06666666666666667,0.0,26.4214405360134,36.88509212730318,34.80142875995674,0.06666666666666667
I|mixture_1.0|entropy_q0.95|cal|s3,I,mixture_1.0,entropy_q0.95,cal,s3,20,particle,q0.99,30,0.9666666666666667,0.0327730693416725,0.27693717450490163,1.9153067341897803,12.534559839921334,12.786586423717043,,0.0,,,1.4611265826945175,2.922253165389035,0.16666666666666666,0.06804138174397717,7.0557581000522465,0.06666666666666667,0.0,26.4214405360134,36.88509212730318,36.67843428513263,0.4666666666666667
I|mixture_1.0|entropy_q0.95|cal|s3,I,mixture_1.0,entropy_q0.95,cal,s3,30,particle,q0.5,30,0.9333333333333333,0.045542003404264876,0.26714515030381963,1.4713517723637086,5.986334262930135,5.917775034829729,,0.0,,,1.4611265826945175,2.922253165389035,0.16666666666666666,0.06804138174397717,5.780091596528831,0.0,0.0,24.803350083752093,37.086767169179225,30.0,0.03333333333333333
I|mixture_1.0|entropy_q0.95|cal|s3,I,mixture_1.0,entropy_q0.95,cal,s3,30,particle,q0.95,30,1.0,0.0,0.10479176257507064,1.1866672507268359,6.169395898744704,6.244078893211475,,0.0,,,1.4611265826945175,2.922253165389035,0.1,0.05477225575051661,4.7800210292195215,0.0,0.0,24.803350083752093,37.086767169179225,34.80142875995674,0.06666666666666667
I|mixture_1.0|entropy_q0.95|cal|s3,I,mixture_1.0,entropy_q0.95,cal,s3,30,particle,q0.99,30,1.0,0.0,0.13980944384300406,1.626989298621937,9.003790219991174,8.974802640318156,,0.0,,,1.4611265826945175,2.922253165389035,0.13333333333333333,0.06206328908341752,6.788342707132776,0.0,0.0,24.803350083752093,37.086767169179225,36.67843428513263,0.36666666666666664
I|mixture_1.0|entropy_q0.95|cal|s3,I,mixture_1.0,entropy_q0.95,cal,s3,50,particle,q0.5,30,0.9333333333333333,0.045542003404264876,0.17258542591783646,1.069778748617223,4.653735969889174,4.695194470497604,2.5238625928067258,0.03333333333333333,0.03333333333333333,0.032773069341672505,1.4611265826945175,2.922253165389035,0.06666666666666667,0.04554200340426488,4.367363871264919,0.0,0.0,23.405695142378566,37.17587939698492,30.0,0.0
I|mixture_1.0|entropy_q0.95|cal|s3,I,mixture_1.0,entropy_q0.95,cal,s3,50,particle,q0.95,30,0.9333333333333333,0.045542003404264876,0.07197776690408422,0.8667441149616567,4.354547221079647,4.411185934351472,4.962188850452113,0.7,0.06666666666666667,0.04554200340426488,1.4611265826945175,2.922253165389035,0.03333333333333333,0.032773069341672505,3.9627796813605443,0.0,0.0,23.405695142378566,37.17587939698492,34.80142875995674,0.03333333333333333
I|mixture_1.0|entropy_q0.95|cal|s3,I,mixture_1.0,entropy_q0.95,cal,s3,50,particle,q0.99,30,0.9666666666666667,0.0327730693416725,0.13402720836409873,1.34140736326521,6.281524306577747,6.363630676880177,6.505481304742142,0.6,0.03333333333333333,0.032773069341672505,1.4611265826945175,2.922253165389035,0.16666666666666666,0.06804138174397717,5.788965964060589,0.0,0.0,23.405695142378566,37.17587939698492,36.67843428513263,0.36666666666666664
I|mixture_1.0|entropy_q0.95|cal|s3,I,mixture_1.0,entropy_q0.95,cal,s3,50,ref,q0.5,30,0.9333333333333333,0.045542003404264876,0.0031140694935646233,1.0880416107053639,4.662041083574496,4.697084216775885,2.5238625928067258,0.03333333333333333,0.03333333333333333,0.032773069341672505,1.4611265826945175,2.922253165389035,0.1,0.05477225575051661,5.1722911038580985,0.0,0.0,23.405695142378566,37.17587939698492,30.0,0.0
I|mixture_1.0|entropy_q0.95|cal|s3,I,mixture_1.0,entropy_q0.95,cal,s3,50,ref,q0.95,30,0.9333333333333333,0.045542003404264876,0.20474181598548238,0.9113878082781316,4.365451877887181,4.428819265535523,4.962188850452113,0.6666666666666666,0.06666666666666667,0.04554200340426488,1.4611265826945175,2.922253165389035,0.03333333333333333,0.032773069341672505,3.60192078092864,0.0,0.0,23.405695142378566,37.17587939698492,34.80142875995674,0.03333333333333333
I|mixture_1.0|entropy_q0.95|cal|s3,I,mixture_1.0,entropy_q0.95,cal,s3,50,ref,q0.99,30,0.9666666666666667,0.0327730693416725,0.4005980768926619,1.456167619387717,6.306781697153435,6.3953197467005225,6.505481304742142,0.5666666666666667,0.03333333333333333,0.032773069341672505,1.4611265826945175,2.922253165389035,0.13333333333333333,0.06206328908341752,5.128672744404145,0.0,0.0,23.405695142378566,37.17587939698492,36.67843428513263,0.36666666666666664
I|mixture_1.0|entropy_vector|cal|s3,I,mixture_1.0,entropy_vector,cal,s3,20,particle,q0.5,30,0.9333333333333333,0.045542003404264876,0.04841909447542084,0.8377869043511824,4.36365122212193,4.556452577605132,,0.0,,,1.4611265826945175,2.922253165389035,0.03333333333333333,0.032773069341672505,3.6843495855675905,0.03333333333333333,0.0,25.197319932998326,34.96214405360134,30.0,0.0
I|mixture_1.0|entropy_vector|cal|s3,I,mixture_1.0,entropy_vector,cal,s3,20,particle,q0.95,30,0.9666666666666667,0.0327730693416725,-0.26142946138252426,1.7373575717317626,10.587012143988524,10.757469621722315,,0.0,,,1.4611265826945175,2.922253165389035,0.16666666666666666,0.06804138174397717,8.762540934910241,0.03333333333333333,0.0,25.197319932998326,34.96214405360134,34.80142875995674,0.4
I|mixture_1.0|entropy_vector|cal|s3,I,mixture_1.0,entropy_vector,cal,s3,20,particle,q0.99,30,0.9666666666666667,0.0327730693416725,-0.2804518280846536,2.322084041474205,14.222034609913681,14.30005317364523,,0.0,,,1.4611265826945175,2.922253165389035,0.3,0.08366600265340755,11.526932010965387,0.03333333333333333,0.0,25.197319932998326,34.96214405360134,36.67843428513263,0.9333333333333333
I|mixture_1.0|entropy_vector|cal|s3,I,mixture_1.0,entropy_vector,cal,s3,30,particle,q0.5,30,0.9333333333333333,0.045542003404264876,0.048130969823554776,0.7709939007769122,3.5078715449003797,3.6801792053691234,,0.0,,,1.4611265826945175,2.922253165389035,0.03333333333333333,0.032773069341672505,2.986705995941291,0.0,0.0,24.85963149078727,35.22948073701843,30.0,0.0
I|mixture_1.0|entropy_vector|cal|s3,I,mixture_1.0,entropy_vector,cal,s3,30,particle,q0.95,30,0.9666666666666667,0.0327730693416725,-0.12792446318375592,1.3450049250439438,7.828572217783945,7.676636197372929,,0.0,,,1.4611265826945175,2.922253165389035,0.16666666666666666,0.06804138174397717,6.334952038276966,0.0,0.0,24.85963149078727,35.22948073701843,34.80142875995674,0.26666666666666666
I|mixture_1.0|entropy_vector|cal|s3,I,mixture_1.0,entropy_vector,cal,s3,30,particle,q0.99,30,1.0,0.0,-0.09224000191053545,1.7194020199365492,10.44423989341288,10.293671357372315,,0.0,,,1.4611265826945175,2.922253165389035,0.16666666666666666,0.06804138174397717,7.93708998923801,0.0,0.0,24.85963149078727,35.22948073701843,36.67843428513263,0.8666666666666667
I|mixture_1.0|entropy_vector|cal|s3,I,mixture_1.0,entropy_vector,cal,s3,50,particle,q0.5,30,0.9,0.054772255750516606,0.00994543392787352,0.61200635061056,2.665028063973127,2.7099500688963047,2.5238625928067258,0.3,0.06666666666666667,0.04554200340426488,1.4611265826945175,2.922253165389035,0.0,0.0,2.5480768502591813,0.0,0.0,24.695477386934677,35.26231155778895,30.0,0.0
I|mixture_1.0|entropy_vector|cal|s3,I,mixture_1.0,entropy_vector,cal,s3,50,particle,q0.95,30,0.9666666666666667,0.0327730693416725,-0.12819209095140777,0.9998349136016864,5.387184042803488,5.501877321917512,4.962188850452113,0.26666666666666666,0.03333333333333333,0.032773069341672505,1.4611265826945175,2.922253165389035,0.06666666666666667,0.04554200340426488,4.533514480005336,0.0,0.0,24.695477386934677,35.26231155778895,34.80142875995674,0.26666666666666666
I|mixture_1.0|entropy_vector|cal|s3,I,mixture_1.0,entropy_vector,cal,s3,50,particle,q0.99,30,0.9666666666666667,0.0327730693416725,-0.0764718585744042,1.2442128943630226,7.1324976516716445,7.267649796955624,6.505481304742142,0.26666666666666666,0.03333333333333333,0.032773069341672505,1.4611265826945175,2.922253165389035,0.16666666666666666,0.06804138174397717,5.275399468914615,0.0,0.0,24.695477386934677,35.26231155778895,36.67843428513263,0.8666666666666667
I|mixture_1.0|entropy_vector|cal|s3,I,mixture_1.0,entropy_vector,cal,s3,50,ref,q0.5,30,0.9,0.054772255750516606,0.009639363484525276,0.6156091611567799,2.6613338366899693,2.7036231284437626,2.5238625928067258,0.26666666666666666,0.06666666666666667,0.04554200340426488,1.4611265826945175,2.922253165389035,0.0,0.0,2.568359473145917,0.0,0.0,24.695477386934677,35.26231155778895,30.0,0.0
I|mixture_1.0|entropy_vector|cal|s3,I,mixture_1.0,entropy_vector,cal,s3,50,ref,q0.95,30,0.9666666666666667,0.0327730693416725,0.07527564388971086,1.0181164256444089,5.404998208812106,5.4651024579146394,4.962188850452113,0.26666666666666666,0.03333333333333333,0.032773069341672505,1.4611265826945175,2.922253165389035,0.06666666666666667,0.04554200340426488,3.8846262183072984,0.0,0.0,24.695477386934677,35.26231155778895,34.80142875995674,0.26666666666666666
I|mixture_1.0|entropy_vector|cal|s3,I,mixture_1.0,entropy_vector,cal,s3,50,ref,q0.99,30,0.9666666666666667,0.0327730693416725,0.21478804521398728,1.2946244841420202,7.138312577966224,7.177253373693205,6.505481304742142,0.26666666666666666,0.03333333333333333,0.032773069341672505,1.4611265826945175,2.922253165389035,0.1,0.05477225575051661,4.500653090331616,0.0,0.0,24.695477386934677,35.26231155778895,36.67843428513263,0.8666666666666667
I|mixture_1.0|fixed_design|cal|s3,I,mixture_1.0,fixed_design,cal,s3,20,particle,q0.5,30,1.0,0.0,0.12264111275941889,0.9919061739219445,5.559793785649868,5.541801858710409,,0.0,,,1.4611265826945175,2.922253165389035,0.03333333333333333,0.032773069341672505,3.4735143076491286,0.03333333333333333,0.0,26.39999999999999,33.60000000000001,30.0,0.0
I|mixture_1.0|fixed_design|cal|s3,I,mixture_1.0,fixed_design,cal,s3,20,particle,q0.95,30,0.9666666666666667,0.0327730693416725,1.081028417860428,2.4154084134070515,16.831976396910896,17.442559649066812,,0.0,,,1.4611265826945175,2.922253165389035,0.1,0.05477225575051661,5.194421182512158,0.03333333333333333,0.0,26.39999999999999,33.60000000000001,34.80142875995674,1.0
I|mixture_1.0|fixed_design|cal|s3,I,mixture_1.0,fixed_design,cal,s3,20,particle,q0.99,30,0.9666666666666667,0.0327730693416725,1.598430343683784,3.383988699338506,23.105625211916678,23.571132869365996,,0.0,,,1.4611265826945175,2.922253165389035,0.1,0.05477225575051661,7.139196973145829,0.03333333333333333,0.0,26.39999999999999,33.60000000000001,36.67843428513263,1.0
I|mixture_1.0|fixed_design|cal|s3,I,mixture_1.0,fixed_design,cal,s3,30,particle,q0.5,30,0.9666666666666667,0.0327730693416725,-0.04761602745301978,0.8510594867476758,3.929615091423143,3.5922395770553486,,0.0,,,1.4611265826945175,2.922253165389035,0.1,0.05477225575051661,3.752000931309368,0.03333333333333333,0.0,26.39999999999999,33.60000000000001,30.0,0.0
I|mixture_1.0|fixed_design|cal|s3,I,mixture_1.0,fixed_design,cal,s3,30,particle,q0.95,30,0.9666666666666667,0.0327730693416725,0.274215270770089,1.6631634689335935,11.303448612237473,9.113814635336784,,0.0,,,1.4611265826945175,2.922253165389035,0.1,0.05477225575051661,6.274880441664136,0.03333333333333333,0.0,26.39999999999999,33.60000000000001,34.80142875995674,1.0
I|mixture_1.0|fixed_design|cal|s3,I,mixture_1.0,fixed_design,cal,s3,30,particle,q0.99,30,0.9666666666666667,0.0327730693416725,0.5219737572056057,2.353815337163932,15.56516945842177,12.852637303860373,,0.0,,,1.4611265826945175,2.922253165389035,0.13333333333333333,0.06206328908341752,8.390327993948063,0.03333333333333333,0.0,26.39999999999999,33.60000000000001,36.67843428513263,1.0
I|mixture_1.0|fixed_design|cal|s3,I,mixture_1.0,fixed_design,cal,s3,50,particle,q0.5,30,0.9,0.054772255750516606,0.01020065414104548,0.6813092376968609,2.9450988678705965,2.6816312555833015,2.5238625928067258,0.4,0.03333333333333333,0.032773069341672505,1.4611265826945175,2.922253165389035,0.03333333333333333,0.032773069341672505,2.946947682620224,0.0,0.0,26.39999999999999,33.60000000000001,30.0,0.0
I|mixture_1.0|fixed_design|cal|s3,I,mixture_1.0,fixed_design,cal,s3,50,particle,q0.95,30,0.9666666666666667,0.0327730693416725,0.5313431035561649,1.8079453066083944,8.61746091682404,7.2246419207852135,4.962188850452113,0.3,0.0,0.0,1.4611265826945175,2.922253165389035,0.06666666666666667,0.04554200340426488,4.825920473195392,0.0,0.0,26.39999999999999,33.60000000000001,34.80142875995674,1.0
I|mixture_1.0|fixed_design|cal|s3,I,mixture_1.0,fixed_design,cal,s3,50,particle,q0.99,30,0.9666666666666667,0.0327730693416725,0.8589166829260134,2.5520496668197357,11.832666470314344,9.665019291047319,6.505481304742142,0.3,0.0,0.0,1.4611265826945175,2.922253165389035,0.13333333333333333,0.06206328908341752,6.539320599182663,0.0,0.0,26.39999999999999,33.60000000000001,36.67843428513263,1.0
I|mixture_1.0|fixed_design|cal|s3,I,mixture_1.0,fixed_design,cal,s3,50,ref,q0.5,30,0.9,0.054772255750516606,0.005855459686335251,0.71134102977767,2.9550379379377905,2.655183405057681,2.5238625928067258,0.36666666666666664,0.03333333333333333,0.032773069341672505,1.4611265826945175,2.922253165389035,0.03333333333333333,0.032773069341672505,3.0930487313239143,0.0,0.0,26.39999999999999,33.60000000000001,30.0,0.0
I|mixture_1.0|fixed_design|cal|s3,I,mixture_1.0,fixed_design,cal,s3,50,ref,q0.95,30,0.9666666666666667,0.0327730693416725,1.0420833914601741,2.340503587740792,8.709713239109302,7.294433742240752,4.962188850452113,0.3,0.0,0.0,1.4611265826945175,2.922253165389035,0.06666666666666667,0.04554200340426488,4.518668106108996,0.0,0.0,26.39999999999999,33.60000000000001,34.80142875995674,1.0
I|mixture_1.0|fixed_design|cal|s3,I,mixture_1.0,fixed_design,cal,s3,50,ref,q0.99,30,0.9666666666666667,0.0327730693416725,1.5837304361609865,3.3328106415967724,11.974297470183798,9.837810994988637,6.505481304742142,0.3,0.0,0.0,1.4611265826945175,2.922253165389035,0.06666666666666667,0.04554200340426488,6.129287001504002,0.0,0.0,26.39999999999999,33.60000000000001,36.67843428513263,1.0
I|mixture_1.0|uniform_grid|cal|s3,I,mixture_1.0,uniform_grid,cal,s3,20,particle,q0.5,30,0.9333333333333333,0.045542003404264876,0.07957351768916325,1.6821468709335705,5.830642346657582,5.520264601017754,,0.0,,,1.4611265826945175,2.922253165389035,0.2,0.07302967433402216,6.313715998460097,0.4,0.0,17.289782244556115,42.41005025125629,30.0,0.0
I|mixture_1.0|uniform_grid|cal|s3,I,mixture_1.0,uniform_grid,cal,s3,20,particle,q0.95,30,1.0,0.0,-0.672273578829657,2.3340074879368875,10.722884123604212,9.867727882704838,,0.0,,,1.4611265826945175,2.922253165389035,0.36666666666666664,0.08798147953257401,13.263156489012344,0.4,0.0,17.289782244556115,42.41005025125629,34.80142875995674,0.0
I|mixture_1.0|uniform_grid|cal|s3,I,mixture_1.0,uniform_grid,cal,s3,20,particle,q0.99,30,1.0,0.0,-0.8687479662208489,2.867230090865217,13.942929585109454,12.737319791148824,,0.0,,,1.4611265826945175,2.922253165389035,0.4,0.08944271909999159,16.783455668949156,0.4,0.0,17.289782244556115,42.41005025125629,36.67843428513263,0.0
I|mixture_1.0|uniform_grid|cal|s3,I,mixture_1.0,uniform_grid,cal,s3,30,particle,q0.5,30,0.8666666666666667,0.06206328908341751,-0.018151497712995616,1.5303229933012978,4.675976952189375,4.590076294103829,,0.0,,,1.4611265826945175,2.922253165389035,0.1,0.05477225575051661,6.3370819586575555,0.16666666666666666,0.0,17.036515912897823,42.93065326633166,30.0,0.0
I|mixture_1.0|uniform_grid|cal|s3,I,mixture_1.0,uniform_grid,cal,s3,30,particle,q0.95,30,0.9333333333333333,0.045542003404264876,-0.8676915622746446,2.3509143753504373,8.425129090863537,8.03851043749486,,0.0,,,1.4611265826945175,2.922253165389035,0.3333333333333333,0.08606629658238704,14.383218811439594,0.16666666666666666,0.0,17.036515912897823,42.93065326633166,34.80142875995674,0.0
I|mixture_1.0|uniform_grid|cal|s3,I,mixture_1.0,uniform_grid,cal,s3,30,particle,q0.99,30,0.9666666666666667,0.0327730693416725,-1.102615434348958,2.9218994980225768,11.45716074513513,10.497012697218182,,0.0,,,1.4611265826945175,2.922253165389035,0.4666666666666667,0.09108400680852977,18.340787767992374,0.16666666666666666,0.0,17.036515912897823,42.93065326633166,36.67843428513263,0.0
I|mixture_1.0|uniform_grid|cal|s3,I,mixture_1.0,uniform_grid,cal,s3,50,particle,q0.5,30,0.9,0.054772255750516606,-0.0966861259327936,1.1451627251630452,3.650022304368258,3.6171016885914504,2.5238625928067258,0.03333333333333333,0.0,0.0,1.4611265826945175,2.922253165389035,0.16666666666666666,0.06804138174397717,5.122125395192433,0.03333333333333333,0.0,16.445561139028477,43.43249581239529,30.0,0.0
I|mixture_1.0|uniform_grid|cal|s3,I,mixture_1.0,uniform_grid,cal,s3,50,particle,q0.95,30,0.9,0.054772255750516606,-0.8267583428089593,2.0532547960816356,6.539850410815984,6.413684822988717,4.962188850452113,0.06666666666666667,0.0,0.0,1.4611265826945175,2.922253165389035,0.36666666666666664,0.08798147953257401,12.563614130741254,0.03333333333333333,0.0,16.445561139028477,43.43249581239529,34.80142875995674,0.0
I|mixture_1.0|uniform_grid|cal|s3,I,mixture_1.0,uniform_grid,cal,s3,50,particle,q0.99,30,0.9333333333333333,0.045542003404264876,-1.0051184413205525,2.587325025967737,9.31841077736575,8.28801033206043,6.505481304742142,0.06666666666666667,0.0,0.0,1.4611265826945175,2.922253165389035,0.43333333333333335,0.09047201327032126,15.70591843795459,0.03333333333333333,0.0,16.445561139028477,43.43249581239529,36.67843428513263,0.0
I|mixture_1.0|uniform_grid|cal|s3,I,mixture_1.0,uniform_grid,cal,s3,50,ref,q0.5,30,0.8666666666666667,0.06206328908341751,-0.08287544941056843,1.179449215709527,3.672403530243037,3.6286564967639023,2.5238625928067258,0.03333333333333333,0.0,0.0,1.4611265826945175,2.922253165389035,0.16666666666666666,0.06804138174397717,5.168198149919376,0.03333333333333333,0.0,16.445561139028477,43.43249581239529,30.0,0.0
I|mixture_1.0|uniform_grid|cal|s3,I,mixture_1.0,uniform_grid,cal,s3,50,ref,q0.95,30,0.9,0.054772255750516606,-0.5704608893109493,2.000562625118758,6.591646970456238,6.515665320627512,4.962188850452113,0.06666666666666667,0.0,0.0,1.4611265826945175,2.922253165389035,0.23333333333333334,0.07722022379508468,10.876232433782263,0.03333333333333333,0.0,16.445561139028477,43.43249581239529,34.80142875995674,0.0
I|mixture_1.0|uniform_grid|cal|s3,I,mixture_1.0,uniform_grid,cal,s3,50,ref,q0.99,30,0.9333333333333333,0.045542003404264876,-0.6601588040753265,2.5090725789172823,8.567593356867773,8.462447015687014,6.505481304742142,0.06666666666666667,0.0,0.0,1.4611265826945175,2.922253165389035,0.3333333333333333,0.08606629658238704,13.461570591630423,0.03333333333333333,0.0,16.445561139028477,43.43249581239529,36.67843428513263,0.0
I|probit|entropy_q0.95|cal|s3,I,probit,entropy_q0.95,cal,s3,20,particle,q0.5,30,0.9666666666666667,0.0327730693416725,0.4675087811069719,1.46630628272026,7.1739956665510665,7.911042335503966,,0.0,,,1.5,3.0,0.13333333333333333,0.06206328908341752,4.803876261765686,0.06666666666666667,0.0,26.421440536013403,36.94137353433836,30.0,0.03333333333333333
I|probit|entropy_q0.95|cal|s3,I,probit,entropy_q0.95,cal,s3,20,particle,q0.95,30,0.9666666666666667,0.0327730693416725,0.11998527886837565,1.4334845653320822,8.496915533707945,8.614729376661948,,0.0,,,1.5,3.0,0.1,0.05477225575051661,5.668103144165569,0.06666666666666667,0.0,26.421440536013403,36.94137353433836,34.93456088085442,0.06666666666666667
I|probit|entropy_q0.95|cal|s3,I,probit,entropy_q0.95,cal,s3,20,particle,q0.99,30,1.0,0.0,-0.022013563156607317,1.8955359253349158,12.452373520731344,12.755354344913215,,0.0,,,1.5,3.0,0.26666666666666666,0.08073734277593311,8.245333682665567,0.06666666666666667,0.0,26.421440536013403,36.94137353433836,36.979043622122525,0.6333333333333333
I|probit|entropy_q0.95|cal|s3,I,probit,entropy_q0.95,cal,s3,30,particle,q0.5,30,0.9333333333333333,0.045542003404264876,0.19149416591502516,1.470004264952277,6.08782795456577,6.3017900610546995,,0.0,,,1.5,3.0,0.16666666666666666,0.06804138174397717,6.110915844003604,0.0,0.0,24.615745393634842,37.10083752093803,30.0,0.03333333333333333
I|probit|entropy_q0.95|cal|s3,I,probit,entropy_q0.95,cal,s3,30,particle,q0.95,30,1.0,0.0,-0.02837523844781984,1.1823441751483317,6.242870412759284,6.244078893211475,,0.0,,,1.5,3.0,0.1,0.05477225575051661,5.512666642836664,0.0,0.0,24.615745393634842,37.10083752093803,34.93456088085442,0.06666666666666667
I|probit|entropy_q0.95|cal|s3,I,probit,entropy_q0.95,cal,s3,30,particle,q0.99,30,0.9666666666666667,0.0327730693416725,-0.13068981879813985,1.6520600034266448,9.099989477348236,8.974802640318156,,0.0,,,1.5,3.0,0.2,0.07302967433402216,8.391641645061972,0.0,0.0,24.615745393634842,37.10083752093803,36.979043622122525,0.6
I|probit|entropy_q0.95|cal|s3,I,probit,entropy_q0.95,cal,s3,50,particle,q0.5,30,0.9333333333333333,0.045542003404264876,0.1268646283028089,1.0670641692804022,4.765462183663303,4.738432864088791,2.5238625928067258,0.03333333333333333,0.03333333333333333,0.032773069341672505,1.5,3.0,0.06666666666666667,0.04554200340426488,4.472864621327685,0.0,0.0,23.12428810720268,37.21340033500838,30.0,0.0
I|probit|entropy_q0.95|cal|s3,I,probit,entropy_q0.95,cal,s3,50,particle,q0.95,30,0.9333333333333333,0.045542003404264876,0.009173294159068016,0.9621754066307917,4.454455952245785,4.430126880638586,4.962188850452113,0.6666666666666666,0.06666666666666667,0.04554200340426488,1.5,3.0,0.03333333333333333,0.032773069341672505,4.502188600389271,0.0,0.0,23.12428810720268,37.21340033500838,34.93456088085442,0.03333333333333333
I|probit|entropy_q0.95|cal|s3,I,probit,entropy_q0.95,cal,s3,50,particle,q0.99,30,0.9333333333333333,0.045542003404264876,-0.04861885974953424,1.5173380641861796,6.438153761947219,6.41472537360686,6.505481304742142,0.5666666666666667,0.06666666666666667,0.04554200340426488,1.5,3.0,0.2,0.07302967433402216,7.153935623229473,0.0,0.0,23.12428810720268,37.21340033500838,36.979043622122525,0.5666666666666667
I|probit|entropy_q0.95|cal|s3,I,probit,entropy_q0.95,cal,s3,50,ref,q0.5,30,0.9333333333333333,0.045542003404264876,-0.048064237452334284,1.098544269070382,4.767105020831934,4.761378225729944,2.5238625928067258,0.03333333333333333,0.03333333333333333,0.032773069341672505,1.5,3.0,0.13333333333333333,0.06206328908341752,5.388711011920276,0.0,0.0,23.12428810720268,37.21340033500838,30.0,0.0
I|probit|entropy_q0.95|cal|s3,I,probit,entropy_q0.95,cal,s3,50,ref,q0.95,30,0.9333333333333333,0.045542003404264876,0.1484595174859751,1.0119689670193313,4.469553636671912,4.435630797220053,4.962188850452113,0.6333333333333333,0.06666666666666667,0.04554200340426488,1.5,3.0,0.03333333333333333,0.032773069341672505,4.149445282326149,0.0,0.0,23.12428810720268,37.21340033500838,34.93456088085442,0.03333333333333333
I|probit|entropy_q0.95|cal|s3,I,probit,entropy_q0.95,cal,s3,50,ref,q0.99,30,0.9,0.054772255750516606,0.22988305950358806,1.6202468868322544,6.470389887198108,6.428909620316038,6.505481304742142,0.5333333333333333,0.1,0.05477225575051661,1.5,3.0,0.2,0.07302967433402216,6.295395321797533,0.0,0.0,23.12428810720268,37.21340033500838,36.979043622122525,0.5666666666666667
I|probit|entropy_vector|cal|s3,I,probit,entropy_vector,cal,s3,20,particle,q0.5,30,0.9333333333333333,0.045542003404264876,0.11988720844437092,0.910789916179198,4.445420380822082,4.612337918931029,,0.0,,,1.5,3.0,0.03333333333333333,0.032773069341672505,3.6902003212259022,0.03333333333333333,0.0,25.122278056951426,35.074706867671686,30.0,0.0
I|probit|entropy_vector|cal|s3,I,probit,entropy_vector,cal,s3,20,particle,q0.95,30,0.9666666666666667,0.0327730693416725,-0.23559651366285775,1.7889624558198787,10.704531224544354,11.029059143026043,,0.0,,,1.5,3.0,0.2,0.07302967433402216,8.853072703069286,0.03333333333333333,0.0,25.122278056951426,35.074706867671686,34.93456088085442,0.4666666666666667
I|probit|entropy_vector|cal|s3,I,probit,entropy_vector,cal,s3,20,particle,q0.99,30,0.9666666666666667,0.0327730693416725,-0.38389400406298185,2.383461967151521,14.37051674437859,14.656497338451457,,0.0,,,1.5,3.0,0.3333333333333333,0.08606629658238704,12.229142401937898,0.03333333333333333,0.0,25.122278056951426,35.074706867671686,36.979043622122525,0.9
I|probit|entropy_vector|cal|s3,I,probit,entropy_vector,cal,s3,30,particle,q0.5,30,0.9333333333333333,0.045542003404264876,0.11839345096024764,0.7900568255121871,3.5395736224283456,3.7414402977014714,,0.0,,,1.5,3.0,0.03333333333333333,0.032773069341672505,2.748171798842746,0.0,0.0,24.82211055276382,35.34204355108877,30.0,0.0
I|probit|entropy_vector|cal|s3,I,probit,entropy_vector,cal,s3,30,particle,q0.95,30,0.9666666666666667,0.0327730693416725,-0.1533574518495738,1.342187303506778,7.842505641436511,7.676636197372929,,0.0,,,1.5,3.0,0.16666666666666666,0.06804138174397717,6.397173158082558,0.0,0.0,24.82211055276382,35.34204355108877,34.93456088085442,0.36666666666666664
I|probit|entropy_vector|cal|s3,I,probit,entropy_vector,cal,s3,30,particle,q0.99,30,0.9666666666666667,0.0327730693416725,-0.2691694576072184,1.7288351811773452,10.461710435861493,10.293671357372315,,0.0,,,1.5,3.0,0.13333333333333333,0.06206328908341752,8.72784084878995,0.0,0.0,24.82211055276382,35.34204355108877,36.979043622122525,0.8666666666666667
I|probit|entropy_vector|cal|s3,I,probit,entropy_vector,cal,s3,50,particle,q0.5,30,0.9,0.054772255750516606,0.08822267583756845,0.6218564038624358,2.696971271553318,2.7707982260345805,2.5238625928067258,0.26666666666666666,0.06666666666666667,0.04554200340426488,1.5,3.0,0.0,0.0,2.211492982335439,0.0,0.0,24.662646566164156,35.37487437185929,30.0,0.0
I|probit|entropy_vector|cal|s3,I,probit,entropy_vector,cal,s3,50,particle,q0.95,30,0.9666666666666667,0.0327730693416725,-0.1300006782508492,1.0697952526549812,5.432947533481912,5.501877321917512,4.962188850452113,0.26666666666666666,0.03333333333333333,0.032773069341672505,1.5,3.0,0.06666666666666667,0.04554200340426488,4.872614271376546,0.0,0.0,24.662646566164156,35.37487437185929,34.93456088085442,0.36666666666666664
I|probit|entropy_vector|cal|s3,I,probit,entropy_vector,cal,s3,50,particle,q0.99,30,0.9666666666666667,0.0327730693416725,-0.22336060033078103,1.3540843044470494,7.1896144584472275,7.267649796955624,6.505481304742142,0.26666666666666666,0.03333333333333333,0.032773069341672505,1.5,3.0,0.16666666666666666,0.06804138174397717,6.3048817642776305,0.0,0.0,24.662646566164156,35.37487437185929,36.979043622122525,0.8666666666666667
I|probit|entropy_vector|cal|s3,I,probit,entropy_vector,cal,s3,50,ref,q0.5,30,0.9,0.054772255750516606,0.08804325080895019,0.6268644809474421,2.69125448900141,2.7660868445185365,2.5238625928067258,0.26666666666666666,0.06666666666666667,0.04554200340426488,1.5,3.0,0.0,0.0,2.235354149202569,0.0,0.0,24.662646566164156,35.37487437185929,30.0,0.0
I|probit|entropy_vector|cal|s3,I,probit,entropy_vector,cal,s3,50,ref,q0.95,30,0.9666666666666667,0.0327730693416725,0.07382717659111246,1.089761147010926,5.445116125222746,5.4651024579146394,4.962188850452113,0.26666666666666666,0.03333333333333333,0.032773069341672505,1.5,3.0,0.06666666666666667,0.04554200340426488,4.172086044758872,0.0,0.0,24.662646566164156,35.37487437185929,34.93456088085442,0.36666666666666664
I|probit|entropy_vector|cal|s3,I,probit,entropy_vector,cal,s3,50,ref,q0.99,30,0.9666666666666667,0.0327730693416725,0.06793718575126823,1.3732251221434635,7.188680619928445,7.177253373693205,6.505481304742142,0.26666666666666666,0.03333333333333333,0.032773069341672505,1.5,3.0,0.16666666666666666,0.06804138174397717,5.269195403134571,0.0,0.0,24.662646566164156,35.37487437185929,36.979043622122525,0.8666666666666667
I|probit|fixed_design|cal|s3,I,probit,fixed_design,cal,s3,20,particle,q0.5,30,1.0,0.0,0.07997439177543922,1.0041007217706466,5.669604519337502,5.541801858710409,,0.0,,,1.5,3.0,0.03333333333333333,0.032773069341672505,3.8742110902824383,0.0,0.0,26.39999999999999,33.60000000000001,30.0,0.0
I|probit|fixed_design|cal|s3,I,probit,fixed_design,cal,s3,20,particle,q0.95,30,0.9666666666666667,0.0327730693416725,1.0474619731315384,2.2810855902651497,17.200656249610308,17.442559649066812,,0.0,,,1.5,3.0,0.06666666666666667,0.04554200340426488,4.651413631876382,0.0,0.0,26.39999999999999,33.60000000000001,34.93456088085442,1.0
I|probit|fixed_design|cal|s3,I,probit,fixed_design,cal,s3,20,particle,q0.99,30,0.9666666666666667,0.0327730693416725,1.4538064030952598,3.1332113639582015,23.616840316836825,23.571132869365996,,0.0,,,1.5,3.0,0.06666666666666667,0.04554200340426488,6.601414754897775,0.0,0.0,26.39999999999999,33.60000000000001,36.979043622122525,1.0
I|probit|fixed_design|cal|s3,I,probit,fixed_design,cal,s3,30,particle,q0.5,30,0.9666666666666667,0.0327730693416725,-0.07823116577868892,0.8704326193750649,3.984407259568292,3.631315767555847,,0.0,,,1.5,3.0,0.06666666666666667,0.04554200340426488,4.055632873554875,0.0,0.0,26.39999999999999,33.60000000000001,30.0,0.0
I|probit|fixed_design|cal|s3,I,probit,fixed_design,cal,s3,30,particle,q0.95,30,1.0,0.0,0.20291223461378274,1.5539256224561682,11.466569940799646,9.113814635336784,,0.0,,,1.5,3.0,0.1,0.05477225575051661,6.3044992492857865,0.0,0.0,26.39999999999999,33.60000000000001,34.93456088085442,1.0
I|probit|fixed_design|cal|s3,I,probit,fixed_design,cal,s3,30,particle,q0.99,30,1.0,0.0,0.32064803403121994,2.165519603999267,15.793817513780972,12.852637303860373,,0.0,,,1.5,3.0,0.16666666666666666,0.06804138174397717,8.86045729581047,0.0,0.0,26.39999999999999,33.60000000000001,36.979043622122525,1.0
I|probit|fixed_design|cal|s3,I,probit,fixed_design,cal,s3,50,particle,q0.5,30,0.9,0.054772255750516606,0.006734823555232457,0.7095636010055383,2.9826405655672583,2.7146864870851513,2.5238625928067258,0.36666666666666664,0.03333333333333333,0.032773069341672505,1.5,3.0,0.03333333333333333,0.032773069341672505,3.105335635452121,0.0,0.0,26.39999999999999,33.60000000000001,30.0,0.0
I|probit|fixed_design|cal|s3,I,probit,fixed_design,cal,s3,50,particle,q0.95,30,0.9666666666666667,0.0327730693416725,0.46032031857357225,1.7736413368625394,8.768331080235505,7.345969509663547,4.962188850452113,0.3,0.0,0.0,1.5,3.0,0.1,0.05477225575051661,5.177919701454968,0.0,0.0,26.39999999999999,33.60000000000001,34.93456088085442,1.0
I|probit|fixed_design|cal|s3,I,probit,fixed_design,cal,s3,50,particle,q0.99,30,0.9666666666666667,0.0327730693416725,0.648661986723409,2.459347721938892,12.042839371758753,9.756638442567915,6.505481304742142,0.26666666666666666,0.0,0.0,1.5,3.0,0.2,0.07302967433402216,7.3046747151157145,0.0,0.0,26.39999999999999,33.60000000000001,36.979043622122525,1.0
I|probit|fixed_design|cal|s3,I,probit,fixed_design,cal,s3,50,ref,q0.5,30,0.9,0.054772255750516606,0.0003288770260638785,0.7408872336723464,2.991146833879801,2.716559007241342,2.5238625928067258,0.3333333333333333,0.03333333333333333,0.032773069341672505,1.5,3.0,0.03333333333333333,0.032773069341672505,3.2682234161440618,0.0,0.0,26.39999999999999,33.60000000000001,30.0,0.0
I|probit|fixed_design|cal|s3,I,probit,fixed_design,cal,s3,50,ref,q0.95,30,0.9666666666666667,0.0327730693416725,0.9785868555416397,2.295074805987666,8.850243082093469,7.5286599537988685,4.962188850452113,0.3,0.0,0.0,1.5,3.0,0.06666666666666667,0.04554200340426488,4.689587791387394,0.0,0.0,26.39999999999999,33.60000000000001,34.93456088085442,1.0
I|probit|fixed_design|cal|s3,I,probit,fixed_design,cal,s3,50,ref,q0.99,30,0.9666666666666667,0.0327730693416725,1.3838978045549495,3.2086783210132346,12.172813941016338,10.102234137998366,6.505481304742142,0.26666666666666666,0.0,0.0,1.5,3.0,0.13333333333333333,0.06206328908341752,6.639141807226973,0.0,0.0,26.39999999999999,33.60000000000001,36.979043622122525,1.0
I|probit|uniform_grid|cal|s3,I,probit,uniform_grid,cal,s3,20,particle,q0.5,30,0.9333333333333333,0.045542003404264876,0.07957351768916325,1.6821468709335705,5.830642346657582,5.520264601017754,,0.0,,,1.5,3.0,0.2,0.07302967433402216,6.313715998460097,0.4,0.0,17.289782244556115,42.41005025125629,30.0,0.0
I|probit|uniform_grid|cal|s3,I,probit,uniform_grid,cal,s3,20,particle,q0.95,30,1.0,0.0,-0.8054056997273344,2.37577724757737,10.722884123604212,9.867727882704838,,0.0,,,1.5,3.0,0.36666666666666664,0.08798147953257401,14.10632658803097,0.4,0.0,17.289782244556115,42.41005025125629,34.93456088085442,0.0
I|probit|uniform_grid|cal|s3,I,probit,uniform_grid,cal,s3,20,particle,q0.99,30,1.0,0.0,-1.1693573032107425,2.972151050623504,13.942929585109454,12.737319791148824,,0.0,,,1.5,3.0,0.5,0.09128709291752768,18.830608312717327,0.4,0.0,17.289782244556115,42.41005025125629,36.979043622122525,0.0
I|probit|uniform_grid|cal|s3,I,probit,uniform_grid,cal,s3,30,particle,q0.5,30,0.8666666666666667,0.06206328908341751,-0.018151497712995616,1.5303229933012978,4.675976952189375,4.590076294103829,,0.0,,,1.5,3.0,0.1,0.05477225575051661,6.3370819586575555,0.16666666666666666,0.0,17.036515912897823,42.93065326633166,30.0,0.0
I|probit|uniform_grid|cal|s3,I,probit,uniform_grid,cal,s3,30,particle,q0.95,30,0.9666666666666667,0.0327730693416725,-1.0008236831723218,2.4032390221917868,8.425129090863537,8.03851043749486,,0.0,,,1.5,3.0,0.36666666666666664,0.08798147953257401,15.322260023322542,0.16666666666666666,0.0,17.036515912897823,42.93065326633166,34.93456088085442,0.0
I|probit|uniform_grid|cal|s3,I,probit,uniform_grid,cal,s3,30,particle,q0.99,30,0.9333333333333333,0.045542003404264876,-1.4032247713388515,3.0480773676826214,11.45716074513513,10.497012697218182,,0.0,,,1.5,3.0,0.5,0.09128709291752768,20.465093749387616,0.16666666666666666,0.0,17.036515912897823,42.93065326633166,36.979043622122525,0.0
I|probit|uniform_grid|cal|s3,I,probit,uniform_grid,cal,s3,50,particle,q0.5,30,0.9,0.054772255750516606,-0.06352792517445091,1.202402049615409,3.6952016795861597,3.712225370411927,2.5238625928067258,0.03333333333333333,0.0,0.0,1.5,3.0,0.16666666666666666,0.06804138174397717,5.43264260458939,0.03333333333333333,0.0,16.4643216080402,43.46063651591289,30.0,0.0
I|probit|uniform_grid|cal|s3,I,probit,uniform_grid,cal,s3,50,particle,q0.95,30,0.9,0.054772255750516606,-0.8027021213301916,2.104618613082509,6.586360718810984,6.5777950941915755,4.962188850452113,0.06666666666666667,0.0,0.0,1.5,3.0,0.3333333333333333,0.08606629658238704,12.781523623092635,0.03333333333333333,0.0,16.4643216080402,43.46063651591289,34.93456088085442,0.0
I|probit|uniform_grid|cal|s3,I,probit,uniform_grid,cal,s3,50,particle,q0.99,30,0.9,0.054772255750516606,-1.0960763919208716,2.6867667169868756,9.372843071360908,8.4578225828857,6.505481304742142,0.06666666666666667,0.0,0.0,1.5,3.0,0.43333333333333335,0.09047201327032126,16.477541457032444,0.03333333333333333,0.0,16.4643216080402,43.46063651591289,36.979043622122525,0.0
I|probit|uniform_grid|cal|s3,I,probit,uniform_grid,cal,s3,50,ref,q0.5,30,0.8666666666666667,0.06206328908341751,-0.052765790257652746,1.232606928450775,3.7171304441153956,3.7073514646350034,2.5238625928067258,0.03333333333333333,0.0,0.0,1.5,3.0,0.16666666666666666,0.06804138174397717,5.469901728483863,0.03333333333333333,0.0,16.4643216080402,43.46063651591289,30.0,0.0
I|probit|uniform_grid|cal|s3,I,probit,uniform_grid,cal,s3,50,ref,q0.95,30,0.9,0.054772255750516606,-0.5467288098684614,2.053519298824934,6.632920712529289,6.583354529860692,4.962188850452113,0.06666666666666667,0.0,0.0,1.5,3.0,0.26666666666666666,0.08073734277593311,11.328043950714552,0.03333333333333333,0.0,16.4643216080402,43.46063651591289,34.93456088085442,0.0
I|probit|uniform_grid|cal|s3,I,probit,uniform_grid,cal,s3,50,ref,q0.99,30,0.9,0.054772255750516606,-0.7513871154002029,2.5978216944637142,8.629993844627283,8.593937231272484,6.505481304742142,0.06666666666666667,0.0,0.0,1.5,3.0,0.36666666666666664,0.08798147953257401,14.538476967849943,0.03333333333333333,0.0,16.4643216080402,43.46063651591289,36.979043622122525,0.0
I|robit_0.5|entropy_q0.95|cal|s3,I,robit_0.5,entropy_q0.95,cal,s3,20,particle,q0.5,30,1.0,0.0,0.48412191137664895,1.5006786360688718,7.450476671098712,7.981477583909253,,0.0,,,1.9413415692870961,3.8826831385741922,0.06666666666666667,0.04554200340426488,4.806542240049388,0.03333333333333333,0.0,26.458961474036855,37.26499162479061,30.0,0.03333333333333333
I|robit_0.5|entropy_q0.95|cal|s3,I,robit_0.5,entropy_q0.95,cal,s3,20,particle,q0.95,30,0.9666666666666667,0.0327730693416725,-0.18159535163030208,1.8659388726342512,9.103712554804174,8.670716143292275,,0.0,,,1.9413415692870961,3.8826831385741922,0.13333333333333333,0.06206328908341752,8.708109601969143,0.03333333333333333,0.0,26.458961474036855,37.26499162479061,35.57677973360848,0.16666666666666666
I|robit_0.5|entropy_q0.95|cal|s3,I,robit_0.5,entropy_q0.95,cal,s3,20,particle,q0.99,30,0.9333333333333333,0.045542003404264876,-2.306685787681533,3.3566783974519723,13.332117402084998,12.786586423717043,,0.0,,,1.9413415692870961,3.8826831385741922,0.7,0.08366600265340757,26.651577610661278,0.03333333333333333,0.0,26.458961474036855,37.26499162479061,39.737825012389216,0.9
I|robit_0.5|entropy_q0.95|cal|s3,I,robit_0.5,entropy_q0.95,cal,s3,30,particle,q0.5,30,0.9666666666666667,0.0327730693416725,0.3286294052665409,1.565792618407875,6.280543459682833,6.505765908564037,,0.0,,,1.9413415692870961,3.8826831385741922,0.13333333333333333,0.06206328908341752,6.173696954865504,0.0,0.0,24.118592964824124,37.55108877721943,30.0,0.03333333333333333
I|robit_0.5|entropy_q0.95|cal|s3,I,robit_0.5,entropy_q0.95,cal,s3,30,particle,q0.95,30,0.9333333333333333,0.045542003404264876,-0.17493031905352485,1.6647888675716522,6.767715111745777,6.540632058205519,,0.0,,,1.9413415692870961,3.8826831385741922,0.1,0.05477225575051661,8.545812646966057,0.0,0.0,24.118592964824124,37.55108877721943,35.57677973360848,0.13333333333333333
I|robit_0.5|entropy_q0.95|cal|s3,I,robit_0.5,entropy_q0.95,cal,s3,30,particle,q0.99,30,0.9333333333333333,0.045542003404264876,-2.2420969228200187,3.1767170132239393,9.902314514153916,9.466800984707223,,0.0,,,1.9413415692870961,3.8826831385741922,0.6,0.08944271909999159,25.33538623551185,0.0,0.0,24.118592964824124,37.55108877721943,39.737825012389216,0.9
I|robit_0.5|entropy_q0.95|cal|s3,I,robit_0.5,entropy_q0.95,cal,s3,50,particle,q0.5,30,0.9666666666666667,0.0327730693416725,0.10117916827088039,1.069099839363833,5.168989511366395,5.00373798453891,2.5238625928067258,0.0,0.0,0.0,1.9413415692870961,3.8826831385741922,0.0,0.0,4.652286134876537,0.0,0.0,22.814740368509213,37.72931323283082,30.0,0.0
I|robit_0.5|entropy_q0.95|cal|s3,I,robit_0.5,entropy_q0.95,cal,s3,50,particle,q0.95,30,0.9333333333333333,0.045542003404264876,-0.1872062491887879,1.2005009685723758,4.884046207514121,4.850952976243352,4.962188850452113,0.6,0.06666666666666667,0.04554200340426488,1.9413415692870961,3.8826831385741922,0.03333333333333333,0.032773069341672505,6.141743660649892,0.0,0.0,22.814740368509213,37.72931323283082,35.57677973360848,0.03333333333333333
I|robit_0.5|entropy_q0.95|cal|s3,I,robit_0.5,entropy_q0.95,cal,s3,50,particle,q0.99,30,0.8,0.07302967433402215,-2.1674879844764177,2.8193336327287253,7.093853123183798,7.066788350724508,6.505481304742142,0.36666666666666664,0.2,0.07302967433402216,1.9413415692870961,3.8826831385741922,0.5333333333333333,0.09108400680852977,23.11973126675406,0.0,0.0,22.814740368509213,37.72931323283082,39.737825012389216,0.9
I|robit_0.5|entropy_q0.95|cal|s3,I,robit_0.5,entropy_q0.95,cal,s3,50,ref,q0.5,30,0.9666666666666667,0.0327730693416725,-0.09030418447962502,1.1124380466256876,5.174668303068095,5.080508667585239,2.5238625928067258,0.0,0.0,0.0,1.9413415692870961,3.8826831385741922,0.03333333333333333,0.032773069341672505,5.742872966077495,0.0,0.0,22.814740368509213,37.72931323283082,30.0,0.0
I|robit_0.5|entropy_q0.95|cal|s3,I,robit_0.5,entropy_q0.95,cal,s3,50,ref,q0.95,30,0.9333333333333333,0.045542003404264876,-0.03084310448226333,1.2209113843382136,4.891423513810149,4.828809804570856,4.962188850452113,0.5666666666666667,0.06666666666666667,0.04554200340426488,1.9413415692870961,3.8826831385741922,0.03333333333333333,0.032773069341672505,5.587880085916343,0.0,0.0,22.814740368509213,37.72931323283082,35.57677973360848,0.03333333333333333
I|robit_0.5|entropy_q0.95|cal|s3,I,robit_0.5,entropy_q0.95,cal,s3,50,ref,q0.99,30,0.8,0.07302967433402215,-1.8566862553984929,2.6487688329566703,7.098855651864473,7.041928656014555,6.505481304742142,0.36666666666666664,0.2,0.07302967433402216,1.9413415692870961,3.8826831385741922,0.4666666666666667,0.09108400680852977,20.624709351656332,0.0,0.0,22.814740368509213,37.72931323283082,39.737825012389216,0.9
I|robit_0.5|entropy_vector|cal|s3,I,robit_0.5,entropy_vector,cal,s3,20,particle,q0.5,30,0.9333333333333333,0.045542003404264876,0.10744578816080914,0.9094612711650804,4.618791165658268,4.946940666242032,,0.0,,,1.9413415692870961,3.8826831385741922,0.0,0.0,3.724555331131124,0.03333333333333333,0.0,25.000335008375213,35.18726968174204,30.0,0.0
I|robit_0.5|entropy_vector|cal|s3,I,robit_0.5,entropy_vector,cal,s3,20,particle,q0.95,30,0.9666666666666667,0.0327730693416725,-0.6809589653468856,1.9458184478682923,11.12412866294943,11.413142862365708,,0.0,,,1.9413415692870961,3.8826831385741922,0.23333333333333334,0.07722022379508468,11.365454248194967,0.03333333333333333,0.0,25.000335008375213,35.18726968174204,35.57677973360848,0.7
I|robit_0.5|entropy_vector|cal|s3,I,robit_0.5,entropy_vector,cal,s3,20,particle,q0.99,30,0.9333333333333333,0.045542003404264876,-2.8581686943314337,3.753518473632384,14.96892714065574,15.518004156615063,,0.0,,,1.9413415692870961,3.8826831385741922,0.5666666666666667,0.09047201327032126,29.50964804025712,0.03333333333333333,0.0,25.000335008375213,35.18726968174204,39.737825012389216,1.0
I|robit_0.5|entropy_vector|cal|s3,I,robit_0.5,entropy_vector,cal,s3,30,particle,q0.5,30,0.9333333333333333,0.045542003404264876,0.16856097292593403,0.8213172462766151,3.636516074841361,3.819297896711875,,0.0,,,1.9413415692870961,3.8826831385741922,0.0,0.0,2.785550549134451,0.0,0.0,24.709547738693466,35.52495812395309,30.0,0.0
I|robit_0.5|entropy_vector|cal|s3,I,robit_0.5,entropy_vector,cal,s3,30,particle,q0.95,30,0.9666666666666667,0.0327730693416725,-0.6136355028259172,1.5768559356063299,7.993827699654014,8.17489400024466,,0.0,,,1.9413415692870961,3.8826831385741922,0.16666666666666666,0.06804138174397717,9.470092288336026,0.0,0.0,24.709547738693466,35.52495812395309,35.57677973360848,0.6333333333333333
I|robit_0.5|entropy_vector|cal|s3,I,robit_0.5,entropy_vector,cal,s3,30,particle,q0.99,30,0.9,0.054772255750516606,-2.790982271464527,3.353158220210319,10.659113176190115,10.89126034895261,,0.0,,,1.9413415692870961,3.8826831385741922,0.6666666666666666,0.08606629658238704,28.201075670277536,0.0,0.0,24.709547738693466,35.52495812395309,39.737825012389216,1.0
I|robit_0.5|entropy_vector|cal|s3,I,robit_0.5,entropy_vector,cal,s3,50,particle,q0.5,30,0.8666666666666667,0.06206328908341751,0.08968126645646267,0.6836425215226687,2.789312532663229,2.8172469366631727,2.5238625928067258,0.23333333333333334,0.1,0.05477225575051661,1.9413415692870961,3.8826831385741922,0.0,0.0,2.6352782562089767,0.0,0.0,24.52194304857621,35.55309882747068,30.0,0.0
I|robit_0.5|entropy_vector|cal|s3,I,robit_0.5,entropy_vector,cal,s3,50,particle,q0.95,30,0.9666666666666667,0.0327730693416725,-0.5942124743765841,1.2824017287358145,5.648338882083933,5.66769421373348,4.962188850452113,0.23333333333333334,0.03333333333333333,0.032773069341672505,1.9413415692870961,3.8826831385741922,0.06666666666666667,0.04554200340426488,8.123282505350561,0.0,0.0,24.52194304857621,35.55309882747068,35.57677973360848,0.6333333333333333
I|robit_0.5|entropy_vector|cal|s3,I,robit_0.5,entropy_vector,cal,s3,50,particle,q0.99,30,0.9,0.054772255750516606,-2.731329086313295,3.088602684072469,7.469678103044542,7.478007286941889,6.505481304742142,0.23333333333333334,0.06666666666666667,0.04554200340426488,1.9413415692870961,3.8826831385741922,0.7333333333333333,0.08073734277593311,27.353069764017945,0.0,0.0,24.52194304857621,35.55309882747068,39.737825012389216,1.0
I|robit_0.5|entropy_vector|cal|s3,I,robit_0.5,entropy_vector,cal,s3,50,ref,q0.5,30,0.9,0.054772255750516606,0.09042133399449301,0.6872684006956312,2.787181933384261,2.8232229788373697,2.5238625928067258,0.23333333333333334,0.06666666666666667,0.04554200340426488,1.9413415692870961,3.8826831385741922,0.0,0.0,2.649396056879298,0.0,0.0,24.52194304857621,35.55309882747068,30.0,0.0
I|robit_0.5|entropy_vector|cal|s3,I,robit_0.5,entropy_vector,cal,s3,50,ref,q0.95,30,0.9666666666666667,0.0327730693416725,-0.3804669767185892,1.2246474156567955,5.664104419503181,5.582958395866868,4.962188850452113,0.23333333333333334,0.03333333333333333,0.032773069341672505,1.9413415692870961,3.8826831385741922,0.06666666666666667,0.04554200340426488,6.725340998467933,0.0,0.0,24.52194304857621,35.55309882747068,35.57677973360848,0.6333333333333333
I|robit_0.5|entropy_vector|cal|s3,I,robit_0.5,entropy_vector,cal,s3,50,ref,q0.99,30,0.9,0.054772255750516606,-2.426044001089809,2.8423971177547522,7.477764640371745,7.393858775692987,6.505481304742142,0.23333333333333334,0.06666666666666667,0.04554200340426488,1.9413415692870961,3.8826831385741922,0.6333333333333333,0.08798147953257401,24.481817422391654,0.0,0.0,24.52194304857621,35.55309882747068,39.737825012389216,1.0
I|robit_0.5|fixed_design|cal|s3,I,robit_0.5,fixed_design,cal,s3,20,particle,q0.5,30,0.9666666666666667,0.0327730693416725,0.21957302253920286,1.1275095741983876,5.967312323984216,5.995225990708612,,0.0,,,1.9413415692870961,3.8826831385741922,0.03333333333333333,0.032773069341672505,3.8074684106775414,0.0,0.0,26.39999999999999,33.60000000000001,30.0,0.0
I|robit_0.5|fixed_design|cal|s3,I,robit_0.5,fixed_design,cal,s3,20,particle,q0.95,30,1.0,0.0,0.88248313637502,2.4455068405556117,18.452233536503275,17.971326050267443,,0.0,,,1.9413415692870961,3.8826831385741922,0.06666666666666667,0.04554200340426488,6.6592557054528845,0.0,0.0,26.39999999999999,33.60000000000001,35.57677973360848,1.0
I|robit_0.5|fixed_design|cal|s3,I,robit_0.5,fixed_design,cal,s3,20,particle,q0.99,30,1.0,0.0,-0.6899080898673046,3.1331024603941624,25.28259385246271,25.063971761253747,,0.0,,,1.9413415692870961,3.8826831385741922,0.36666666666666664,0.08798147953257401,17.229081383651934,0.0,0.0,26.39999999999999,33.60000000000001,39.737825012389216,1.0
I|robit_0.5|fixed_design|cal|s3,I,robit_0.5,fixed_design,cal,s3,30,particle,q0.5,30,0.9666666666666667,0.0327730693416725,-0.014537538366504066,0.9292662453909984,4.291592885677981,4.092053772169821,,0.0,,,1.9413415692870961,3.8826831385741922,0.03333333333333333,0.032773069341672505,3.8752154623592454,0.0,0.0,26.39999999999999,33.60000000000001,30.0,0.0
I|robit_0.5|fixed_design|cal|s3,I,robit_0.5,fixed_design,cal,s3,30,particle,q0.95,30,1.0,0.0,0.02120443754261198,1.6868143993061175,12.782856538148987,11.574361166689531,,0.0,,,1.9413415692870961,3.8826831385741922,0.13333333333333333,0.06206328908341752,7.647944789745484,0.0,0.0,26.39999999999999,33.60000000000001,35.57677973360848,1.0
I|robit_0.5|fixed_design|cal|s3,I,robit_0.5,fixed_design,cal,s3,30,particle,q0.99,30,0.9333333333333333,0.045542003404264876,-1.8133028247502951,2.9572463661503545,17.61038040044477,15.872537492100552,,0.0,,,1.9413415692870961,3.8826831385741922,0.5,0.09128709291752768,21.712506292556505,0.0,0.0,26.39999999999999,33.60000000000001,39.737825012389216,1.0
I|robit_0.5|fixed_design|cal|s3,I,robit_0.5,fixed_design,cal,s3,50,particle,q0.5,30,0.9333333333333333,0.045542003404264876,0.0330569553740799,0.7871764896191498,3.171636052486567,3.1817914831896115,2.5238625928067258,0.3333333333333333,0.03333333333333333,0.032773069341672505,1.9413415692870961,3.8826831385741922,0.03333333333333333,0.032773069341672505,3.3050716187217306,0.0,0.0,26.39999999999999,33.60000000000001,30.0,0.0
I|robit_0.5|fixed_design|cal|s3,I,robit_0.5,fixed_design,cal,s3,50,particle,q0.95,30,0.9666666666666667,0.0327730693416725,0.17398292307861046,1.6892889652883618,9.641664882390023,9.512750044064497,4.962188850452113,0.16666666666666666,0.0,0.0,1.9413415692870961,3.8826831385741922,0.1,0.05477225575051661,6.223884611830019,0.0,0.0,26.39999999999999,33.60000000000001,35.57677973360848,1.0
I|robit_0.5|fixed_design|cal|s3,I,robit_0.5,fixed_design,cal,s3,50,particle,q0.99,30,0.9,0.054772255750516606,-1.6210488783102748,2.83108751240479,13.285825399712916,12.960469639256175,6.505481304742142,0.13333333333333333,0.06666666666666667,0.04554200340426488,1.9413415692870961,3.8826831385741922,0.4666666666666667,0.09108400680852977,20.117879889128012,0.0,0.0,26.39999999999999,33.60000000000001,39.737825012389216,1.0
I|robit_0.5|fixed_design|cal|s3,I,robit_0.5,fixed_design,cal,s3,50,ref,q0.5,30,0.9,0.054772255750516606,0.027701428804332313,0.8295831021380589,3.184584646455019,3.1551656737329523,2.5238625928067258,0.3,0.06666666666666667,0.04554200340426488,1.9413415692870961,3.8826831385741922,0.03333333333333333,0.032773069341672505,3.4950920912800174,0.0,0.0,26.39999999999999,33.60000000000001,30.0,0.0
I|robit_0.5|fixed_design|cal|s3,I,robit_0.5,fixed_design,cal,s3,50,ref,q0.95,30,0.9666666666666667,0.0327730693416725,0.7609094113680792,2.173584507071489,9.697767311215982,9.448822103504035,4.962188850452113,0.16666666666666666,0.0,0.0,1.9413415692870961,3.8826831385741922,0.1,0.05477225575051661,5.322762854533584,0.0,0.0,26.39999999999999,33.60000000000001,35.57677973360848,1.0
I|robit_0.5|fixed_design|cal|s3,I,robit_0.5,fixed_design,cal,s3,50,ref,q0.99,30,0.9,0.054772255750516606,-0.785787540415366,2.9428964457040774,13.36172704864834,12.846128124514394,6.505481304742142,0.13333333333333333,0.06666666666666667,0.04554200340426488,1.9413415692870961,3.8826831385741922,0.4,0.08944271909999159,16.10790664660803,0.0,0.0,26.39999999999999,33.60000000000001,39.737825012389216,1.0
I|robit_0.5|uniform_grid|cal|s3,I,robit_0.5,uniform_grid,cal,s3,20,particle,q0.5,30,0.9333333333333333,0.045542003404264876,0.13285546345263602,1.7043851869485978,6.339436989608789,6.060475266537658,,0.0,,,1.9413415692870961,3.8826831385741922,0.13333333333333333,0.06206328908341752,6.16552325095404,0.36666666666666664,0.0,17.186599664991626,42.32562814070352,30.0,0.0
I|robit_0.5|uniform_grid|cal|s3,I,robit_0.5,uniform_grid,cal,s3,20,particle,q0.95,30,0.9333333333333333,0.045542003404264876,-0.5340462573108399,3.102407111646759,12.097952122862527,10.816269498931117,,0.0,,,1.9413415692870961,3.8826831385741922,0.36666666666666664,0.08798147953257401,16.426569230860025,0.36666666666666664,0.0,17.186599664991626,42.32562814070352,35.57677973360848,0.0
I|robit_0.5|uniform_grid|cal|s3,I,robit_0.5,uniform_grid,cal,s3,20,particle,q0.99,30,0.9333333333333333,0.045542003404264876,-2.658023042575603,4.8430377708783805,15.880747006196087,13.992818097780352,,0.0,,,1.9413415692870961,3.8826831385741922,0.6333333333333333,0.08798147953257401,34.48633595598393,0.36666666666666664,0.0,17.186599664991626,42.32562814070352,39.737825012389216,0.06666666666666667
I|robit_0.5|uniform_grid|cal|s3,I,robit_0.5,uniform_grid,cal,s3,30,particle,q0.5,30,0.9,0.054772255750516606,-0.10285060695090091,1.657171642297614,5.0276753155661975,4.766830034374374,,0.0,,,1.9413415692870961,3.8826831385741922,0.13333333333333333,0.06206328908341752,7.190329363005827,0.13333333333333333,0.0,16.942713567839196,42.85092127303183,30.0,0.0
I|robit_0.5|uniform_grid|cal|s3,I,robit_0.5,uniform_grid,cal,s3,30,particle,q0.95,30,0.9333333333333333,0.045542003404264876,-0.934698251817419,2.7303061046278314,9.216117030950576,8.329700392355962,,0.0,,,1.9413415692870961,3.8826831385741922,0.36666666666666664,0.08798147953257401,17.196103474895057,0.13333333333333333,0.0,16.942713567839196,42.85092127303183,35.57677973360848,0.0
I|robit_0.5|uniform_grid|cal|s3,I,robit_0.5,uniform_grid,cal,s3,30,particle,q0.99,30,0.9,0.054772255750516606,-3.1278885945126604,4.636651381890217,12.583227952578282,10.904417465116078,,0.0,,,1.9413415692870961,3.8826831385741922,0.6333333333333333,0.08798147953257401,36.613939335222604,0.13333333333333333,0.0,16.942713567839196,42.85092127303183,39.737825012389216,0.03333333333333333
I|robit_0.5|uniform_grid|cal|s3,I,robit_0.5,uniform_grid,cal,s3,50,particle,q0.5,30,0.9,0.054772255750516606,-0.06993084176482552,1.2027809638950553,3.98958248710344,3.81661327717822,2.5238625928067258,0.03333333333333333,0.0,0.0,1.9413415692870961,3.8826831385741922,0.06666666666666667,0.04554200340426488,5.479183450065586,0.0,0.0,16.469011725293136,43.446566164154085,30.0,0.0
I|robit_0.5|uniform_grid|cal|s3,I,robit_0.5,uniform_grid,cal,s3,50,particle,q0.95,30,0.8666666666666667,0.06206328908341751,-0.5087750948156415,2.397531949595786,7.214415187556555,7.046857237079392,4.962188850452113,0.06666666666666667,0.0,0.0,1.9413415692870961,3.8826831385741922,0.36666666666666664,0.08798147953257401,13.217869158841294,0.0,0.0,16.469011725293136,43.446566164154085,35.57677973360848,0.0
I|robit_0.5|uniform_grid|cal|s3,I,robit_0.5,uniform_grid,cal,s3,50,particle,q0.99,30,0.8333333333333334,0.06804138174397716,-2.5376262517153503,4.005088188638788,10.233573654044859,9.217659798858083,6.505481304742142,0.06666666666666667,0.06666666666666667,0.04554200340426488,1.9413415692870961,3.8826831385741922,0.6,0.08944271909999159,30.372105321450753,0.0,0.0,16.469011725293136,43.446566164154085,39.737825012389216,0.0
I|robit_0.5|uniform_grid|cal|s3,I,robit_0.5,uniform_grid,cal,s3,50,ref,q0.5,30,0.8666666666666667,0.06206328908341751,-0.0516968898736985,1.2146572561271267,4.026573770981403,3.85314936373271,2.5238625928067258,0.03333333333333333,0.0,0.0,1.9413415692870961,3.8826831385741922,0.06666666666666667,0.04554200340426488,5.491690367872254,0.0,0.0,16.469011725293136,43.446566164154085,30.0,0.0
I|robit_0.5|uniform_grid|cal|s3,I,robit_0.5,uniform_grid,cal,s3,50,ref,q0.95,30,0.8666666666666667,0.06206328908341751,-0.22445299562815477,2.3866834229037366,7.269059652270448,7.118959774105857,4.962188850452113,0.06666666666666667,0.0,0.0,1.9413415692870961,3.8826831385741922,0.26666666666666666,0.08073734277593311,12.091772146015527,0.0,0.0,16.469011725293136,43.446566164154085,35.57677973360848,0.0
I|robit_0.5|uniform_grid|cal|s3,I,robit_0.5,uniform_grid,cal,s3,50,ref,q0.99,30,0.8333333333333334,0.06804138174397716,-2.146508158100974,3.811925701132195,9.486875827468863,9.2382503147265,6.505481304742142,0.06666666666666667,0.06666666666666667,0.04554200340426488,1.9413415692870961,3.8826831385741922,0.5666666666666667,0.09047201327032126,27.3171214075445,0.0,0.0,16.469011725293136,43.446566164154085,39.737825012389216,0.0
I|robit_1.0|entropy_q0.95|cal|s3,I,robit_1.0,entropy_q0.95,cal,s3,20,particle,q0.5,30,0.9666666666666667,0.0327730693416725,0.5194571897657666,1.6270814530613975,7.816592858950283,8.330931485353059,,0.0,,,2.2995135889073874,4.599027177814775,0.03333333333333333,0.032773069341672505,5.063571667698653,0.03333333333333333,0.0,26.48710217755444,37.757453936348405,30.0,0.03333333333333333
I|robit_1.0|entropy_q0.95|cal|s3,I,robit_1.0,entropy_q0.95,cal,s3,20,particle,q0.95,30,0.9,0.054772255750516606,-0.47387909722549276,2.1374560755057233,10.080818654121888,9.940628578300608,,0.0,,,2.2995135889073874,4.599027177814775,0.2,0.07302967433402216,11.658131212549897,0.03333333333333333,0.0,26.48710217755444,37.757453936348405,36.504586384524266,0.23333333333333334
I|robit_1.0|entropy_q0.95|cal|s3,I,robit_1.0,entropy_q0.95,cal,s3,20,particle,q0.99,30,0.8333333333333334,0.06804138174397716,-4.234941772176837,5.119565827211481,14.756833463618015,14.93474516273022,,0.0,,,2.2995135889073874,4.599027177814775,0.7666666666666667,0.07722022379508468,43.770193167960365,0.03333333333333333,0.0,26.48710217755444,37.757453936348405,42.55029017330671,0.9666666666666667
I|robit_1.0|entropy_q0.95|cal|s3,I,robit_1.0,entropy_q0.95,cal,s3,30,particle,q0.5,30,0.9333333333333333,0.045542003404264876,0.2780455495058636,1.7011718115626135,6.914024607816492,7.526849982353735,,0.0,,,2.2995135889073874,4.599027177814775,0.06666666666666667,0.04554200340426488,6.978048042847386,0.0,0.0,23.738693467336685,38.37654941373534,30.0,0.03333333333333333
I|robit_1.0|entropy_q0.95|cal|s3,I,robit_1.0,entropy_q0.95,cal,s3,30,particle,q0.95,30,0.9,0.054772255750516606,-0.31027640025296627,1.7438518169709882,7.8791104944403205,7.846214131321245,,0.0,,,2.2995135889073874,4.599027177814775,0.13333333333333333,0.06206328908341752,9.308481854454138,0.0,0.0,23.738693467336685,38.37654941373534,36.504586384524266,0.16666666666666666
I|robit_1.0|entropy_q0.95|cal|s3,I,robit_1.0,entropy_q0.95,cal,s3,30,particle,q0.99,30,0.7333333333333333,0.08073734277593311,-3.9157301142225576,4.618261647825039,11.491839472380313,11.176840142990574,,0.0,,,2.2995135889073874,4.599027177814775,0.7,0.08366600265340757,39.750420426556296,0.0,0.0,23.738693467336685,38.37654941373534,42.55029017330671,0.9666666666666667
I|robit_1.0|entropy_q0.95|cal|s3,I,robit_1.0,entropy_q0.95,cal,s3,50,particle,q0.5,30,0.9333333333333333,0.045542003404264876,-0.05199869936997992,1.2046110511333357,5.806783688120793,6.041696341777593,2.5238625928067258,0.0,0.0,0.0,2.2995135889073874,4.599027177814775,0.0,0.0,5.855474474400819,0.0,0.0,21.736013400335015,38.859631490787265,30.0,0.0
I|robit_1.0|entropy_q0.95|cal|s3,I,robit_1.0,entropy_q0.95,cal,s3,50,particle,q0.95,30,0.9,0.054772255750516606,-0.2553650833918172,1.4863364642604426,5.828125524290784,5.7121599629799,4.962188850452113,0.3333333333333333,0.1,0.05477225575051661,2.2995135889073874,4.599027177814775,0.13333333333333333,0.06206328908341752,8.156599410000897,0.0,0.0,21.736013400335015,38.859631490787265,36.504586384524266,0.06666666666666667
I|robit_1.0|entropy_q0.95|cal|s3,I,robit_1.0,entropy_q0.95,cal,s3,50,particle,q0.99,30,0.7,0.08366600265340757,-3.695791953246572,4.292645891208379,8.440967662192753,8.266633820875985,6.505481304742142,0.23333333333333334,0.23333333333333334,0.07722022379508468,2.2995135889073874,4.599027177814775,0.7333333333333333,0.08073734277593311,37.048337852596994,0.0,0.0,21.736013400335015,38.859631490787265,42.55029017330671,0.9666666666666667
I|robit_1.0|entropy_q0.95|cal|s3,I,robit_1.0,entropy_q0.95,cal,s3,50,ref,q0.5,30,0.9333333333333333,0.045542003404264876,-0.25722525171644683,1.2772901200692177,5.803610596196937,6.020824976215156,2.5238625928067258,0.0,0.0,0.0,2.2995135889073874,4.599027177814775,0.0,0.0,7.175386789703447,0.0,0.0,21.736013400335015,38.859631490787265,30.0,0.0
I|robit_1.0|entropy_q0.95|cal|s3,I,robit_1.0,entropy_q0.95,cal,s3,50,ref,q0.95,30,0.9,0.054772255750516606,-0.06284183392026108,1.5207055763646495,5.8222254723567906,5.780957028317989,4.962188850452113,0.3333333333333333,0.1,0.05477225575051661,2.2995135889073874,4.599027177814775,0.06666666666666667,0.04554200340426488,7.40842247732733,0.0,0.0,21.736013400335015,38.859631490787265,36.504586384524266,0.06666666666666667
I|robit_1.0|entropy_q0.95|cal|s3,I,robit_1.0,entropy_q0.95,cal,s3,50,ref,q0.99,30,0.7,0.08366600265340757,-3.333034594303144,4.044064787773177,8.41333686653355,8.312133988889087,6.505481304742142,0.2,0.2,0.07302967433402216,2.2995135889073874,4.599027177814775,0.7333333333333333,0.08073734277593311,33.8679967143263,0.0,0.0,21.736013400335015,38.859631490787265,42.55029017330671,0.9666666666666667
I|robit_1.0|entropy_vector|cal|s3,I,robit_1.0,entropy_vector,cal,s3,20,particle,q0.5,30,0.9333333333333333,0.045542003404264876,0.24913660580679178,1.03170909264545,4.62849624833427,5.045184841549888,,0.0,,,2.2995135889073874,4.599027177814775,0.0,0.0,3.5929166279203293,0.03333333333333333,0.0,25.033165829145734,35.32328308207705,30.0,0.0
I|robit_1.0|entropy_vector|cal|s3,I,robit_1.0,entropy_vector,cal,s3,20,particle,q0.95,30,0.9666666666666667,0.0327730693416725,-1.4709244992847141,2.4165815169073572,11.070912559202574,11.330506479811215,,0.0,,,2.2995135889073874,4.599027177814775,0.36666666666666664,0.08798147953257401,17.046526099256308,0.03333333333333333,0.0,25.033165829145734,35.32328308207705,36.504586384524266,0.7666666666666667
I|robit_1.0|entropy_vector|cal|s3,I,robit_1.0,entropy_vector,cal,s3,20,particle,q0.99,30,0.7666666666666667,0.07722022379508468,-5.532224177843753,6.077373657187136,14.887828229427562,15.187861852358274,,0.0,,,2.2995135889073874,4.599027177814775,0.9333333333333333,0.045542003404264876,55.32224177843754,0.03333333333333333,0.0,25.033165829145734,35.32328308207705,42.55029017330671,1.0
I|robit_1.0|entropy_vector|cal|s3,I,robit_1.0,entropy_vector,cal,s3,30,particle,q0.5,30,0.9666666666666667,0.0327730693416725,0.14453179520419207,0.8243100895531783,3.7119685055371705,3.795855256188819,,0.0,,,2.2995135889073874,4.599027177814775,0.0,0.0,3.072415033524491,0.0,0.0,24.64857621440536,35.599999999999994,30.0,0.0
I|robit_1.0|entropy_vector|cal|s3,I,robit_1.0,entropy_vector,cal,s3,30,particle,q0.95,30,0.9333333333333333,0.045542003404264876,-1.458528971626703,2.086072380069186,8.174638103188961,8.222529429297552,,0.0,,,2.2995135889073874,4.599027177814775,0.3,0.08366600265340755,15.729880444679477,0.0,0.0,24.64857621440536,35.599999999999994,36.504586384524266,0.7
I|robit_1.0|entropy_vector|cal|s3,I,robit_1.0,entropy_vector,cal,s3,30,particle,q0.99,30,0.7333333333333333,0.08073734277593311,-5.476729525776845,5.800621112312905,10.894215606474429,10.989663181032071,,0.0,,,2.2995135889073874,4.599027177814775,0.9333333333333333,0.045542003404264876,54.76729525776844,0.0,0.0,24.64857621440536,35.599999999999994,42.55029017330671,1.0
I|robit_1.0|entropy_vector|cal|s3,I,robit_1.0,entropy_vector,cal,s3,50,particle,q0.5,30,0.8666666666666667,0.06206328908341751,0.13628892138073462,0.8535908750757385,2.883913949692066,2.8824951271812704,2.5238625928067258,0.16666666666666666,0.03333333333333333,0.032773069341672505,2.2995135889073874,4.599027177814775,0.0,0.0,3.2061429813946627,0.0,0.0,24.512562814070346,35.792294807370176,30.0,0.0
I|robit_1.0|entropy_vector|cal|s3,I,robit_1.0,entropy_vector,cal,s3,50,particle,q0.95,30,0.9,0.054772255750516606,-1.290883703477999,1.8529399980246213,5.904165992613633,5.885906054279829,4.962188850452113,0.16666666666666666,0.1,0.05477225575051661,2.2995135889073874,4.599027177814775,0.23333333333333334,0.07722022379508468,14.593570857475816,0.0,0.0,24.512562814070346,35.792294807370176,36.504586384524266,0.6666666666666666
I|robit_1.0|entropy_vector|cal|s3,I,robit_1.0,entropy_vector,cal,s3,50,particle,q0.99,30,0.5,0.09128709291752768,-5.236731638117109,5.481095068394195,7.827095317642541,7.7241038762905845,6.505481304742142,0.13333333333333333,0.13333333333333333,0.06206328908341752,2.2995135889073874,4.599027177814775,0.9333333333333333,0.045542003404264876,52.36731638117108,0.0,0.0,24.512562814070346,35.792294807370176,42.55029017330671,1.0
I|robit_1.0|entropy_vector|cal|s3,I,robit_1.0,entropy_vector,cal,s3,50,ref,q0.5,30,0.8333333333333334,0.06804138174397716,0.13798635950704358,0.8540131745074128,2.880551455711732,2.863264730555077,2.5238625928067258,0.16666666666666666,0.03333333333333333,0.032773069341672505,2.2995135889073874,4.599027177814775,0.0,0.0,3.2106365995946544,0.0,0.0,24.512562814070346,35.792294807370176,30.0,0.0
I|robit_1.0|entropy_vector|cal|s3,I,robit_1.0,entropy_vector,cal,s3,50,ref,q0.95,30,0.9,0.054772255750516606,-1.0657092561950572,1.720742016968606,5.9188095925730355,5.844788876191508,4.962188850452113,0.16666666666666666,0.1,0.05477225575051661,2.2995135889073874,4.599027177814775,0.16666666666666666,0.06804138174397717,12.784200945544363,0.0,0.0,24.512562814070346,35.792294807370176,36.504586384524266,0.6666666666666666
I|robit_1.0|entropy_vector|cal|s3,I,robit_1.0,entropy_vector,cal,s3,50,ref,q0.99,30,0.5,0.09128709291752768,-4.915152840294828,5.18667959525684,7.832818409598057,7.698446681599741,6.505481304742142,0.13333333333333333,0.13333333333333333,0.06206328908341752,2.2995135889073874,4.599027177814775,0.9,0.054772255750516606,49.151528402948294,0.0,0.0,24.512562814070346,35.792294807370176,42.55029017330671,1.0
I|robit_1.0|fixed_design|cal|s3,I,robit_1.0,fixed_design,cal,s3,20,particle,q0.5,30,0.9666666666666667,0.0327730693416725,0.22478862040165204,1.1044450506980412,6.119010189767878,6.015056653570383,,0.0,,,2.2995135889073874,4.599027177814775,0.03333333333333333,0.032773069341672505,3.755312432053049,0.0,0.0,26.39999999999999,33.60000000000001,30.0,0.0
I|robit_1.0|fixed_design|cal|s3,I,robit_1.0,fixed_design,cal,s3,20,particle,q0.95,30,1.0,0.0,0.20373602946585906,2.3888018337300903,19.22434386580236,19.096402600987513,,0.0,,,2.2995135889073874,4.599027177814775,0.13333333333333333,0.06206328908341752,10.102157061375896,0.0,0.0,26.39999999999999,33.60000000000001,36.504586384524266,1.0
I|robit_1.0|fixed_design|cal|s3,I,robit_1.0,fixed_design,cal,s3,20,particle,q0.99,30,0.9666666666666667,0.0327730693416725,-3.149432858137475,4.561740573780212,26.377205125590297,25.82263484609796,,0.0,,,2.2995135889073874,4.599027177814775,0.6333333333333333,0.08798147953257401,35.5004068217258,0.0,0.0,26.39999999999999,33.60000000000001,42.55029017330671,1.0
I|robit_1.0|fixed_design|cal|s3,I,robit_1.0,fixed_design,cal,s3,30,particle,q0.5,30,0.9666666666666667,0.0327730693416725,0.0006309241798516514,0.9378501228085299,4.406867387408419,4.092053772169821,,0.0,,,2.2995135889073874,4.599027177814775,0.0,0.0,3.871078417671232,0.0,0.0,26.39999999999999,33.60000000000001,30.0,0.0
I|robit_1.0|fixed_design|cal|s3,I,robit_1.0,fixed_design,cal,s3,30,particle,q0.95,30,1.0,0.0,-0.7069040278644171,1.9579206503315,13.412639077219563,11.728016399996083,,0.0,,,2.2995135889073874,4.599027177814775,0.3,0.08366600265340755,12.350530488361922,0.0,0.0,26.39999999999999,33.60000000000001,36.504586384524266,1.0
I|robit_1.0|fixed_design|cal|s3,I,robit_1.0,fixed_design,cal,s3,30,particle,q0.99,30,0.8666666666666667,0.06206328908341751,-4.3450069951875525,5.064301756743015,18.476656608578534,15.971261587994775,,0.0,,,2.2995135889073874,4.599027177814775,0.8,0.07302967433402215,44.268737760497785,0.0,0.0,26.39999999999999,33.60000000000001,42.55029017330671,1.0
I|robit_1.0|fixed_design|cal|s3,I,robit_1.0,fixed_design,cal,s3,50,particle,q0.5,30,0.9,0.054772255750516606,0.0701645417384725,0.7784461245071281,3.328148509420701,3.23083731934363,2.5238625928067258,0.23333333333333334,0.03333333333333333,0.032773069341672505,2.2995135889073874,4.599027177814775,0.0,0.0,3.216830566989453,0.0,0.0,26.39999999999999,33.60000000000001,30.0,0.0
I|robit_1.0|fixed_design|cal|s3,I,robit_1.0,fixed_design,cal,s3,50,particle,q0.95,30,0.9333333333333333,0.045542003404264876,-0.3963975858694496,1.7394428562138224,10.552865493002658,9.888387574833217,4.962188850452113,0.1,0.06666666666666667,0.04554200340426488,2.2995135889073874,4.599027177814775,0.06666666666666667,0.04554200340426488,9.34734689517456,0.0,0.0,26.39999999999999,33.60000000000001,36.504586384524266,1.0
I|robit_1.0|fixed_design|cal|s3,I,robit_1.0,fixed_design,cal,s3,50,particle,q0.99,30,0.8333333333333334,0.06804138174397716,-3.9414006672392685,4.609140732878091,14.57406497150413,13.540629985166692,6.505481304742142,0.1,0.1,0.05477225575051661,2.2995135889073874,4.599027177814775,0.7666666666666667,0.07722022379508468,40.82707658233938,0.0,0.0,26.39999999999999,33.60000000000001,42.55029017330671,1.0
I|robit_1.0|fixed_design|cal|s3,I,robit_1.0,fixed_design,cal,s3,50,ref,q0.5,30,0.8666666666666667,0.06206328908341751,0.06614904797093324,0.8242198601901528,3.355174992500143,3.2373136881179327,2.5238625928067258,0.16666666666666666,0.06666666666666667,0.04554200340426488,2.2995135889073874,4.599027177814775,0.0,0.0,3.4290714496188306,0.0,0.0,26.39999999999999,33.60000000000001,30.0,0.0
I|robit_1.0|fixed_design|cal|s3,I,robit_1.0,fixed_design,cal,s3,50,ref,q0.95,30,0.9333333333333333,0.045542003404264876,0.26099077535421317,2.0998027846745484,10.602614902412922,9.881563769028531,4.962188850452113,0.1,0.06666666666666667,0.04554200340426488,2.2995135889073874,4.599027177814775,0.06666666666666667,0.04554200340426488,7.70413940506384,0.0,0.0,26.39999999999999,33.60000000000001,36.504586384524266,1.0
I|robit_1.0|fixed_design|cal|s3,I,robit_1.0,fixed_design,cal,s3,50,ref,q0.99,30,0.8333333333333334,0.06804138174397716,-3.0090120986206177,4.220594133530598,14.632701490769136,13.547307098732492,6.505481304742142,0.1,0.1,0.05477225575051661,2.2995135889073874,4.599027177814775,0.6333333333333333,0.08798147953257401,33.619506955358,0.0,0.0,26.39999999999999,33.60000000000001,42.55029017330671,1.0
I|robit_1.0|uniform_grid|cal|s3,I,robit_1.0,uniform_grid,cal,s3,20,particle,q0.5,30,0.9333333333333333,0.045542003404264876,-0.06923076946100602,1.8635584924882245,6.896865744154411,6.732206208502646,,0.0,,,2.2995135889073874,4.599027177814775,0.1,0.05477225575051661,8.011141277414074,0.2,0.0,17.15376884422111,42.46633165829145,30.0,0.0
I|robit_1.0|uniform_grid|cal|s3,I,robit_1.0,uniform_grid,cal,s3,20,particle,q0.95,30,0.9,0.054772255750516606,-0.6955436385916118,3.2054813443226813,13.40562049775065,13.135621764687798,,0.0,,,2.2995135889073874,4.599027177814775,0.3333333333333333,0.08606629658238704,17.28527471385871,0.2,0.0,17.15376884422111,42.46633165829145,36.504586384524266,0.0
I|robit_1.0|uniform_grid|cal|s3,I,robit_1.0,uniform_grid,cal,s3,20,particle,q0.99,30,0.8666666666666667,0.06206328908341751,-4.30829506457439,5.954363468682944,17.590151398477143,17.009999366462225,,0.0,,,2.2995135889073874,4.599027177814775,0.7333333333333333,0.08073734277593311,48.223504429498476,0.2,0.0,17.15376884422111,42.46633165829145,42.55029017330671,0.3333333333333333
I|robit_1.0|uniform_grid|cal|s3,I,robit_1.0,uniform_grid,cal,s3,30,particle,q0.5,30,0.9333333333333333,0.045542003404264876,-0.1234992777215106,1.5828741559469397,5.5255514259101455,5.373968703606678,,0.0,,,2.2995135889073874,4.599027177814775,0.1,0.05477225575051661,7.186184748751079,0.1,0.0,16.928643216080403,42.813400335008374,30.0,0.0
I|robit_1.0|uniform_grid|cal|s3,I,robit_1.0,uniform_grid,cal,s3,30,particle,q0.95,30,0.8666666666666667,0.06206328908341751,-0.7879722424118313,3.016376244810444,10.493404678911967,9.830303355675772,,0.0,,,2.2995135889073874,4.599027177814775,0.36666666666666664,0.08798147953257401,16.887179104656674,0.1,0.0,16.928643216080403,42.813400335008374,36.504586384524266,0.0
I|robit_1.0|uniform_grid|cal|s3,I,robit_1.0,uniform_grid,cal,s3,30,particle,q0.99,30,0.7333333333333333,0.08073734277593311,-4.420390785063191,5.907935982857817,14.324510868391771,12.946461369450436,,0.0,,,2.2995135889073874,4.599027177814775,0.7666666666666667,0.07722022379508468,48.47918961335906,0.1,0.0,16.928643216080403,42.813400335008374,42.55029017330671,0.23333333333333334
I|robit_1.0|uniform_grid|cal|s3,I,robit_1.0,uniform_grid,cal,s3,50,particle,q0.5,30,0.9666666666666667,0.0327730693416725,-0.1218780381323994,1.0350829573466829,4.396904549879419,4.485490121113438,2.5238625928067258,0.03333333333333333,0.0,0.0,2.2995135889073874,4.599027177814775,0.03333333333333333,0.032773069341672505,5.326380475376999,0.0,0.0,16.445561139028477,43.47001675041875,30.0,0.0
I|robit_1.0|uniform_grid|cal|s3,I,robit_1.0,uniform_grid,cal,s3,50,particle,q0.95,30,0.8333333333333334,0.06804138174397716,-0.3258446425077794,2.456296238883878,8.14263291084539,8.10409690634693,4.962188850452113,0.03333333333333333,0.03333333333333333,0.032773069341672505,2.2995135889073874,4.599027177814775,0.2,0.07302967433402216,12.829858919794527,0.0,0.0,16.445561139028477,43.47001675041875,36.504586384524266,0.0
I|robit_1.0|uniform_grid|cal|s3,I,robit_1.0,uniform_grid,cal,s3,50,particle,q0.99,30,0.7,0.08366600265340757,-3.7622841518686605,4.970575164708772,11.443836185618293,10.670026753548122,6.505481304742142,0.03333333333333333,0.03333333333333333,0.032773069341672505,2.2995135889073874,4.599027177814775,0.6,0.08944271909999159,39.92238581948056,0.0,0.0,16.445561139028477,43.47001675041875,42.55029017330671,0.1
I|robit_1.0|uniform_grid|cal|s3,I,robit_1.0,uniform_grid,cal,s3,50,ref,q0.5,30,0.9666666666666667,0.0327730693416725,-0.10602461586767996,1.0488095587211668,4.43466631237591,4.569453649638653,2.5238625928067258,0.03333333333333333,0.0,0.0,2.2995135889073874,4.599027177814775,0.0,0.0,5.298940306681215,0.0,0.0,16.445561139028477,43.47001675041875,30.0,0.0
I|robit_1.0|uniform_grid|cal|s3,I,robit_1.0,uniform_grid,cal,s3,50,ref,q0.95,30,0.8333333333333334,0.06804138174397716,-0.02869279917208196,2.4732141093669315,8.196098291484661,8.075224709617146,4.962188850452113,0.03333333333333333,0.03333333333333333,0.032773069341672505,2.2995135889073874,4.599027177814775,0.2,0.07302967433402216,11.471823181670924,0.0,0.0,16.445561139028477,43.47001675041875,36.504586384524266,0.0
I|robit_1.0|uniform_grid|cal|s3,I,robit_1.0,uniform_grid,cal,s3,50,ref,q0.99,30,0.7,0.08366600265340757,-3.347382271636576,4.702586333943982,10.680419998777754,10.520799456894185,6.505481304742142,0.03333333333333333,0.03333333333333333,0.032773069341672505,2.2995135889073874,4.599027177814775,0.6,0.08944271909999159,36.33843231655059,0.0,0.0,16.445561139028477,43.47001675041875,42.55029017330671,0.1
I|tail_0.5|entropy_q0.95|cal|s3,I,tail_0.5,entropy_q0.95,cal,s3,20,particle,q0.5,30,0.9666666666666667,0.0327730693416725,0.5327145355197133,1.5766310115061615,7.508636186570592,7.971040284112183,,0.0,,,1.6788712680143396,3.3577425360286792,0.06666666666666667,0.04554200340426488,4.760724122079616,0.03333333333333333,0.0,26.482412060301506,37.43383584589615,30.0,0.03333333333333333
I|tail_0.5|entropy_q0.95|cal|s3,I,tail_0.5,entropy_q0.95,cal,s3,20,particle,q0.95,30,0.9666666666666667,0.0327730693416725,-0.7953691707238308,2.255292052175489,9.402412266370733,9.008444346871656,,0.0,,,1.6788712680143396,3.3577425360286792,0.36666666666666664,0.08798147953257401,14.292048983044445,0.03333333333333333,0.0,26.482412060301506,37.43383584589615,36.43456088085442,0.3333333333333333
I|tail_0.5|entropy_q0.95|cal|s3,I,tail_0.5,entropy_q0.95,cal,s3,20,particle,q0.99,30,0.9333333333333333,0.045542003404264876,-2.1629974084305745,3.5695925275607503,13.76414552044597,13.074919000308903,,0.0,,,1.6788712680143396,3.3577425360286792,0.6666666666666666,0.08606629658238704,27.458273613691365,0.03333333333333333,0.0,26.482412060301506,37.43383584589615,39.91904362212253,0.8333333333333334
I|tail_0.5|entropy_q0.95|cal|s3,I,tail_0.5,entropy_q0.95,cal,s3,30,particle,q0.5,30,1.0,0.0,0.29117475715248226,1.5584551743703878,6.528373505269763,6.50779462988652,,0.0,,,1.6788712680143396,3.3577425360286792,0.13333333333333333,0.06206328908341752,6.160716150688298,0.0,0.0,24.04824120603015,37.75276381909547,30.0,0.03333333333333333
I|tail_0.5|entropy_q0.95|cal|s3,I,tail_0.5,entropy_q0.95,cal,s3,30,particle,q0.95,30,0.9,0.054772255750516606,-0.7751717572669558,1.9396013133338323,7.099982870647751,7.192179712794616,,0.0,,,1.6788712680143396,3.3577425360286792,0.43333333333333335,0.09047201327032126,12.857537799057756,0.0,0.0,24.04824120603015,37.75276381909547,36.43456088085442,0.26666666666666666
I|tail_0.5|entropy_q0.95|cal|s3,I,tail_0.5,entropy_q0.95,cal,s3,30,particle,q0.99,30,0.9,0.054772255750516606,-2.053278806502734,3.1687944238757786,10.37966542549633,10.58674600330949,,0.0,,,1.6788712680143396,3.3577425360286792,0.6333333333333333,0.08798147953257401,24.292589635755267,0.0,0.0,24.04824120603015,37.75276381909547,39.91904362212253,0.8333333333333334
I|tail_0.5|entropy_q0.95|cal|s3,I,tail_0.5,entropy_q0.95,cal,s3,50,particle,q0.5,30,0.9666666666666667,0.0327730693416725,0.041046468599564415,1.0617869312324029,5.2993008449086965,4.997298073568814,2.5238625928067258,0.0,0.0,0.0,1.6788712680143396,3.3577425360286792,0.03333333333333333,0.032773069341672505,4.902257300276424,0.0,0.0,22.48643216080402,38.03417085427136,30.0,0.0
I|tail_0.5|entropy_q0.95|cal|s3,I,tail_0.5,entropy_q0.95,cal,s3,50,particle,q0.95,30,0.8666666666666667,0.06206328908341751,-0.7543977189754254,1.5132076082305765,5.223637422661804,5.196651948581813,4.962188850452113,0.4666666666666667,0.13333333333333333,0.06206328908341752,1.6788712680143396,3.3577425360286792,0.26666666666666666,0.08073734277593311,10.331405293185178,0.0,0.0,22.48643216080402,38.03417085427136,36.43456088085442,0.16666666666666666
I|tail_0.5|entropy_q0.95|cal|s3,I,tail_0.5,entropy_q0.95,cal,s3,50,particle,q0.99,30,0.8,0.07302967433402215,-1.9076290020863,2.7364499459897815,7.543540243039778,7.660371071386042,6.505481304742142,0.3333333333333333,0.2,0.07302967433402216,1.6788712680143396,3.3577425360286792,0.5,0.09128709291752768,20.989534954724707,0.0,0.0,22.48643216080402,38.03417085427136,39.91904362212253,0.8333333333333334
I|tail_0.5|entropy_q0.95|cal|s3,I,tail_0.5,entropy_q0.95,cal,s3,50,ref,q0.5,30,0.9666666666666667,0.0327730693416725,-0.1418489626833279,1.108377270271563,5.300173166814907,5.014500832043925,2.5238625928067258,0.0,0.0,0.0,1.6788712680143396,3.3577425360286792,0.06666666666666667,0.04554200340426488,5.860777078188859,0.0,0.0,22.48643216080402,38.03417085427136,30.0,0.0
I|tail_0.5|entropy_q0.95|cal|s3,I,tail_0.5,entropy_q0.95,cal,s3,50,ref,q0.95,30,0.8666666666666667,0.06206328908341751,-0.5868227677135333,1.468650960218939,5.205089882869358,5.241358391332287,4.962188850452113,0.4666666666666667,0.13333333333333333,0.06206328908341752,1.6788712680143396,3.3577425360286792,0.26666666666666666,0.08073734277593311,9.205822804464308,0.0,0.0,22.48643216080402,38.03417085427136,36.43456088085442,0.16666666666666666
I|tail_0.5|entropy_q0.95|cal|s3,I,tail_0.5,entropy_q0.95,cal,s3,50,ref,q0.99,30,0.8,0.07302967433402215,-1.5897052816226342,2.591080231298626,7.512157775396501,7.615868380240723,6.505481304742142,0.3333333333333333,0.2,0.07302967433402216,1.6788712680143396,3.3577425360286792,0.5,0.09128709291752768,18.499523627914353,0.0,0.0,22.48643216080402,38.03417085427136,39.91904362212253,0.8333333333333334
I|tail_0.5|entropy_vector|cal|s3,I,tail_0.5,entropy_vector,cal,s3,20,particle,q0.5,30,0.9333333333333333,0.045542003404264876,0.27012405356270247,1.0328612673442374,4.591952102475807,4.867973535375972,,0.0,,,1.6788712680143396,3.3577425360286792,0.0,0.0,3.519252361138396,0.03333333333333333,0.0,25.033165829145734,35.32328308207705,30.0,0.0
I|tail_0.5|entropy_vector|cal|s3,I,tail_0.5,entropy_vector,cal,s3,20,particle,q0.95,30,0.9666666666666667,0.0327730693416725,-1.4252512500103443,2.390791942073747,10.92473923569625,11.029059143026043,,0.0,,,1.6788712680143396,3.3577425360286792,0.4666666666666667,0.09108400680852977,16.820877768623102,0.03333333333333333,0.0,25.033165829145734,35.32328308207705,36.43456088085442,0.7666666666666667
I|tail_0.5|entropy_vector|cal|s3,I,tail_0.5,entropy_vector,cal,s3,20,particle,q0.99,30,0.9333333333333333,0.045542003404264876,-2.9445857078879794,3.874744057372025,14.679074347694431,14.656497338451457,,0.0,,,1.6788712680143396,3.3577425360286792,0.6333333333333333,0.08798147953257401,30.08252686292189,0.03333333333333333,0.0,25.033165829145734,35.32328308207705,39.91904362212253,1.0
I|tail_0.5|entropy_vector|cal|s3,I,tail_0.5,entropy_vector,cal,s3,30,particle,q0.5,30,0.9333333333333333,0.045542003404264876,0.25879823842583155,0.853541436594428,3.6657398592785193,3.795855256188819,,0.0,,,1.6788712680143396,3.3577425360286792,0.03333333333333333,0.032773069341672505,2.5236414623632935,0.0,0.0,24.72361809045226,35.60469011725293,30.0,0.0
I|tail_0.5|entropy_vector|cal|s3,I,tail_0.5,entropy_vector,cal,s3,30,particle,q0.95,30,0.9333333333333333,0.045542003404264876,-1.3395579452224218,2.0417055168997846,8.028588968176841,7.974202999653674,,0.0,,,1.6788712680143396,3.3577425360286792,0.43333333333333335,0.09047201327032126,14.933355258214176,0.0,0.0,24.72361809045226,35.60469011725293,36.43456088085442,0.7
I|tail_0.5|entropy_vector|cal|s3,I,tail_0.5,entropy_vector,cal,s3,30,particle,q0.99,30,0.9,0.054772255750516606,-2.824257028049874,3.4436966403439633,10.689823427325813,10.697565513636427,,0.0,,,1.6788712680143396,3.3577425360286792,0.7,0.08366600265340757,28.917078173314973,0.0,0.0,24.72361809045226,35.60469011725293,39.91904362212253,1.0
I|tail_0.5|entropy_vector|cal|s3,I,tail_0.5,entropy_vector,cal,s3,50,particle,q0.5,30,0.8666666666666667,0.06206328908341751,0.23280426585169658,0.784159055408635,2.7828899168791614,2.8172469366631727,2.5238625928067258,0.2,0.03333333333333333,0.032773069341672505,1.6788712680143396,3.3577425360286792,0.0,0.0,2.3357816791314994,0.0,0.0,24.587604690117256,35.65159128978224,30.0,0.0
I|tail_0.5|entropy_vector|cal|s3,I,tail_0.5,entropy_vector,cal,s3,50,particle,q0.95,30,0.8666666666666667,0.06206328908341751,-1.3391788628240893,1.920962474495654,5.597476176148849,5.551711799786464,4.962188850452113,0.26666666666666666,0.13333333333333333,0.06206328908341752,1.6788712680143396,3.3577425360286792,0.4,0.08944271909999159,14.798476810985791,0.0,0.0,24.587604690117256,35.65159128978224,36.43456088085442,0.7
I|tail_0.5|entropy_vector|cal|s3,I,tail_0.5,entropy_vector,cal,s3,50,particle,q0.99,30,0.8333333333333334,0.06804138174397716,-2.8126831092068962,3.2980348124823533,7.405208460273738,7.3052687600422885,6.505481304742142,0.26666666666666666,0.13333333333333333,0.06206328908341752,1.6788712680143396,3.3577425360286792,0.7666666666666667,0.07722022379508468,28.93831958423937,0.0,0.0,24.587604690117256,35.65159128978224,39.91904362212253,1.0
I|tail_0.5|entropy_vector|cal|s3,I,tail_0.5,entropy_vector,cal,s3,50,ref,q0.5,30,0.8666666666666667,0.06206328908341751,0.23270482631812506,0.7872961668340471,2.773528166121203,2.8232229788373697,2.5238625928067258,0.2,0.03333333333333333,0.032773069341672505,1.6788712680143396,3.3577425360286792,0.0,0.0,2.3578359337875017,0.0,0.0,24.587604690117256,35.65159128978224,30.0,0.0
I|tail_0.5|entropy_vector|cal|s3,I,tail_0.5,entropy_vector,cal,s3,50,ref,q0.95,30,0.8666666666666667,0.06206328908341751,-1.1298875830491772,1.8053513645650474,5.626329717761138,5.478692296957348,4.962188850452113,0.26666666666666666,0.13333333333333333,0.06206328908341752,1.6788712680143396,3.3577425360286792,0.3333333333333333,0.08606629658238704,13.080992469318334,0.0,0.0,24.587604690117256,35.65159128978224,36.43456088085442,0.7
I|tail_0.5|entropy_vector|cal|s3,I,tail_0.5,entropy_vector,cal,s3,50,ref,q0.99,30,0.8333333333333334,0.06804138174397716,-2.5129569960423757,3.0729340293204066,7.424325621276547,7.242437071056489,6.505481304742142,0.26666666666666666,0.13333333333333333,0.06206328908341752,1.6788712680143396,3.3577425360286792,0.7333333333333333,0.08073734277593311,26.215403058108123,0.0,0.0,24.587604690117256,35.65159128978224,39.91904362212253,1.0
I|tail_0.5|fixed_design|cal|s3,I,tail_0.5,fixed_design,cal,s3,20,particle,q0.5,30,0.9666666666666667,0.0327730693416725,0.15140870159977085,1.0757937200446894,5.851555778600334,5.655395259085985,,0.0,,,1.6788712680143396,3.3577425360286792,0.03333333333333333,0.032773069341672505,3.7393040897381096,0.0,0.0,26.39999999999999,33.60000000000001,30.0,0.0
I|tail_0.5|fixed_design|cal|s3,I,tail_0.5,fixed_design,cal,s3,20,particle,q0.95,30,1.0,0.0,-0.19666225120279085,2.022368641125186,17.95955974913911,17.728496108683153,,0.0,,,1.6788712680143396,3.3577425360286792,0.3333333333333333,0.08606629658238704,10.194456254632708,0.0,0.0,26.39999999999999,33.60000000000001,36.43456088085442,1.0
I|tail_0.5|fixed_design|cal|s3,I,tail_0.5,fixed_design,cal,s3,20,particle,q0.99,30,1.0,0.0,-1.155668378501768,2.9548179810878694,24.63811943505358,24.638229385604483,,0.0,,,1.6788712680143396,3.3577425360286792,0.5,0.09128709291752768,18.558194428498105,0.0,0.0,26.39999999999999,33.60000000000001,39.91904362212253,1.0
I|tail_0.5|fixed_design|cal|s3,I,tail_0.5,fixed_design,cal,s3,30,particle,q0.5,30,0.9666666666666667,0.0327730693416725,-0.036219679416306626,0.9013837799026339,4.090729276962193,3.917714135808465,,0.0,,,1.6788712680143396,3.3577425360286792,0.06666666666666667,0.04554200340426488,3.9866578463632956,0.0,0.0,26.39999999999999,33.60000000000001,30.0,0.0
I|tail_0.5|fixed_design|cal|s3,I,tail_0.5,fixed_design,cal,s3,30,particle,q0.95,30,1.0,0.0,-1.1220238936498366,1.8794871947500014,11.888203555203711,10.426440963957571,,0.0,,,1.6788712680143396,3.3577425360286792,0.43333333333333335,0.09047201327032126,13.660256933938566,0.0,0.0,26.39999999999999,33.60000000000001,36.43456088085442,1.0
I|tail_0.5|fixed_design|cal|s3,I,tail_0.5,fixed_design,cal,s3,30,particle,q0.99,30,0.9333333333333333,0.045542003404264876,-2.38857142491277,3.167355773418896,16.370185745543747,13.817406297384377,,0.0,,,1.6788712680143396,3.3577425360286792,0.6,0.08944271909999159,25.44225361725045,0.0,0.0,26.39999999999999,33.60000000000001,39.91904362212253,1.0
I|tail_0.5|fixed_design|cal|s3,I,tail_0.5,fixed_design,cal,s3,50,particle,q0.5,30,0.9,0.054772255750516606,0.02959140574474001,0.7213345083218039,3.0206208149863114,2.758255445057266,2.5238625928067258,0.36666666666666664,0.03333333333333333,0.032773069341672505,1.6788712680143396,3.3577425360286792,0.03333333333333333,0.032773069341672505,3.0603654527358626,0.0,0.0,26.39999999999999,33.60000000000001,30.0,0.0
I|tail_0.5|fixed_design|cal|s3,I,tail_0.5,fixed_design,cal,s3,50,particle,q0.95,30,0.9,0.054772255750516606,-0.9434914052367157,1.90292812608306,8.928531055788843,7.717832946324144,4.962188850452113,0.23333333333333334,0.1,0.05477225575051661,1.6788712680143396,3.3577425360286792,0.3,0.08366600265340755,12.76094774402196,0.0,0.0,26.39999999999999,33.60000000000001,36.43456088085442,1.0
I|tail_0.5|fixed_design|cal|s3,I,tail_0.5,fixed_design,cal,s3,50,particle,q0.99,30,0.8666666666666667,0.06206328908341751,-2.1639600201268516,3.1502148745353753,12.26758514372853,10.438091671607843,6.505481304742142,0.2,0.1,0.05477225575051661,1.6788712680143396,3.3577425360286792,0.6,0.08944271909999159,24.502493813033247,0.0,0.0,26.39999999999999,33.60000000000001,39.91904362212253,1.0
I|tail_0.5|fixed_design|cal|s3,I,tail_0.5,fixed_design,cal,s3,50,ref,q0.5,30,0.8666666666666667,0.06206328908341751,0.023352099267015328,0.7519317124338505,3.0284676467027114,2.8138391543249437,2.5238625928067258,0.3333333333333333,0.06666666666666667,0.04554200340426488,1.6788712680143396,3.3577425360286792,0.03333333333333333,0.032773069341672505,3.2223642356036724,0.0,0.0,26.39999999999999,33.60000000000001,30.0,0.0
I|tail_0.5|fixed_design|cal|s3,I,tail_0.5,fixed_design,cal,s3,50,ref,q0.95,30,0.9333333333333333,0.045542003404264876,-0.4121533588088449,2.0494770867101493,9.005095422600714,7.87968470105303,4.962188850452113,0.23333333333333334,0.06666666666666667,0.04554200340426488,1.6788712680143396,3.3577425360286792,0.26666666666666666,0.08073734277593311,10.659251269798922,0.0,0.0,26.39999999999999,33.60000000000001,36.43456088085442,1.0
I|tail_0.5|fixed_design|cal|s3,I,tail_0.5,fixed_design,cal,s3,50,ref,q0.99,30,0.8666666666666667,0.06206328908341751,-1.4111129558862487,3.137340122302741,12.387685078567435,10.651469181176523,6.505481304742142,0.2,0.1,0.05477225575051661,1.6788712680143396,3.3577425360286792,0.5333333333333333,0.09108400680852977,20.395493430799526,0.0,0.0,26.39999999999999,33.60000000000001,39.91904362212253,1.0
I|tail_0.5|uniform_grid|cal|s3,I,tail_0.5,uniform_grid,cal,s3,20,particle,q0.5,30,0.9333333333333333,0.045542003404264876,0.2347949297817279,1.7204433723374717,6.1770035764293345,5.943441480262976,,0.0,,,1.6788712680143396,3.3577425360286792,0.13333333333333333,0.06206328908341752,5.928978245116999,0.36666666666666664,0.0,17.186599664991626,42.41943048576215,30.0,0.0
I|tail_0.5|uniform_grid|cal|s3,I,tail_0.5,uniform_grid,cal,s3,20,particle,q0.95,30,0.9333333333333333,0.045542003404264876,-1.5529490933509151,3.1638574342933734,11.593710097915094,10.816269498931117,,0.0,,,1.6788712680143396,3.3577425360286792,0.5666666666666667,0.09047201327032126,21.669270211507186,0.36666666666666664,0.0,17.186599664991626,42.41943048576215,36.43456088085442,0.0
I|tail_0.5|uniform_grid|cal|s3,I,tail_0.5,uniform_grid,cal,s3,20,particle,q0.99,30,0.9333333333333333,0.045542003404264876,-3.1085365167287846,4.7366992401645405,15.178340990443148,13.992818097780352,,0.0,,,1.6788712680143396,3.3577425360286792,0.6666666666666666,0.08606629658238704,35.74736367749857,0.36666666666666664,0.0,17.186599664991626,42.41943048576215,39.91904362212253,0.06666666666666667
I|tail_0.5|uniform_grid|cal|s3,I,tail_0.5,uniform_grid,cal,s3,30,particle,q0.5,30,0.9,0.054772255750516606,0.158662277336438,1.5689169471807447,4.878919081491129,4.590076294103829,,0.0,,,1.6788712680143396,3.3577425360286792,0.06666666666666667,0.04554200340426488,5.8002497268191915,0.13333333333333333,0.0,17.036515912897823,42.94472361809046,30.0,0.0
I|tail_0.5|uniform_grid|cal|s3,I,tail_0.5,uniform_grid,cal,s3,30,particle,q0.95,30,0.9333333333333333,0.045542003404264876,-1.8196227681215964,3.2175978045569216,8.88140498003592,8.177959830407351,,0.0,,,1.6788712680143396,3.3577425360286792,0.6,0.08944271909999159,23.149340901576373,0.13333333333333333,0.0,17.036515912897823,42.94472361809046,36.43456088085442,0.0
I|tail_0.5|uniform_grid|cal|s3,I,tail_0.5,uniform_grid,cal,s3,30,particle,q0.99,30,0.8333333333333334,0.06804138174397716,-3.4594504968226243,4.865889926483194,12.10724795435337,10.76404654618206,,0.0,,,1.6788712680143396,3.3577425360286792,0.7333333333333333,0.08073734277593311,38.7466493424594,0.13333333333333333,0.0,17.036515912897823,42.94472361809046,39.91904362212253,0.03333333333333333
I|tail_0.5|uniform_grid|cal|s3,I,tail_0.5,uniform_grid,cal,s3,50,particle,q0.5,30,0.9,0.054772255750516606,0.07249996665800479,1.2335022278054664,3.861632810572372,3.75609428453218,2.5238625928067258,0.03333333333333333,0.0,0.0,1.6788712680143396,3.3577425360286792,0.1,0.05477225575051661,5.163513982984743,0.0,0.0,16.469011725293136,43.44187604690116,30.0,0.0
I|tail_0.5|uniform_grid|cal|s3,I,tail_0.5,uniform_grid,cal,s3,50,particle,q0.95,30,0.8,0.07302967433402215,-1.6458920936393124,2.7859797487472693,6.911758112345569,6.734762826215173,4.962188850452113,0.06666666666666667,0.06666666666666667,0.04554200340426488,1.6788712680143396,3.3577425360286792,0.5666666666666667,0.09047201327032126,19.96155091608247,0.0,0.0,16.469011725293136,43.44187604690116,36.43456088085442,0.0
I|tail_0.5|uniform_grid|cal|s3,I,tail_0.5,uniform_grid,cal,s3,50,particle,q0.99,30,0.7666666666666667,0.07722022379508468,-3.166666403983979,4.298600022279289,9.830628006274782,8.646823164550511,6.505481304742142,0.06666666666666667,0.06666666666666667,0.04554200340426488,1.6788712680143396,3.3577425360286792,0.7,0.08366600265340757,34.94634100143522,0.0,0.0,16.469011725293136,43.44187604690116,39.91904362212253,0.0
I|tail_0.5|uniform_grid|cal|s3,I,tail_0.5,uniform_grid,cal,s3,50,ref,q0.5,30,0.8666666666666667,0.06206328908341751,0.09005110126638034,1.2428877427818996,3.882799113283727,3.752303666483215,2.5238625928067258,0.03333333333333333,0.0,0.0,1.6788712680143396,3.3577425360286792,0.1,0.05477225575051661,5.113035631300604,0.0,0.0,16.469011725293136,43.44187604690116,30.0,0.0
I|tail_0.5|uniform_grid|cal|s3,I,tail_0.5,uniform_grid,cal,s3,50,ref,q0.95,30,0.8,0.07302967433402215,-1.3779073634679362,2.6643720441070577,6.958800619373036,6.911356264414643,4.962188850452113,0.06666666666666667,0.06666666666666667,0.04554200340426488,1.6788712680143396,3.3577425360286792,0.5333333333333333,0.09108400680852977,17.933131202582228,0.0,0.0,16.469011725293136,43.44187604690116,36.43456088085442,0.0
I|tail_0.5|uniform_grid|cal|s3,I,tail_0.5,uniform_grid,cal,s3,50,ref,q0.99,30,0.7666666666666667,0.07722022379508468,-2.8046319439450627,4.071169129010713,9.083569654305421,9.043302339984622,6.505481304742142,0.06666666666666667,0.06666666666666667,0.04554200340426488,1.6788712680143396,3.3577425360286792,0.6,0.08944271909999159,31.691666397912446,0.0,0.0,16.469011725293136,43.44187604690116,39.91904362212253,0.0
I|tail_1.0|entropy_q0.95|cal|s3,I,tail_1.0,entropy_q0.95,cal,s3,20,particle,q0.5,30,0.9666666666666667,0.0327730693416725,0.6396127179839405,1.744947051060428,8.102862379725762,8.298219141664754,,0.0,,,1.8825082281539385,3.765016456307877,0.06666666666666667,0.04554200340426488,5.063876940928757,0.0,0.0,26.585594639866,38.17018425460636,30.0,0.03333333333333333
I|tail_1.0|entropy_q0.95|cal|s3,I,tail_1.0,entropy_q0.95,cal,s3,20,particle,q0.95,30,0.9,0.054772255750516606,-1.448102077898318,3.1144794851449342,10.75076230574022,9.594141371262932,,0.0,,,1.8825082281539385,3.765016456307877,0.5333333333333333,0.09108400680852977,21.41611012047342,0.0,0.0,26.585594639866,38.17018425460636,37.93456088085442,0.6
I|tail_1.0|entropy_q0.95|cal|s3,I,tail_1.0,entropy_q0.95,cal,s3,20,particle,q0.99,30,0.8666666666666667,0.06206328908341751,-3.9403067154708022,5.430889128752871,15.708054041905541,14.283748970454862,,0.0,,,1.8825082281539385,3.765016456307877,0.7666666666666667,0.07722022379508468,44.552347406114144,0.0,0.0,26.585594639866,38.17018425460636,42.85904362212253,0.9333333333333333
I|tail_1.0|entropy_q0.95|cal|s3,I,tail_1.0,entropy_q0.95,cal,s3,30,particle,q0.5,30,0.9666666666666667,0.0327730693416725,0.3474019837757931,1.627304498617466,7.093306343795976,6.908788095212747,,0.0,,,1.8825082281539385,3.765016456307877,0.13333333333333333,0.06206328908341752,5.810985627938767,0.0,0.0,24.19832495812396,38.71892797319933,30.0,0.03333333333333333
I|tail_1.0|entropy_q0.95|cal|s3,I,tail_1.0,entropy_q0.95,cal,s3,30,particle,q0.95,30,0.7333333333333333,0.08073734277593311,-1.5129186475373497,2.7611297638815864,8.020427888674403,7.4985217408270515,,0.0,,,1.8825082281539385,3.765016456307877,0.5,0.09128709291752768,20.070737318027998,0.0,0.0,24.19832495812396,38.71892797319933,37.93456088085442,0.4666666666666667
I|tail_1.0|entropy_q0.95|cal|s3,I,tail_1.0,entropy_q0.95,cal,s3,30,particle,q0.99,30,0.7333333333333333,0.08073734277593311,-3.934401571382583,5.050193091020495,11.667781689539755,11.009974452210312,,0.0,,,1.8825082281539385,3.765016456307877,0.7333333333333333,0.08073734277593311,42.38319280048831,0.0,0.0,24.19832495812396,38.71892797319933,42.85904362212253,0.8666666666666667
I|tail_1.0|entropy_q0.95|cal|s3,I,tail_1.0,entropy_q0.95,cal,s3,50,particle,q0.5,30,0.9333333333333333,0.045542003404264876,0.14603720019055141,1.3260238811810479,5.814450620666657,5.583601679712459,2.5238625928067258,0.0,0.0,0.0,1.8825082281539385,3.765016456307877,0.06666666666666667,0.04554200340426488,5.522672841072777,0.0,0.0,22.003350083752096,39.12696817420435,30.0,0.0
I|tail_1.0|entropy_q0.95|cal|s3,I,tail_1.0,entropy_q0.95,cal,s3,50,particle,q0.95,30,0.8,0.07302967433402215,-1.3910529771172513,2.3830011594474234,5.918493458593511,5.631731547922616,4.962188850452113,0.36666666666666664,0.2,0.07302967433402216,1.8825082281539385,3.765016456307877,0.5,0.09128709291752768,17.41509608261126,0.0,0.0,22.003350083752096,39.12696817420435,37.93456088085442,0.36666666666666664
I|tail_1.0|entropy_q0.95|cal|s3,I,tail_1.0,entropy_q0.95,cal,s3,50,particle,q0.99,30,0.6333333333333333,0.08798147953257401,-3.6681972549129633,4.620228655500452,8.550376945556478,8.087410929635197,6.505481304742142,0.26666666666666666,0.26666666666666666,0.08073734277593311,1.8825082281539385,3.765016456307877,0.7333333333333333,0.08073734277593311,38.404550675158944,0.0,0.0,22.003350083752096,39.12696817420435,42.85904362212253,0.8666666666666667
I|tail_1.0|entropy_q0.95|cal|s3,I,tail_1.0,entropy_q0.95,cal,s3,50,ref,q0.5,30,0.9333333333333333,0.045542003404264876,-0.05281517481367277,1.363632629377176,5.822112505741627,5.568721605775211,2.5238625928067258,0.0,0.0,0.0,1.8825082281539385,3.765016456307877,0.1,0.05477225575051661,6.48769575608486,0.0,0.0,22.003350083752096,39.12696817420435,30.0,0.0
I|tail_1.0|entropy_q0.95|cal|s3,I,tail_1.0,entropy_q0.95,cal,s3,50,ref,q0.95,30,0.8,0.07302967433402215,-1.1926225478609376,2.3274472068346737,5.919943641213954,5.617205669399333,4.962188850452113,0.36666666666666664,0.2,0.07302967433402216,1.8825082281539385,3.765016456307877,0.5,0.09128709291752768,16.397510583781177,0.0,0.0,22.003350083752096,39.12696817420435,37.93456088085442,0.36666666666666664
I|tail_1.0|entropy_q0.95|cal|s3,I,tail_1.0,entropy_q0.95,cal,s3,50,ref,q0.99,30,0.6,0.08944271909999159,-3.301909243665034,4.420335284773066,8.548760609195783,8.071708298753315,6.505481304742142,0.23333333333333334,0.23333333333333334,0.07722022379508468,1.8825082281539385,3.765016456307877,0.7,0.08366600265340757,35.48577453829777,0.0,0.0,22.003350083752096,39.12696817420435,42.85904362212253,0.8666666666666667
I|tail_1.0|entropy_vector|cal|s3,I,tail_1.0,entropy_vector,cal,s3,20,particle,q0.5,30,0.9333333333333333,0.045542003404264876,0.27012405356270247,1.0328612673442374,4.591952102475807,4.867973535375972,,0.0,,,1.8825082281539385,3.765016456307877,0.0,0.0,3.519252361138396,0.03333333333333333,0.0,25.033165829145734,35.32328308207705,30.0,0.0
I|tail_1.0|entropy_vector|cal|s3,I,tail_1.0,entropy_vector,cal,s3,20,particle,q0.95,30,0.8333333333333334,0.06804138174397716,-2.925251250010344,3.4988054904946906,10.92473923569625,11.029059143026043,,0.0,,,1.8825082281539385,3.765016456307877,0.6666666666666666,0.08606629658238704,29.25251250010344,0.03333333333333333,0.0,25.033165829145734,35.32328308207705,37.93456088085442,0.9333333333333333
I|tail_1.0|entropy_vector|cal|s3,I,tail_1.0,entropy_vector,cal,s3,20,particle,q0.99,30,0.7666666666666667,0.07722022379508468,-5.884585707887977,6.400890990520078,14.679074347694431,14.656497338451457,,0.0,,,1.8825082281539385,3.765016456307877,0.9666666666666667,0.0327730693416725,58.84585707887978,0.03333333333333333,0.0,25.033165829145734,35.32328308207705,42.85904362212253,1.0
I|tail_1.0|entropy_vector|cal|s3,I,tail_1.0,entropy_vector,cal,s3,30,particle,q0.5,30,0.9333333333333333,0.045542003404264876,0.25879823842583155,0.853541436594428,3.6657398592785193,3.795855256188819,,0.0,,,1.8825082281539385,3.765016456307877,0.0,0.0,2.5236414623632935,0.0,0.0,24.72361809045226,35.60469011725293,30.0,0.0
I|tail_1.0|entropy_vector|cal|s3,I,tail_1.0,entropy_vector,cal,s3,30,particle,q0.95,30,0.8666666666666667,0.06206328908341751,-2.839557945222422,3.2306710221572055,8.028588968176841,7.974202999653674,,0.0,,,1.8825082281539385,3.765016456307877,0.7333333333333333,0.08073734277593311,28.497938390052635,0.0,0.0,24.72361809045226,35.60469011725293,37.93456088085442,0.9333333333333333
I|tail_1.0|entropy_vector|cal|s3,I,tail_1.0,entropy_vector,cal,s3,30,particle,q0.99,30,0.7333333333333333,0.08073734277593311,-5.7642570280498715,6.091738493701903,10.689823427325813,10.697565513636427,,0.0,,,1.8825082281539385,3.765016456307877,0.9666666666666667,0.0327730693416725,57.64257028049872,0.0,0.0,24.72361809045226,35.60469011725293,42.85904362212253,1.0
I|tail_1.0|entropy_vector|cal|s3,I,tail_1.0,entropy_vector,cal,s3,50,particle,q0.5,30,0.8666666666666667,0.06206328908341751,0.24207886553816493,0.79189734157035,2.789261474594905,2.821278095959835,2.5238625928067258,0.2,0.03333333333333333,0.032773069341672505,1.8825082281539385,3.765016456307877,0.0,0.0,2.345056278817968,0.0,0.0,24.587604690117256,35.65159128978224,30.0,0.0
I|tail_1.0|entropy_vector|cal|s3,I,tail_1.0,entropy_vector,cal,s3,50,particle,q0.95,30,0.6666666666666666,0.08606629658238704,-2.8117301078972767,3.1348033469296883,5.6308858373639445,5.614640934429769,4.962188850452113,0.26666666666666666,0.23333333333333334,0.07722022379508468,1.8825082281539385,3.765016456307877,0.7666666666666667,0.07722022379508468,28.296963391001743,0.0,0.0,24.587604690117256,35.65159128978224,37.93456088085442,0.9333333333333333
I|tail_1.0|entropy_vector|cal|s3,I,tail_1.0,entropy_vector,cal,s3,50,particle,q0.99,30,0.4,0.08944271909999159,-5.717426436438009,5.973879746636481,7.451647909678964,7.363954255466485,6.505481304742142,0.26666666666666666,0.26666666666666666,0.08073734277593311,1.8825082281539385,3.765016456307877,0.9666666666666667,0.0327730693416725,57.17426436438009,0.0,0.0,24.587604690117256,35.65159128978224,42.85904362212253,1.0
I|tail_1.0|entropy_vector|cal|s3,I,tail_1.0,entropy_vector,cal,s3,50,ref,q0.5,30,0.8666666666666667,0.06206328908341751,0.2418161469562506,0.7948781647220569,2.7815047780701865,2.8327799735818466,2.5238625928067258,0.2,0.03333333333333333,0.032773069341672505,1.8825082281539385,3.765016456307877,0.0,0.0,2.3669472544256274,0.0,0.0,24.587604690117256,35.65159128978224,30.0,0.0
I|tail_1.0|entropy_vector|cal|s3,I,tail_1.0,entropy_vector,cal,s3,50,ref,q0.95,30,0.6666666666666666,0.08606629658238704,-2.5997711476690375,2.961493544370807,5.662762553075144,5.579403054597641,4.962188850452113,0.26666666666666666,0.23333333333333334,0.07722022379508468,1.8825082281539385,3.765016456307877,0.6666666666666666,0.08606629658238704,26.364567150357054,0.0,0.0,24.587604690117256,35.65159128978224,37.93456088085442,0.9333333333333333
I|tail_1.0|entropy_vector|cal|s3,I,tail_1.0,entropy_vector,cal,s3,50,ref,q0.99,30,0.4,0.08944271909999159,-5.414137740775053,5.699136524390567,7.4746160864923645,7.311249794782771,6.505481304742142,0.26666666666666666,0.26666666666666666,0.08073734277593311,1.8825082281539385,3.765016456307877,0.9333333333333333,0.045542003404264876,54.14137740775054,0.0,0.0,24.587604690117256,35.65159128978224,42.85904362212253,1.0
I|tail_1.0|fixed_design|cal|s3,I,tail_1.0,fixed_design,cal,s3,20,particle,q0.5,30,0.9666666666666667,0.0327730693416725,0.1787932429245353,1.1038318426361595,5.90608451139826,5.655395259085985,,0.0,,,1.8825082281539385,3.765016456307877,0.03333333333333333,0.032773069341672505,3.7666886310628738,0.0,0.0,26.39999999999999,33.60000000000001,30.0,0.0
I|tail_1.0|fixed_design|cal|s3,I,tail_1.0,fixed_design,cal,s3,20,particle,q0.95,30,1.0,0.0,-1.5848258012230685,2.734172194367545,18.193327630952805,17.728496108683153,,0.0,,,1.8825082281539385,3.765016456307877,0.5333333333333333,0.09108400680852977,19.671337183730472,0.0,0.0,26.39999999999999,33.60000000000001,37.93456088085442,1.0
I|tail_1.0|fixed_design|cal|s3,I,tail_1.0,fixed_design,cal,s3,20,particle,q0.99,30,0.9666666666666667,0.0327730693416725,-3.949296032460699,4.956608986684968,24.939377711404937,24.638229385604483,,0.0,,,1.8825082281539385,3.765016456307877,0.8333333333333334,0.06804138174397716,42.0454533209776,0.0,0.0,26.39999999999999,33.60000000000001,42.85904362212253,1.0
I|tail_1.0|fixed_design|cal|s3,I,tail_1.0,fixed_design,cal,s3,30,particle,q0.5,30,0.9666666666666667,0.0327730693416725,-0.02365412852889565,0.8999678965452758,4.134850740396648,3.917714135808465,,0.0,,,1.8825082281539385,3.765016456307877,0.03333333333333333,0.032773069341672505,3.8929006210928976,0.0,0.0,26.39999999999999,33.60000000000001,30.0,0.0
I|tail_1.0|fixed_design|cal|s3,I,tail_1.0,fixed_design,cal,s3,30,particle,q0.95,30,0.9,0.054772255750516606,-2.5450867977143745,3.006231222082864,12.151768709605962,10.426440963957571,,0.0,,,1.8825082281539385,3.765016456307877,0.6666666666666666,0.08606629658238704,26.03410176148375,0.0,0.0,26.39999999999999,33.60000000000001,37.93456088085442,1.0
I|tail_1.0|fixed_design|cal|s3,I,tail_1.0,fixed_design,cal,s3,30,particle,q0.99,30,0.8333333333333334,0.06804138174397716,-5.224090287011749,5.671791579462997,16.736319810419186,13.817406297384377,,0.0,,,1.8825082281539385,3.765016456307877,0.9,0.054772255750516606,52.24090287011746,0.0,0.0,26.39999999999999,33.60000000000001,42.85904362212253,1.0
I|tail_1.0|fixed_design|cal|s3,I,tail_1.0,fixed_design,cal,s3,50,particle,q0.5,30,0.9,0.054772255750516606,0.04504156958429171,0.7310468023380019,3.0445580175809956,2.959078795117291,2.5238625928067258,0.36666666666666664,0.03333333333333333,0.032773069341672505,1.8825082281539385,3.765016456307877,0.0,0.0,3.028045431581897,0.0,0.0,26.39999999999999,33.60000000000001,30.0,0.0
I|tail_1.0|fixed_design|cal|s3,I,tail_1.0,fixed_design,cal,s3,50,particle,q0.95,30,0.8,0.07302967433402215,-2.3827012103902243,2.886746146175819,9.056431107751724,8.31443367714171,4.962188850452113,0.2,0.2,0.07302967433402216,1.8825082281539385,3.765016456307877,0.6666666666666666,0.08606629658238704,25.014000967170514,0.0,0.0,26.39999999999999,33.60000000000001,37.93456088085442,1.0
I|tail_1.0|fixed_design|cal|s3,I,tail_1.0,fixed_design,cal,s3,50,particle,q0.99,30,0.6333333333333333,0.08798147953257401,-5.0234305005620135,5.506002354690338,12.45007169264225,11.522289907022664,6.505481304742142,0.16666666666666666,0.16666666666666666,0.06804138174397717,1.8825082281539385,3.765016456307877,0.9666666666666667,0.0327730693416725,51.25311255010179,0.0,0.0,26.39999999999999,33.60000000000001,42.85904362212253,1.0
I|tail_1.0|fixed_design|cal|s3,I,tail_1.0,fixed_design,cal,s3,50,ref,q0.5,30,0.8666666666666667,0.06206328908341751,0.04021977599223613,0.7616268849554929,3.053225268704729,2.946059264299567,2.5238625928067258,0.3333333333333333,0.06666666666666667,0.04554200340426488,1.8825082281539385,3.765016456307877,0.0,0.0,3.1758281522903773,0.0,0.0,26.39999999999999,33.60000000000001,30.0,0.0
I|tail_1.0|fixed_design|cal|s3,I,tail_1.0,fixed_design,cal,s3,50,ref,q0.95,30,0.8,0.07302967433402215,-1.8376207732966123,2.69879864838907,9.122652674242714,8.274344375308509,4.962188850452113,0.2,0.2,0.07302967433402216,1.8825082281539385,3.765016456307877,0.5333333333333333,0.09108400680852977,20.904723120440472,0.0,0.0,26.39999999999999,33.60000000000001,37.93456088085442,1.0
I|tail_1.0|fixed_design|cal|s3,I,tail_1.0,fixed_design,cal,s3,50,ref,q0.99,30,0.6,0.08944271909999159,-4.252688698219501,5.068051465714939,12.54947469297454,11.466905137048801,6.505481304742142,0.16666666666666666,0.16666666666666666,0.06804138174397717,1.8825082281539385,3.765016456307877,0.8333333333333334,0.06804138174397716,44.55333785681349,0.0,0.0,26.39999999999999,33.60000000000001,42.85904362212253,1.0
I|tail_1.0|uniform_grid|cal|s3,I,tail_1.0,uniform_grid,cal,s3,20,particle,q0.5,30,0.9333333333333333,0.045542003404264876,0.5055050040072697,1.7944587236610126,6.503099163428713,6.324405084899146,,0.0,,,1.8825082281539385,3.765016456307877,0.1,0.05477225575051661,4.763218598182503,0.3333333333333333,0.0,17.21005025125628,42.41943048576215,30.0,0.0
I|tail_1.0|uniform_grid|cal|s3,I,tail_1.0,uniform_grid,cal,s3,20,particle,q0.95,30,0.9,0.054772255750516606,-2.1815656439087747,4.01663444895663,12.49958687176422,11.243242816807648,,0.0,,,1.8825082281539385,3.765016456307877,0.6,0.08944271909999159,28.627233974472915,0.3333333333333333,0.0,17.21005025125628,42.41943048576215,37.93456088085442,0.0
I|tail_1.0|uniform_grid|cal|s3,I,tail_1.0,uniform_grid,cal,s3,20,particle,q0.99,30,0.7666666666666667,0.07722022379508468,-4.929779104886351,6.618461654786237,16.464320749255894,14.643491302472256,,0.0,,,1.8825082281539385,3.765016456307877,0.8333333333333334,0.06804138174397716,55.33203673268726,0.3333333333333333,0.0,17.21005025125628,42.41943048576215,42.85904362212253,0.5333333333333333
I|tail_1.0|uniform_grid|cal|s3,I,tail_1.0,uniform_grid,cal,s3,30,particle,q0.5,30,0.9333333333333333,0.045542003404264876,0.24335196834894077,1.5400530124873522,5.158547937828607,4.955320990213801,,0.0,,,1.8825082281539385,3.765016456307877,0.06666666666666667,0.04554200340426488,5.132796760549595,0.13333333333333333,0.0,17.078726968174205,42.94472361809046,30.0,0.0
I|tail_1.0|uniform_grid|cal|s3,I,tail_1.0,uniform_grid,cal,s3,30,particle,q0.95,30,0.7666666666666667,0.07722022379508468,-2.645262267772309,4.323163476809612,9.713555014314245,8.794230598851712,,0.0,,,1.8825082281539385,3.765016456307877,0.7,0.08366600265340757,32.77658251240277,0.13333333333333333,0.0,17.078726968174205,42.94472361809046,37.93456088085442,0.0
I|tail_1.0|uniform_grid|cal|s3,I,tail_1.0,uniform_grid,cal,s3,30,particle,q0.99,30,0.5666666666666667,0.09047201327032126,-5.479720000193641,7.0827112782578965,13.273413663181051,11.506594736726052,,0.0,,,1.8825082281539385,3.765016456307877,0.8,0.07302967433402215,59.70572303020322,0.13333333333333333,0.0,17.078726968174205,42.94472361809046,42.85904362212253,0.36666666666666664
I|tail_1.0|uniform_grid|cal|s3,I,tail_1.0,uniform_grid,cal,s3,50,particle,q0.5,30,0.9333333333333333,0.045542003404264876,0.13252441195438253,1.2050421119947496,4.036990230439184,3.896061056372867,2.5238625928067258,0.03333333333333333,0.0,0.0,1.8825082281539385,3.765016456307877,0.06666666666666667,0.04554200340426488,4.945636318661276,0.0,0.0,16.445561139028477,43.38559463986599,30.0,0.0
I|tail_1.0|uniform_grid|cal|s3,I,tail_1.0,uniform_grid,cal,s3,50,particle,q0.95,30,0.6333333333333333,0.08798147953257401,-2.497462462121168,3.8098171685796567,7.371729397293233,7.254931183018266,4.962188850452113,0.06666666666666667,0.06666666666666667,0.04554200340426488,1.8825082281539385,3.765016456307877,0.6666666666666666,0.08606629658238704,29.628676808272623,0.0,0.0,16.445561139028477,43.38559463986599,37.93456088085442,0.0
I|tail_1.0|uniform_grid|cal|s3,I,tail_1.0,uniform_grid,cal,s3,50,particle,q0.99,30,0.5,0.09128709291752768,-5.219718152488896,6.4613431377364225,9.686442713933696,9.417759733416272,6.505481304742142,0.06666666666666667,0.06666666666666667,0.04554200340426488,1.8825082281539385,3.765016456307877,0.8333333333333334,0.06804138174397716,55.13012262989911,0.0,0.0,16.445561139028477,43.38559463986599,42.85904362212253,0.23333333333333334
I|tail_1.0|uniform_grid|cal|s3,I,tail_1.0,uniform_grid,cal,s3,50,ref,q0.5,30,0.9,0.054772255750516606,0.12627075163337612,1.191655880599073,4.0459007364717445,3.912243218270387,2.5238625928067258,0.03333333333333333,0.0,0.0,1.8825082281539385,3.765016456307877,0.06666666666666667,0.04554200340426488,4.92372173285112,0.0,0.0,16.445561139028477,43.38559463986599,30.0,0.0
I|tail_1.0|uniform_grid|cal|s3,I,tail_1.0,uniform_grid,cal,s3,50,ref,q0.95,30,0.6333333333333333,0.08798147953257401,-2.2305040695265173,3.6796469573254837,7.443679402038246,7.217485628449996,4.962188850452113,0.06666666666666667,0.06666666666666667,0.04554200340426488,1.8825082281539385,3.765016456307877,0.5666666666666667,0.09047201327032126,27.868935505954976,0.0,0.0,16.445561139028477,43.38559463986599,37.93456088085442,0.0
I|tail_1.0|uniform_grid|cal|s3,I,tail_1.0,uniform_grid,cal,s3,50,ref,q0.99,30,0.5,0.09128709291752768,-4.844003602992586,6.214090968158465,9.768878123584308,9.352491333499376,6.505481304742142,0.06666666666666667,0.06666666666666667,0.04554200340426488,1.8825082281539385,3.765016456307877,0.7666666666666667,0.07722022379508468,52.359851155524254,0.0,0.0,16.445561139028477,43.38559463986599,42.85904362212253,0.23333333333333334
